sdf,area,t,u,u__x,u__t,u__x__x,u__t__t,wave_equation,true_wave_equation,pred_wave_equation,lambda_wave_equation,Points_0,Points_1,Points_2
0.24653757,0.000997331,1.8833317,0.15715909,-0.6240211,-0.30682284,-0.15552539,-0.1561298,-0.0006044209,0.0,-0.0006044209,1.0,2.895055,0.0,0.0
0.47121662,0.000997331,1.8743678,0.2972414,0.58357817,-0.56874907,-0.29780677,-0.29769793,0.00010883808,0.0,0.00010883808,1.0,0.47121662,0.0,0.0
0.6703162,0.000997331,6.097487,0.49588728,-0.623714,0.72748995,-0.48669755,-0.48754972,-0.0008521676,0.0,-0.0008521676,1.0,2.4712765,0.0,0.0
0.6956786,0.000997331,2.653942,-0.26594973,-0.3182446,-0.8659203,0.26479843,0.26486063,6.219745e-05,0.0,6.219745e-05,1.0,0.6956786,0.0,0.0
1.0653256,0.000997331,0.3951732,1.1443709,0.6331949,0.47047174,-1.1438448,-1.1437807,6.41346e-05,0.0,6.41346e-05,1.0,1.0653256,0.0,0.0
0.37751037,0.000997331,1.4776803,0.40127927,-1.012577,-0.3332728,-0.40069008,-0.4002931,0.00039696693,0.0,0.00039696693,1.0,2.7640822,0.0,0.0
0.53049064,0.000997331,4.733364,-0.4950513,0.844769,0.5173498,0.4918618,0.49189705,3.5256147e-05,0.0,3.5256147e-05,1.0,2.611102,0.0,0.0
0.8775906,0.000997331,1.9916842,0.38776064,-0.3227771,-1.0167462,-0.3866303,-0.38656414,6.6161156e-05,0.0,6.6161156e-05,1.0,2.264002,0.0,0.0
0.89394176,0.000997331,6.2356467,0.7416519,-0.5951872,0.8174794,-0.73211056,-0.73195267,0.0001578927,0.0,0.0001578927,1.0,2.2476509,0.0,0.0
0.80667406,0.000997331,0.949103,1.0073752,0.96553785,-0.16667469,-1.0069263,-1.0074707,-0.0005444288,0.0,-0.0005444288,1.0,0.80667406,0.0,0.0
0.3863591,0.000997331,1.2673382,0.47192946,1.1608095,-0.24745372,-0.4698297,-0.4702472,-0.00041750073,0.0,-0.00041750073,1.0,0.3863591,0.0,0.0
1.2210479,0.000997331,3.1485176,-0.9462341,-0.34555942,-0.932958,0.94759756,0.9478616,0.00026404858,0.0,0.00026404858,1.0,1.2210479,0.0,0.0
0.3937497,0.000997331,2.9270415,-0.2932443,-0.70506144,-0.45631188,0.29259288,0.29247904,-0.00011384487,0.0,-0.00011384487,1.0,0.3937497,0.0,0.0
0.24756251,0.000997331,0.8371438,0.3462326,-1.3695456,-0.01808503,-0.3481244,-0.34676763,0.0013567805,0.0,0.0013567805,1.0,2.89403,0.0,0.0
1.3765023,0.000997331,1.086581,1.3251458,-0.26063234,-0.4115493,-1.3234712,-1.3235897,-0.000118494034,0.0,-0.000118494034,1.0,1.7650903,0.0,0.0
0.97367805,0.000997331,0.41085073,1.0884593,0.739878,0.4277046,-1.0882645,-1.0882869,-2.2411346e-05,0.0,-2.2411346e-05,1.0,0.97367805,0.0,0.0
0.29631183,0.000997331,6.117663,0.23985997,0.7829255,0.3387454,-0.2392809,-0.23908488,0.00019600987,0.0,0.00019600987,1.0,0.29631183,0.0,0.0
0.004956965,0.000997331,5.2547884,-0.001765145,-0.33846593,0.0059542665,0.0037647374,0.0037735486,8.811243e-06,0.0,8.811243e-06,1.0,0.004956965,0.0,0.0
0.4093038,0.000997331,5.2892733,-0.1165459,0.26790103,0.54937696,0.11707569,0.11660349,-0.00047219545,0.0,-0.00047219545,1.0,2.7322888,0.0,0.0
0.2915042,0.000997331,2.0884933,0.10755234,-0.35755762,-0.39139506,-0.10696777,-0.10688444,8.332729e-05,0.0,8.332729e-05,1.0,2.8500884,0.0,0.0
0.51739943,0.000997331,5.4176064,-0.05577226,-0.09806045,0.69524825,0.052207198,0.051912177,-0.00029502064,0.0,-0.00029502064,1.0,0.51739943,0.0,0.0
0.5860001,0.000997331,2.1590757,0.15288883,0.23030898,-0.76676315,-0.15200426,-0.15218239,-0.00017812848,0.0,-0.00017812848,1.0,0.5860001,0.0,0.0
0.82631487,0.000997331,1.9254516,0.43423638,-0.40071377,-0.945518,-0.43279606,-0.43286344,-6.738305e-05,0.0,-6.738305e-05,1.0,2.3152778,0.0,0.0
1.2728301,0.000997331,4.6861176,-0.9809045,-0.30228305,0.9298924,0.98100257,0.9810978,9.524822e-05,0.0,9.524822e-05,1.0,1.2728301,0.0,0.0
1.0606226,0.000997331,2.3855333,-0.036359802,0.020551264,-1.2341783,0.036874104,0.03705313,0.00017902628,0.0,0.00017902628,1.0,2.08097,0.0,0.0
1.1242886,0.000997331,3.3805873,-1.0898772,0.52161366,-0.6625844,1.0875562,1.0875568,5.9604645e-07,0.0,5.9604645e-07,1.0,2.0173042,0.0,0.0
1.2298459,0.000997331,5.770208,0.35893443,-0.12806633,1.2837417,-0.36102214,-0.3606854,0.00033673644,0.0,0.00033673644,1.0,1.9117467,0.0,0.0
1.1269181,0.000997331,3.456329,-1.138538,-0.5410318,-0.5789707,1.1392615,1.1394906,0.00022912025,0.0,0.00022912025,1.0,1.1269181,0.0,0.0
0.017310975,0.000997331,2.6400154,-0.0067321565,0.39514172,-0.024140343,0.0060036443,0.00589416,-0.00010948442,0.0,-0.00010948442,1.0,3.1242816,0.0,0.0
0.6771507,0.000997331,1.5085685,0.6640741,0.8266821,-0.58666503,-0.66406775,-0.66414964,-8.189678e-05,0.0,-8.189678e-05,1.0,0.6771507,0.0,0.0
1.4450037,0.000997331,3.5623062,-1.3107147,0.16585018,-0.49972683,1.3087451,1.3088927,0.0001475811,0.0,0.0001475811,1.0,1.6965889,0.0,0.0
0.90453917,0.000997331,0.53977513,1.0784311,-0.84805954,0.27054417,-1.0777181,-1.0778775,-0.00015938282,0.0,-0.00015938282,1.0,2.2370534,0.0,0.0
0.27297094,0.000997331,3.2263033,-0.29153663,-1.0405736,-0.2457347,0.29064417,0.29052144,-0.00012272596,0.0,-0.00012272596,1.0,0.27297094,0.0,0.0
0.6148951,0.000997331,4.978319,-0.40472814,0.5738651,0.7082514,0.400845,0.40076905,-7.593632e-05,0.0,-7.593632e-05,1.0,2.5266976,0.0,0.0
0.546063,0.000997331,2.404184,-0.03543146,-0.058097724,-0.73323154,0.036211908,0.036020733,-0.00019117445,0.0,-0.00019117445,1.0,0.546063,0.0,0.0
0.2702188,0.000997331,2.9179287,-0.20094578,0.7252513,-0.32044014,0.19878487,0.1983026,-0.00048227608,0.0,-0.00048227608,1.0,2.871374,0.0,0.0
0.26134738,0.000997331,5.2842064,-0.07713293,-0.2882452,0.35530528,0.07275366,0.07308453,0.00033087283,0.0,0.00033087283,1.0,0.26134738,0.0,0.0
0.38620007,0.000997331,4.4548206,-0.46018144,-1.1316593,0.26965338,0.46215948,0.46205875,-0.00010073185,0.0,-0.00010073185,1.0,0.38620007,0.0,0.0
0.5877203,0.000997331,5.840784,0.2631508,0.39697456,0.73704803,-0.2566508,-0.25653678,0.000114023685,0.0,0.000114023685,1.0,0.5877203,0.0,0.0
0.72912425,0.000997331,5.1826024,-0.29187888,0.32709843,0.8954387,0.289173,0.28909642,-7.659197e-05,0.0,-7.659197e-05,1.0,2.4124684,0.0,0.0
0.81755555,0.000997331,6.0114794,0.50660723,0.47762513,0.8977705,-0.50249267,-0.5023951,9.75728e-05,0.0,9.75728e-05,1.0,0.81755555,0.0,0.0
1.093932,0.000997331,5.5023303,0.005924154,-0.0031592343,1.2567167,-0.008775108,-0.008829896,-5.4788776e-05,0.0,-5.4788776e-05,1.0,2.0476606,0.0,0.0
1.2220179,0.000997331,0.0985705,1.0278118,0.37377435,0.8426206,-1.0284289,-1.0294181,-0.0009891987,0.0,-0.0009891987,1.0,1.2220179,0.0,0.0
0.31749266,0.000997331,0.9420462,0.436258,-1.3274773,-0.06894766,-0.43793178,-0.43704805,0.00088372827,0.0,0.00088372827,1.0,2.8241,0.0,0.0
1.2289919,0.000997331,2.9949298,-0.79462624,-0.28338203,-1.0699849,0.7955164,0.7955714,5.5015087e-05,0.0,5.5015087e-05,1.0,1.2289919,0.0,0.0
0.8374966,0.000997331,2.340353,0.016408922,0.01514609,-1.049902,-0.015501443,-0.015847206,-0.00034576282,0.0,-0.00034576282,1.0,0.8374966,0.0,0.0
0.23417369,0.000997331,3.1500876,-0.23415783,0.9804241,-0.23134372,0.23430237,0.23370747,-0.00059489906,0.0,-0.00059489906,1.0,2.907419,0.0,0.0
0.0110444445,0.000997331,5.9136868,0.0077434834,-0.56885964,0.016230702,-0.02092455,-0.02171753,-0.0007929802,0.0,-0.0007929802,1.0,3.1305482,0.0,0.0
0.3027792,0.000997331,0.4064542,0.391777,1.2541904,0.15593925,-0.3903412,-0.3909022,-0.0005609989,0.0,-0.0005609989,1.0,0.3027792,0.0,0.0
1.0091586,0.000997331,3.9811895,-1.1955576,0.75090855,0.0644199,1.1961614,1.1964378,0.00027644634,0.0,0.00027644634,1.0,2.1324341,0.0,0.0
0.94080585,0.000997331,4.468114,-0.9798438,0.71453345,0.589083,0.98064566,0.9805386,-0.00010704994,0.0,-0.00010704994,1.0,2.2007868,0.0,0.0
0.17681062,0.000997331,5.9070826,0.09986462,-0.55037975,0.2316794,-0.09926614,-0.099212505,5.363673e-05,0.0,5.363673e-05,1.0,2.964782,0.0,0.0
1.4298588,0.000997331,5.7686944,0.3751407,-0.053526167,1.3500743,-0.376716,-0.37659702,0.00011897087,0.0,0.00011897087,1.0,1.7117339,0.0,0.0
0.2313387,0.000997331,4.69841,-0.23230366,0.9863914,0.226325,0.22911635,0.22939828,0.00028192997,0.0,0.00028192997,1.0,2.910254,0.0,0.0
1.467226,0.000997331,1.1092631,1.3335304,0.13844608,-0.4476604,-1.3335536,-1.3333918,0.000161767,0.0,0.000161767,1.0,1.467226,0.0,0.0
1.1680665,0.000997331,1.515146,0.96993554,-0.41295612,-0.8671453,-0.9707466,-0.970759,-1.2397766e-05,0.0,-1.2397766e-05,1.0,1.9735261,0.0,0.0
0.19502553,0.000997331,3.5031738,-0.25034186,1.2650957,-0.11329529,0.2536277,0.25303048,-0.00059720874,0.0,-0.00059720874,1.0,2.946567,0.0,0.0
1.5100008,0.000997331,3.9004517,-1.4109232,-0.0857895,-0.037496164,1.4074848,1.4073794,-0.00010538101,0.0,-0.00010538101,1.0,1.5100008,0.0,0.0
0.947827,0.000997331,5.5851665,0.10037468,0.07217415,1.1442686,-0.10221291,-0.10208916,0.00012375414,0.0,0.00012375414,1.0,0.947827,0.0,0.0
0.97256577,0.000997331,5.093332,-0.45985678,0.31437778,1.0750817,0.4593683,0.45909196,-0.00027632713,0.0,-0.00027632713,1.0,2.1690269,0.0,0.0
0.64698976,0.000997331,3.783468,-0.8443144,1.1161878,-0.122313485,0.84667885,0.8464308,-0.00024807453,0.0,-0.00024807453,1.0,2.494603,0.0,0.0
0.7765135,0.000997331,6.1362276,0.5905862,-0.6001493,0.7975917,-0.5811371,-0.581877,-0.00073987246,0.0,-0.00073987246,1.0,2.3650792,0.0,0.0
1.537066,0.000997331,3.1753337,-1.0329125,-0.034620684,-0.9644557,1.0346204,1.0345972,-2.3245811e-05,0.0,-2.3245811e-05,1.0,1.537066,0.0,0.0
1.4976766,0.000997331,3.721157,-1.3805362,-0.10079089,-0.28767914,1.3777337,1.377779,4.529953e-05,0.0,4.529953e-05,1.0,1.4976766,0.0,0.0
1.5225426,0.000997331,5.6935253,0.27508864,0.013378428,1.3872256,-0.2751983,-0.27527124,-7.292628e-05,0.0,-7.292628e-05,1.0,1.5225426,0.0,0.0
0.84341455,0.000997331,2.602217,-0.2573164,-0.22894853,-1.0239209,0.2558873,0.25575805,-0.00012925267,0.0,-0.00012925267,1.0,0.84341455,0.0,0.0
0.4248832,0.000997331,3.5884576,-0.5504769,1.2151133,-0.19428277,0.55295074,0.5534289,0.00047814846,0.0,0.00047814846,1.0,2.7167094,0.0,0.0
0.16154286,0.000997331,0.08014033,0.17310086,-1.0624053,0.14760733,-0.16972795,-0.17045838,-0.0007304251,0.0,-0.0007304251,1.0,2.9800498,0.0,0.0
0.92364913,0.000997331,1.0467973,1.0899277,0.82397723,-0.29169396,-1.0901381,-1.0904377,-0.00029957294,0.0,-0.00029957294,1.0,0.92364913,0.0,0.0
1.2831938,0.000997331,5.767532,0.36175245,-0.107588395,1.3074064,-0.363804,-0.36349034,0.00031366944,0.0,0.00031366944,1.0,1.8583988,0.0,0.0
0.12797275,0.000997331,0.67190707,0.17947668,-1.3939335,0.02036299,-0.1820505,-0.18219602,-0.00014552474,0.0,-0.00014552474,1.0,3.01362,0.0,0.0
0.6312608,0.000997331,1.6320343,0.5526474,0.7564948,-0.62533396,-0.55256236,-0.5526823,-0.000119924545,0.0,-0.000119924545,1.0,0.6312608,0.0,0.0
1.2879238,0.000997331,3.0736382,-0.89312345,0.26007098,-1.0224185,0.8935782,0.8937255,0.00014734268,0.0,0.00014734268,1.0,1.8536688,0.0,0.0
0.007377303,0.000997331,0.4304872,0.0098404605,-1.3262928,0.003994204,-0.010854481,-0.010206861,0.00064761937,0.0,0.00064761937,1.0,3.1342154,0.0,0.0
0.64422864,0.000997331,5.1685243,-0.27443483,0.36557907,0.80312586,0.27143973,0.27133048,-0.000109255314,0.0,-0.000109255314,1.0,2.497364,0.0,0.0
1.1094743,0.000997331,3.65416,-1.2196076,0.6053156,-0.34160107,1.2177335,1.218189,0.0004554987,0.0,0.0004554987,1.0,2.0321183,0.0,0.0
1.43447,0.000997331,2.3595366,-0.0048357034,-0.00073794276,-1.4016116,0.0042461324,0.004255849,9.716488e-06,0.0,9.716488e-06,1.0,1.43447,0.0,0.0
0.43745837,0.000997331,4.9858527,-0.29322278,0.62716055,0.5219307,0.28924182,0.28888434,-0.00035747886,0.0,-0.00035747886,1.0,2.7041342,0.0,0.0
1.4133313,0.000997331,5.0248327,-0.63663876,0.10139686,1.2442923,0.6386071,0.6386267,1.9609928e-05,0.0,1.9609928e-05,1.0,1.7282615,0.0,0.0
0.44820258,0.000997331,4.4458814,-0.5321646,-1.1065482,0.30525458,0.53386784,0.5336683,-0.00019955635,0.0,-0.00019955635,1.0,0.44820258,0.0,0.0
0.79625785,0.000997331,4.7118883,-0.71484256,-0.7003974,0.7146764,0.7133343,0.71352863,0.00019431114,0.0,0.00019431114,1.0,0.79625785,0.0,0.0
1.3733152,0.000997331,3.6882076,-1.3473411,-0.26892665,-0.32728988,1.3452697,1.3454517,0.00018203259,0.0,0.00018203259,1.0,1.3733152,0.0,0.0
0.40035984,0.000997331,4.918642,-0.3010501,-0.712865,0.46200395,0.2963382,0.29651695,0.00017875433,0.0,0.00017875433,1.0,0.40035984,0.0,0.0
1.1287307,0.000997331,5.5691853,0.09143071,-0.04349938,1.2752137,-0.09432955,-0.0941934,0.00013615191,0.0,0.00013615191,1.0,2.012862,0.0,0.0
1.4810966,0.000997331,4.628561,-1.0763614,0.096327156,0.9085365,1.0789449,1.079292,0.00034713745,0.0,0.00034713745,1.0,1.660496,0.0,0.0
0.48566708,0.000997331,2.809515,-0.28916714,-0.5472295,-0.5931225,0.28834763,0.28843367,8.6039305e-05,0.0,8.6039305e-05,1.0,0.48566708,0.0,0.0
0.8894256,0.000997331,1.9554901,0.42809477,0.34758466,-1.0115006,-0.42578888,-0.42597145,-0.00018256903,0.0,-0.00018256903,1.0,0.8894256,0.0,0.0
0.27811027,0.000997331,2.824563,-0.17543006,-0.6133818,-0.34633052,0.17612112,0.17600037,-0.00012074411,0.0,-0.00012074411,1.0,0.27811027,0.0,0.0
0.38071978,0.000997331,2.5403616,-0.09596587,0.2406482,-0.5161757,0.09354597,0.09381789,0.0002719164,0.0,0.0002719164,1.0,2.7608728,0.0,0.0
0.82902735,0.000997331,6.19381,0.66853464,-0.61159724,0.80199087,-0.65886736,-0.65922505,-0.00035768747,0.0,-0.00035768747,1.0,2.3125653,0.0,0.0
1.2774323,0.000997331,3.7868097,-1.3404713,0.40409327,-0.1893754,1.338167,1.3385022,0.00033521652,0.0,0.00033521652,1.0,1.8641603,0.0,0.0
1.3932348,0.000997331,6.2648487,0.9665315,-0.17473075,1.0014575,-0.96843666,-0.96792775,0.00050890446,0.0,0.00050890446,1.0,1.7483578,0.0,0.0
0.42493412,0.000997331,1.0200052,0.5672606,-1.2534981,-0.13548996,-0.5691063,-0.56910133,4.9471855e-06,0.0,4.9471855e-06,1.0,2.7166586,0.0,0.0
0.24550667,0.000997331,2.6606278,-0.10320374,-0.41103497,-0.32800484,0.10401292,0.10383247,-0.00018045306,0.0,-0.00018045306,1.0,0.24550667,0.0,0.0
1.05103,0.000997331,3.9854248,-1.2254622,-0.7002764,0.072247624,1.2254742,1.225868,0.00039374828,0.0,0.00039374828,1.0,1.05103,0.0,0.0
0.53817356,0.000997331,4.143934,-0.7081793,-1.1856551,0.1568203,0.7103727,0.71033293,-3.9756298e-05,0.0,-3.9756298e-05,1.0,0.53817356,0.0,0.0
0.8435957,0.000997331,0.24877445,0.90797824,-0.8080896,0.5399394,-0.90770894,-0.9070585,0.0006504655,0.0,0.0006504655,1.0,2.297997,0.0,0.0
1.2637881,0.000997331,1.3232433,1.157768,0.3671383,-0.6908631,-1.1584477,-1.1585472,-9.942055e-05,0.0,-9.942055e-05,1.0,1.2637881,0.0,0.0
0.82572675,0.000997331,3.4128735,-0.9053575,-0.835112,-0.5119415,0.90597594,0.9056997,-0.00027626753,0.0,-0.00027626753,1.0,0.82572675,0.0,0.0
0.4586656,0.000997331,0.5955333,0.6149853,-1.244853,0.118512094,-0.6147916,-0.61507696,-0.00028538704,0.0,-0.00028538704,1.0,2.6829271,0.0,0.0
0.24655265,0.000997331,5.680077,0.062560335,-0.2462677,0.34128654,-0.053512685,-0.053404856,0.00010782853,0.0,0.00010782853,1.0,2.89504,0.0,0.0
0.34446132,0.000997331,5.5869617,0.042272806,0.11907897,0.4735039,-0.038782142,-0.03853845,0.00024369359,0.0,0.00024369359,1.0,0.34446132,0.0,0.0
0.122346,0.000997331,1.732915,0.100710765,-0.81879103,-0.13961563,-0.099005625,-0.099553406,-0.0005477816,0.0,-0.0005477816,1.0,3.0192466,0.0,0.0
0.523776,0.000997331,4.9877853,-0.34468982,-0.59852016,0.6176638,0.3406201,0.3406607,4.0590763e-05,0.0,4.0590763e-05,1.0,0.523776,0.0,0.0
0.41844797,0.000997331,0.88011324,0.57206,1.2866466,-0.054928586,-0.5736586,-0.5738231,-0.00016450882,0.0,-0.00016450882,1.0,0.41844797,0.0,0.0
0.12758379,0.000997331,3.6977835,-0.17531231,-1.3666654,-0.040962256,0.17441934,0.1741179,-0.0003014505,0.0,-0.0003014505,1.0,0.12758379,0.0,0.0
1.3435212,0.000997331,3.8694105,-1.3754857,0.3173136,-0.07959704,1.3729056,1.3730057,0.0001001358,0.0,0.0001001358,1.0,1.7980714,0.0,0.0
0.26095995,0.000997331,6.023831,0.1842008,-0.6826534,0.31912416,-0.1862054,-0.18612805,7.735193e-05,0.0,7.735193e-05,1.0,2.8806326,0.0,0.0
1.4454417,0.000997331,2.059381,0.41035607,0.05242732,-1.3420581,-0.41135383,-0.41154763,-0.0001938045,0.0,-0.0001938045,1.0,1.4454417,0.0,0.0
0.89207435,0.000997331,0.74459136,1.0999529,-0.88709646,0.04521563,-1.0997338,-1.0994395,0.00029432774,0.0,0.00029432774,1.0,2.2495184,0.0,0.0
1.3515195,0.000997331,4.1304464,-1.351789,-0.30117017,0.278498,1.3496593,1.349823,0.00016367435,0.0,0.00016367435,1.0,1.3515195,0.0,0.0
0.49885726,0.000997331,0.075271085,0.51306295,0.9415281,0.44099116,-0.51169986,-0.5126136,-0.0009137392,0.0,-0.0009137392,1.0,0.49885726,0.0,0.0
1.4457343,0.000997331,1.4458773,1.1080989,0.13955832,-0.86083686,-1.1079178,-1.1079113,6.4373016e-06,0.0,6.4373016e-06,1.0,1.4457343,0.0,0.0
0.6322645,0.000997331,1.6806242,0.5223386,0.7134444,-0.6523365,-0.52224904,-0.5223809,-0.00013184547,0.0,-0.00013184547,1.0,0.6322645,0.0,0.0
1.0491264,0.000997331,1.0388983,1.1869409,0.682448,-0.3075059,-1.1876819,-1.1877803,-9.8347664e-05,0.0,-9.8347664e-05,1.0,1.0491264,0.0,0.0
1.2114744,0.000997331,0.20584513,1.107788,0.4160948,0.72475433,-1.1078547,-1.108669,-0.00081431866,0.0,-0.00081431866,1.0,1.2114744,0.0,0.0
0.48917693,0.000997331,3.1767194,-0.4861311,-0.9129461,-0.45339626,0.4841751,0.4838648,-0.00031027198,0.0,-0.00031027198,1.0,0.48917693,0.0,0.0
0.8720951,0.000997331,0.8735035,1.0787597,-0.9059123,-0.09489857,-1.0789666,-1.0785506,0.00041604042,0.0,0.00041604042,1.0,2.2694976,0.0,0.0
1.0081578,0.000997331,5.1444297,-0.41398424,-0.26247567,1.1223674,0.4159967,0.4162708,0.00027409196,0.0,0.00027409196,1.0,1.0081578,0.0,0.0
0.05078817,0.000997331,2.791031,-0.030479344,-0.59481215,-0.06539993,0.03159973,0.031558555,-4.1175634e-05,0.0,-4.1175634e-05,1.0,0.05078817,0.0,0.0
1.5109171,0.000997331,2.642958,-0.39964727,-0.02453998,-1.3545654,0.4008159,0.40086645,5.054474e-05,0.0,5.054474e-05,1.0,1.5109171,0.0,0.0
0.06884,0.000997331,0.8269051,0.09702681,1.4102049,-0.0042037703,-0.096201286,-0.09588231,0.00031897426,0.0,0.00031897426,1.0,0.06884,0.0,0.0
1.2172424,0.000997331,0.9023343,1.3177202,-0.48606452,-0.15489796,-1.3168713,-1.3164486,0.00042271614,0.0,0.00042271614,1.0,1.9243503,0.0,0.0
0.7290131,0.000997331,3.0229764,-0.582584,-0.65249056,-0.74050903,0.5797302,0.5799766,0.0002464056,0.0,0.0002464056,1.0,0.7290131,0.0,0.0
1.0820748,0.000997331,6.0350127,0.63931274,0.3421244,1.072314,-0.6427781,-0.6426626,0.0001155138,0.0,0.0001155138,1.0,1.0820748,0.0,0.0
0.10960622,0.000997331,1.7137914,0.092475094,0.84175813,-0.12364194,-0.09174226,-0.09172331,1.8954277e-05,0.0,1.8954277e-05,1.0,0.10960622,0.0,0.0
0.37851775,0.000997331,6.0297976,0.26464212,0.664421,0.45229855,-0.25480208,-0.25429,0.0005120635,0.0,0.0005120635,1.0,0.37851775,0.0,0.0
0.21963924,0.000997331,4.1765647,-0.29883817,1.3383452,0.07716777,0.29863757,0.29878598,0.00014841557,0.0,0.00014841557,1.0,2.9219534,0.0,0.0
1.0126835,0.000997331,3.605521,-1.1383014,0.7096158,-0.3795368,1.1368232,1.1370308,0.00020766258,0.0,0.00020766258,1.0,2.128909,0.0,0.0
0.16504064,0.000997331,5.3969703,-0.023402492,-0.13924515,0.22948773,0.024582803,0.024736336,0.00015353225,0.0,0.00015353225,1.0,0.16504064,0.0,0.0
0.046596117,0.000997331,2.8291466,-0.030252168,-0.643283,-0.058879547,0.03158969,0.031537138,-5.255267e-05,0.0,-5.255267e-05,1.0,0.046596117,0.0,0.0
0.9021499,0.000997331,4.9424787,-0.58488417,-0.46362957,0.9427644,0.58508635,0.58545625,0.00036990643,0.0,0.00036990643,1.0,0.9021499,0.0,0.0
0.8316502,0.000997331,3.6946516,-1.0174627,-0.92672753,-0.24083261,1.0201873,1.0201901,2.861023e-06,0.0,2.861023e-06,1.0,0.8316502,0.0,0.0
0.72440374,0.000997331,4.0312123,-0.93269265,1.0529515,0.09769051,0.9354669,0.9351239,-0.00034296513,0.0,-0.00034296513,1.0,2.417189,0.0,0.0
1.1694204,0.000997331,0.4887452,1.2450426,-0.52854514,0.38063437,-1.2461387,-1.2461972,-5.853176e-05,0.0,-5.853176e-05,1.0,1.9721723,0.0,0.0
0.447103,0.000997331,2.169972,0.11319184,-0.23547961,-0.60025465,-0.11185676,-0.111546725,0.00031003356,0.0,0.00031003356,1.0,2.6944897,0.0,0.0
0.033019707,0.000997331,5.0421615,-0.020365188,-0.61962605,0.041161213,0.01764367,0.017519068,-0.00012460165,0.0,-0.00012460165,1.0,0.033019707,0.0,0.0
0.16917087,0.000997331,4.4111376,-0.21074116,1.2341292,0.11158411,0.20851968,0.20893848,0.00041879714,0.0,0.00041879714,1.0,2.972422,0.0,0.0
0.10086867,0.000997331,4.843957,-0.08625322,-0.85443085,0.113325,0.08239786,0.08237758,-2.028048e-05,0.0,-2.028048e-05,1.0,0.10086867,0.0,0.0
0.82810587,0.000997331,0.55645514,1.0146527,0.9311942,0.2363354,-1.0147948,-1.0152065,-0.00041162968,0.0,-0.00041162968,1.0,0.82810587,0.0,0.0
1.118322,0.000997331,6.040514,0.65728885,0.32152504,1.0887599,-0.6614818,-0.66139853,8.326769e-05,0.0,8.326769e-05,1.0,1.118322,0.0,0.0
0.9640779,0.000997331,1.1553937,1.0833672,-0.7513068,-0.41988328,-1.0838544,-1.083672,0.00018239021,0.0,0.00018239021,1.0,2.1775148,0.0,0.0
0.69007206,0.000997331,5.0929737,-0.35435125,0.42991915,0.82733506,0.3511408,0.35109234,-4.8458576e-05,0.0,-4.8458576e-05,1.0,2.4515207,0.0,0.0
0.6105798,0.000997331,2.9123502,-0.42786726,0.612197,-0.68918043,0.42458582,0.42465228,6.645918e-05,0.0,6.645918e-05,1.0,2.5310128,0.0,0.0
0.96032643,0.000997331,5.6588235,0.18595248,0.13063478,1.143814,-0.18824424,-0.18809196,0.00015227497,0.0,0.00015227497,1.0,0.96032643,0.0,0.0
1.3893784,0.000997331,6.0289016,0.7052973,0.12970223,1.199771,-0.7113349,-0.7117914,-0.00045651197,0.0,-0.00045651197,1.0,1.3893784,0.0,0.0
0.24064952,0.000997331,1.2650603,0.2987634,1.2181869,-0.15590459,-0.29712707,-0.2977633,-0.00063622,0.0,-0.00063622,1.0,0.24064952,0.0,0.0
1.290006,0.000997331,2.2502134,0.14368846,-0.041475095,-1.3523027,-0.14444233,-0.14468189,-0.00023955107,0.0,-0.00023955107,1.0,1.8515866,0.0,0.0
1.0611002,0.000997331,2.986538,-0.72780883,0.40753758,-0.9967485,0.72833896,0.72833425,-4.708767e-06,0.0,-4.708767e-06,1.0,2.0804925,0.0,0.0
1.042763,0.000997331,3.291046,-0.98285145,0.57318467,-0.72537744,0.98105174,0.9807783,-0.0002734661,0.0,-0.0002734661,1.0,2.0988297,0.0,0.0
0.5402815,0.000997331,5.34744,-0.108572006,-0.18164723,0.71764797,0.10410987,0.103838585,-0.0002712831,0.0,-0.0002712831,1.0,0.5402815,0.0,0.0
1.0476414,0.000997331,5.933881,0.5175121,-0.29988337,1.1098787,-0.51597476,-0.51613647,-0.0001617074,0.0,-0.0001617074,1.0,2.0939512,0.0,0.0
0.023918247,0.000997331,3.932554,-0.03382472,-1.4148794,0.00017148443,0.033617817,0.03373445,0.00011663139,0.0,0.00011663139,1.0,0.023918247,0.0,0.0
1.055653,0.000997331,2.0149286,0.41195166,-0.23378587,-1.1602509,-0.4129786,-0.41259858,0.0003800094,0.0,0.0003800094,1.0,2.0859396,0.0,0.0
0.29401353,0.000997331,3.1690078,-0.29772556,-0.98244774,-0.28164887,0.29690105,0.29672816,-0.00017288327,0.0,-0.00017288327,1.0,0.29401353,0.0,0.0
0.38381127,0.000997331,4.464387,-0.45489132,-1.1263888,0.2724576,0.45679215,0.45670325,-8.890033e-05,0.0,-8.890033e-05,1.0,0.38381127,0.0,0.0
1.4831477,0.000997331,2.7074862,-0.48522872,0.042351216,-1.3230909,0.4877231,0.4879827,0.00025957823,0.0,0.00025957823,1.0,1.6584449,0.0,0.0
0.95292276,0.000997331,3.9742072,-1.1518662,0.8172486,0.054044724,1.1529816,1.1531787,0.00019705296,0.0,0.00019705296,1.0,2.18867,0.0,0.0
1.194566,0.000997331,0.6828011,1.3083861,0.5169383,0.13480556,-1.3078011,-1.3077023,9.88245e-05,0.0,9.88245e-05,1.0,1.194566,0.0,0.0
1.1072769,0.000997331,3.5026126,-1.1530186,-0.57580733,-0.52068543,1.153735,1.1539128,0.00017774105,0.0,0.00017774105,1.0,1.1072769,0.0,0.0
0.062702395,0.000997331,0.40840167,0.082451954,-1.3124597,0.033137914,-0.08329162,-0.08285892,0.00043269992,0.0,0.00043269992,1.0,3.0788903,0.0,0.0
0.3956652,0.000997331,2.072784,0.15238202,-0.3642793,-0.5228379,-0.150915,-0.15072322,0.00019177794,0.0,0.00019177794,1.0,2.7459276,0.0,0.0
1.1194866,0.000997331,0.26848412,1.1063917,-0.5363843,0.6290677,-1.1065214,-1.1058002,0.0007212162,0.0,0.0007212162,1.0,2.0221062,0.0,0.0
0.9276444,0.000997331,1.2195218,1.0269006,-0.7690568,-0.47582862,-1.0277783,-1.0277193,5.90086e-05,0.0,5.90086e-05,1.0,2.2139482,0.0,0.0
0.9245357,0.000997331,3.3227382,-0.92919385,0.70050055,-0.64173347,0.9278401,0.9273844,-0.0004557371,0.0,-0.0004557371,1.0,2.217057,0.0,0.0
0.8931294,0.000997331,2.8544524,-0.52649975,-0.42415,-0.96779454,0.52395713,0.5242811,0.00032395124,0.0,0.00032395124,1.0,0.8931294,0.0,0.0
0.039472558,0.000997331,0.02092324,0.040247418,-1.0193126,0.038704827,-0.042470627,-0.041819096,0.0006515309,0.0,0.0006515309,1.0,3.1021202,0.0,0.0
1.0748756,0.000997331,0.06822365,0.937525,0.50734544,0.81755906,-0.9379721,-0.93857276,-0.000600636,0.0,-0.000600636,1.0,1.0748756,0.0,0.0
0.28321666,0.000997331,4.938935,-0.20893967,-0.7192926,0.33549264,0.20299858,0.20348927,0.00049069524,0.0,0.00049069524,1.0,0.28321666,0.0,0.0
1.282756,0.000997331,0.389124,1.2509611,-0.37067017,0.5235293,-1.2521019,-1.2517287,0.0003732443,0.0,0.0003732443,1.0,1.8588367,0.0,0.0
0.9658965,0.000997331,4.5809526,-0.9231284,-0.6388913,0.70767,0.9210752,0.9210211,-5.4121017e-05,0.0,-5.4121017e-05,1.0,0.9658965,0.0,0.0
1.1935503,0.000997331,1.9983262,0.46068093,-0.18283232,-1.2320485,-0.46300435,-0.4626813,0.00032305717,0.0,0.00032305717,1.0,1.9480423,0.0,0.0
0.45997193,0.000997331,6.242278,0.42651352,-0.8554364,0.46530065,-0.42988682,-0.42957526,0.00031155348,0.0,0.00031155348,1.0,2.6816206,0.0,0.0
0.6325764,0.000997331,0.15132813,0.673591,-0.9191084,0.49529198,-0.67461,-0.6747191,-0.0001090765,0.0,-0.0001090765,1.0,2.5090163,0.0,0.0
0.6354705,0.000997331,5.6390634,0.11806955,0.16133547,0.82904494,-0.11825373,-0.11850624,-0.00025250763,0.0,-0.00025250763,1.0,0.6354705,0.0,0.0
1.3957707,0.000997331,4.635619,-1.0578597,0.18682095,0.90586704,1.0606954,1.0609739,0.0002784729,0.0,0.0002784729,1.0,1.745822,0.0,0.0
0.5201835,0.000997331,4.029692,-0.69957757,-1.2207652,0.07251144,0.7020557,0.702146,9.030104e-05,0.0,9.030104e-05,1.0,0.5201835,0.0,0.0
0.90510845,0.000997331,5.711992,0.2365259,0.18682256,1.0863624,-0.23884684,-0.23871902,0.00012782216,0.0,0.00012782216,1.0,0.90510845,0.0,0.0
0.17718963,0.000997331,4.117516,-0.24504626,1.3678248,0.04820753,0.24530104,0.24517661,-0.0001244247,0.0,-0.0001244247,1.0,2.964403,0.0,0.0
0.24853252,0.000997331,5.987499,0.16342802,0.64167506,0.30908227,-0.15761535,-0.15726021,0.00035513937,0.0,0.00035513937,1.0,0.24853252,0.0,0.0
0.051497508,0.000997331,0.119337864,0.057201833,-1.1098382,0.0450456,-0.056106314,-0.056052774,5.3539872e-05,0.0,5.3539872e-05,1.0,3.090095,0.0,0.0
0.18815419,0.000997331,3.9299378,-0.2646936,-1.3901908,0.0005791299,0.26572108,0.2655336,-0.00018748641,0.0,-0.00018748641,1.0,0.18815419,0.0,0.0
1.5034078,0.000997331,6.0070944,0.6887262,0.046163924,1.2325172,-0.69372547,-0.69436395,-0.00063848495,0.0,-0.00063848495,1.0,1.5034078,0.0,0.0
0.17730297,0.000997331,3.4035594,-0.2161397,-1.2055869,-0.12452647,0.21507047,0.2150291,-4.1365623e-05,0.0,-4.1365623e-05,1.0,0.17730297,0.0,0.0
0.61924803,0.000997331,5.3377113,-0.13079415,0.18291411,0.809265,0.12972865,0.1296424,-8.624792e-05,0.0,-8.624792e-05,1.0,2.5223446,0.0,0.0
1.3657486,0.000997331,1.2057897,1.2640562,-0.26267326,-0.5648138,-1.2625402,-1.262764,-0.00022375584,0.0,-0.00022375584,1.0,1.775844,0.0,0.0
0.6395532,0.000997331,5.5361624,0.032460175,0.04410356,0.8416018,-0.03462444,-0.03493611,-0.0003116727,0.0,-0.0003116727,1.0,0.6395532,0.0,0.0
0.78935933,0.000997331,3.656154,-0.9677373,-0.9595514,-0.26896504,0.970397,0.9703369,-6.0081482e-05,0.0,-6.0081482e-05,1.0,0.78935933,0.0,0.0
0.49670285,0.000997331,6.276929,0.47466204,-0.8704243,0.48314905,-0.47762674,-0.47695833,0.0006684065,0.0,0.0006684065,1.0,2.6448898,0.0,0.0
0.5576602,0.000997331,1.2165693,0.6801444,-1.0904694,-0.31305444,-0.68229663,-0.6824702,-0.00017356873,0.0,-0.00017356873,1.0,2.5839324,0.0,0.0
1.5033492,0.000997331,4.425825,-1.2392645,-0.0844416,0.6740155,1.23979,1.2399892,0.00019919872,0.0,0.00019919872,1.0,1.5033492,0.0,0.0
0.9586163,0.000997331,4.2652698,-1.0917779,-0.7662953,0.3848067,1.0903192,1.0904784,0.00015926361,0.0,0.00015926361,1.0,0.9586163,0.0,0.0
1.0276644,0.000997331,0.8348496,1.2092285,0.73007303,-0.059795264,-1.208744,-1.2091116,-0.00036752224,0.0,-0.00036752224,1.0,1.0276644,0.0,0.0
1.3613535,0.000997331,3.0476985,-0.8824946,-0.18795834,-1.0655042,0.8844528,0.88442135,-3.1471252e-05,0.0,-3.1471252e-05,1.0,1.3613535,0.0,0.0
0.6651801,0.000997331,1.3735374,0.7259713,0.9262421,-0.48457354,-0.7257302,-0.7256522,7.7962875e-05,0.0,7.7962875e-05,1.0,0.6651801,0.0,0.0
0.07123302,0.000997331,4.1116986,-0.099126056,1.3876187,0.019311536,0.09888815,0.09874083,-0.00014732033,0.0,-0.00014732033,1.0,3.0703597,0.0,0.0
1.2227147,0.000997331,5.418232,-0.10549893,0.038725145,1.3261113,0.10358458,0.103428125,-0.00015645474,0.0,-0.00015645474,1.0,1.918878,0.0,0.0
0.87813485,0.000997331,4.3715177,-0.9829469,0.81545925,0.46858555,0.9841213,0.98393863,-0.00018268824,0.0,-0.00018268824,1.0,2.2634578,0.0,0.0
1.496653,0.000997331,1.5514551,1.0164622,-0.07507826,-0.9774483,-1.0168622,-1.0166512,0.00021100044,0.0,0.00021100044,1.0,1.6449398,0.0,0.0
0.4653382,0.000997331,3.0511906,-0.4063932,-0.8088672,-0.48738173,0.40459776,0.40440696,-0.00019079447,0.0,-0.00019079447,1.0,0.4653382,0.0,0.0
1.0991728,0.000997331,3.9062355,-1.2596592,-0.6413508,-0.025677375,1.2594885,1.2598484,0.00035989285,0.0,0.00035989285,1.0,1.0991728,0.0,0.0
0.6083524,0.000997331,5.237218,-0.20774177,-0.29973406,0.78020585,0.20351055,0.2034191,-9.1448426e-05,0.0,-9.1448426e-05,1.0,0.6083524,0.0,0.0
1.542903,0.000997331,3.5836506,-1.3311005,0.03738381,-0.47507977,1.3292458,1.3293438,9.7990036e-05,0.0,9.7990036e-05,1.0,1.5986897,0.0,0.0
0.23585033,0.000997331,1.1523154,0.30825597,1.2834307,-0.11900176,-0.3075718,-0.30797118,-0.00039938092,0.0,-0.00039938092,1.0,0.23585033,0.0,0.0
0.37908083,0.000997331,3.8976707,-0.5237546,1.3136954,-0.014856154,0.52604616,0.5261453,9.9122524e-05,0.0,9.9122524e-05,1.0,2.7625117,0.0,0.0
0.57686263,0.000997331,6.084854,0.42662254,0.656337,0.6433655,-0.41525078,-0.4148879,0.00036287308,0.0,0.00036287308,1.0,0.57686263,0.0,0.0
0.445418,0.000997331,4.5970592,-0.47732666,-1.0002073,0.37984997,0.4775989,0.47750854,-9.036064e-05,0.0,-9.036064e-05,1.0,0.445418,0.0,0.0
0.21579863,0.000997331,0.38132384,0.27848396,-1.2701261,0.11975992,-0.27944052,-0.2790637,0.00037682056,0.0,0.00037682056,1.0,2.9257941,0.0,0.0
0.1755746,0.000997331,1.1998518,0.22589786,1.2743273,-0.09977921,-0.22545677,-0.2257123,-0.0002555251,0.0,-0.0002555251,1.0,0.1755746,0.0,0.0
1.0534348,0.000997331,5.921662,0.5055954,-0.28911448,1.119819,-0.5043851,-0.5045006,-0.0001155138,0.0,-0.0001155138,1.0,2.088158,0.0,0.0
1.104801,0.000997331,5.684474,0.23474264,0.11841272,1.2423644,-0.23659125,-0.23644084,0.00015041232,0.0,0.00015041232,1.0,1.104801,0.0,0.0
0.7378984,0.000997331,5.7762,0.2612425,0.2892719,0.9132322,-0.26035854,-0.26038507,-2.6524067e-05,0.0,-2.6524067e-05,1.0,0.7378984,0.0,0.0
0.17972018,0.000997331,1.4806051,0.19385889,1.0679941,-0.161947,-0.1920867,-0.192663,-0.0005763024,0.0,-0.0005763024,1.0,0.17972018,0.0,0.0
0.9669245,0.000997331,0.09892622,0.90048045,0.6213266,0.7379073,-0.90065086,-0.9015273,-0.0008764267,0.0,-0.0008764267,1.0,0.9669245,0.0,0.0
0.29726803,0.000997331,4.555029,-0.33510765,1.0943533,0.2442606,0.3325592,0.33304462,0.00048542023,0.0,0.00048542023,1.0,2.8443246,0.0,0.0
0.28607485,0.000997331,1.7031869,0.24219903,0.8240958,-0.31664625,-0.24119765,-0.24166271,-0.00046506524,0.0,-0.00046506524,1.0,0.28607485,0.0,0.0
0.64410865,0.000997331,5.3321323,-0.13997072,0.18587804,0.8365849,0.13861765,0.13854235,-7.529557e-05,0.0,-7.529557e-05,1.0,2.497484,0.0,0.0
0.8945919,0.000997331,5.971245,0.5028239,0.4060319,0.9808801,-0.50211394,-0.5019447,0.00016921759,0.0,0.00016921759,1.0,0.8945919,0.0,0.0
0.30663458,0.000997331,3.09742,-0.28832403,-0.9097192,-0.3147508,0.28768232,0.28748873,-0.00019359589,0.0,-0.00019359589,1.0,0.30663458,0.0,0.0
0.8416293,0.000997331,3.0230827,-0.6523395,0.5835061,-0.828846,0.6513798,0.6511198,-0.00025999546,0.0,-0.00025999546,1.0,2.2999632,0.0,0.0
0.27708995,0.000997331,1.3800709,0.32043853,-1.1274043,-0.21721724,-0.31948572,-0.31964028,-0.00015455484,0.0,-0.00015455484,1.0,2.8645027,0.0,0.0
1.4701694,0.000997331,1.5002731,1.0626047,0.107648164,-0.9223026,-1.0624797,-1.0624231,5.6624413e-05,0.0,5.6624413e-05,1.0,1.4701694,0.0,0.0
0.10019996,0.000997331,2.6289468,-0.038285196,-0.37904853,-0.1365901,0.03848775,0.038394965,-9.2785805e-05,0.0,-9.2785805e-05,1.0,0.10019996,0.0,0.0
0.38360217,0.000997331,0.6743505,0.52617097,-1.3030541,0.05889695,-0.52720964,-0.52675974,0.00044989586,0.0,0.00044989586,1.0,2.7579904,0.0,0.0
0.17508374,0.000997331,5.3327527,-0.04063078,0.22895515,0.24280939,0.04538382,0.045149148,-0.00023467094,0.0,-0.00023467094,1.0,2.9665089,0.0,0.0
0.2399118,0.000997331,3.1535861,-0.2406069,0.98243374,-0.23604569,0.24073239,0.2401686,-0.00056378543,0.0,-0.00056378543,1.0,2.901681,0.0,0.0
1.4683229,0.000997331,4.2351966,-1.3406091,0.137237,0.4256247,1.33969,1.339469,-0.00022101402,0.0,-0.00022101402,1.0,1.6732697,0.0,0.0
1.3938359,0.000997331,3.2543373,-1.0890641,0.19521269,-0.8664818,1.0887171,1.0887564,3.9339066e-05,0.0,3.9339066e-05,1.0,1.7477567,0.0,0.0
1.3427588,0.000997331,2.7826319,-0.57011294,-0.13303503,-1.2546095,0.5705515,0.5703744,-0.0001770854,0.0,-0.0001770854,1.0,1.3427588,0.0,0.0
0.80940664,0.000997331,5.071242,-0.42326665,-0.40523857,0.93195826,0.4226845,0.4231291,0.00044462085,0.0,0.00044462085,1.0,0.80940664,0.0,0.0
1.4648455,0.000997331,0.42731553,1.3171241,0.14026514,0.49279112,-1.316697,-1.3163965,0.00030052662,0.0,0.00030052662,1.0,1.4648455,0.0,0.0
0.33660194,0.000997331,3.4015343,-0.40418172,-1.1548758,-0.23458672,0.40293762,0.4029009,-3.671646e-05,0.0,-3.671646e-05,1.0,0.33660194,0.0,0.0
1.2163323,0.000997331,5.5299864,0.042764418,0.0156126935,1.3270006,-0.04129515,-0.041341137,-4.598871e-05,0.0,-4.598871e-05,1.0,1.2163323,0.0,0.0
0.55617356,0.000997331,2.805007,-0.32369658,0.52159107,-0.6729083,0.32001346,0.31998742,-2.604723e-05,0.0,-2.604723e-05,1.0,2.5854192,0.0,0.0
0.11121946,0.000997331,3.4066942,-0.13662137,1.2199428,-0.07865273,0.13886791,0.13846776,-0.00040015578,0.0,-0.00040015578,1.0,3.030373,0.0,0.0
1.3363496,0.000997331,0.9481289,1.3573924,0.32413694,-0.22280635,-1.3582563,-1.3578458,0.0004105568,0.0,0.0004105568,1.0,1.3363496,0.0,0.0
1.4831377,0.000997331,5.387882,-0.15455616,0.0142167695,1.4015714,0.15519218,0.1551333,-5.8874488e-05,0.0,-5.8874488e-05,1.0,1.6584549,0.0,0.0
0.10785544,0.000997331,2.8306522,-0.0697795,-0.64202744,-0.1355709,0.07101562,0.07099721,-1.8410385e-05,0.0,-1.8410385e-05,1.0,0.10785544,0.0,0.0
0.1822145,0.000997331,0.8237707,0.25621438,-1.3901634,-0.010115424,-0.2579942,-0.25696063,0.0010335743,0.0,0.0010335743,1.0,2.9593782,0.0,0.0
0.7123862,0.000997331,4.2379355,-0.88018465,-1.0184221,0.2839104,0.8804296,0.8804809,5.1259995e-05,0.0,5.1259995e-05,1.0,0.7123862,0.0,0.0
0.079856925,0.000997331,6.197073,0.0739031,-0.9118285,0.08204424,-0.1185842,-0.11909278,-0.00050857663,0.0,-0.00050857663,1.0,3.0617356,0.0,0.0
1.257768,0.000997331,6.126749,0.79217756,0.25778174,1.0874419,-0.79839337,-0.7985373,-0.00014394522,0.0,-0.00014394522,1.0,1.257768,0.0,0.0
1.3782582,0.000997331,2.0933034,0.36082625,-0.07021706,-1.3411981,-0.3630046,-0.36337262,-0.00036802888,0.0,-0.00036802888,1.0,1.7633344,0.0,0.0
0.6167193,0.000997331,2.1190543,0.19184692,0.27059263,-0.7948612,-0.19076438,-0.1909698,-0.0002054125,0.0,-0.0002054125,1.0,0.6167193,0.0,0.0
1.4068506,0.000997331,4.4983325,-1.1738474,-0.19506285,0.75368416,1.1741529,1.1744359,0.00028300285,0.0,0.00028300285,1.0,1.4068506,0.0,0.0
0.90297925,0.000997331,5.1584854,-0.36945102,-0.29304227,1.047109,0.37010473,0.3705061,0.00040137768,0.0,0.00040137768,1.0,0.90297925,0.0,0.0
0.08436696,0.000997331,4.7171936,-0.0838094,0.99068683,0.084426865,0.08178098,0.08177054,-1.0438263e-05,0.0,-1.0438263e-05,1.0,3.0572257,0.0,0.0
1.3891298,0.000997331,5.0830317,-0.5608876,-0.10329585,1.273313,0.56344706,0.56342113,-2.592802e-05,0.0,-2.592802e-05,1.0,1.3891298,0.0,0.0
1.173289,0.000997331,4.0818434,-1.2883153,-0.5403102,0.20135081,1.2868861,1.2872614,0.00037527084,0.0,0.00037527084,1.0,1.173289,0.0,0.0
0.86922294,0.000997331,2.0844178,0.289617,0.24513188,-1.0403216,-0.2873538,-0.2875027,-0.0001488924,0.0,-0.0001488924,1.0,0.86922294,0.0,0.0
0.52207136,0.000997331,0.4788304,0.67241985,1.1688628,0.21305211,-0.6736616,-0.6732708,0.00039076805,0.0,0.00039076805,1.0,0.52207136,0.0,0.0
0.4781078,0.000997331,3.9390597,-0.6512733,1.2557766,0.008275757,0.6536882,0.6536467,-4.1484833e-05,0.0,-4.1484833e-05,1.0,2.6634848,0.0,0.0
1.0038178,0.000997331,5.833743,0.39331725,-0.25173742,1.1256063,-0.39304078,-0.392984,5.6773424e-05,0.0,5.6773424e-05,1.0,2.137775,0.0,0.0
0.51708204,0.000997331,0.67620766,0.6950458,-1.2216743,0.07657923,-0.69433266,-0.69445467,-0.00012201071,0.0,-0.00012201071,1.0,2.6245105,0.0,0.0
0.6098073,0.000997331,2.4951417,-0.112049595,0.16126345,-0.8014275,0.111097544,0.110918954,-0.00017859042,0.0,-0.00017859042,1.0,2.5317852,0.0,0.0
1.5141989,0.000997331,4.3099647,-1.3097593,-0.074777335,0.52655625,1.3092825,1.3093195,3.695488e-05,0.0,3.695488e-05,1.0,1.5141989,0.0,0.0
0.6734866,0.000997331,0.8433479,0.8806021,1.1034929,-0.05152738,-0.8809798,-0.8815608,-0.0005810261,0.0,-0.0005810261,1.0,0.6734866,0.0,0.0
0.90576655,0.000997331,1.509468,0.8338486,-0.65387106,-0.7374611,-0.83494586,-0.8351029,-0.00015705824,0.0,-0.00015705824,1.0,2.235826,0.0,0.0
1.0584646,0.000997331,4.3041615,-1.1459347,-0.64449453,0.4543158,1.1440921,1.1442609,0.00016880035,0.0,0.00016880035,1.0,1.0584646,0.0,0.0
0.92831784,0.000997331,2.9185102,-0.60373676,0.45282084,-0.95775354,0.6037094,0.6035981,-0.00011128187,0.0,-0.00011128187,1.0,2.2132747,0.0,0.0
0.5944026,0.000997331,4.0445,-0.7868681,-1.1634169,0.09348631,0.7891689,0.78931516,0.0001462698,0.0,0.0001462698,1.0,0.5944026,0.0,0.0
0.9058036,0.000997331,3.4958615,-1.0112188,0.7919329,-0.46566328,1.0101959,1.0099266,-0.00026929379,0.0,-0.00026929379,1.0,2.235789,0.0,0.0
0.91377574,0.000997331,5.81025,0.34427676,0.26730472,1.0649416,-0.3462296,-0.3460328,0.00019681454,0.0,0.00019681454,1.0,0.91377574,0.0,0.0
1.4324156,0.000997331,4.3445005,-1.2804585,-0.17892995,0.5670505,1.2799549,1.2801253,0.00017035007,0.0,0.00017035007,1.0,1.4324156,0.0,0.0
1.0635692,0.000997331,0.8571107,1.2330593,-0.684961,-0.08852218,-1.2330446,-1.2322942,0.0007504225,0.0,0.0007504225,1.0,2.0780234,0.0,0.0
0.98790497,0.000997331,5.0881824,-0.47021243,0.31098813,1.083824,0.4699102,0.46962103,-0.00028917193,0.0,-0.00028917193,1.0,2.1536877,0.0,0.0
0.34498304,0.000997331,4.424397,-0.4203774,1.1702173,0.22938024,0.41909474,0.41957045,0.00047570467,0.0,0.00047570467,1.0,2.7966096,0.0,0.0
0.9258099,0.000997331,3.7628393,-1.1152492,0.83760196,-0.18530956,1.1155083,1.1156856,0.00017726421,0.0,0.00017726421,1.0,2.2157826,0.0,0.0
0.6067482,0.000997331,3.4681084,-0.7233631,1.0409098,-0.35825822,0.724368,0.72459203,0.00022405386,0.0,0.00022405386,1.0,2.5348444,0.0,0.0
1.1738498,0.000997331,0.097618975,1.0077667,-0.42248237,0.82812023,-1.0070957,-1.0079308,-0.0008350611,0.0,-0.0008350611,1.0,1.9677428,0.0,0.0
0.10138194,0.000997331,3.3124511,-0.11708821,-1.1492181,-0.08214464,0.1170387,0.11680855,-0.00023014843,0.0,-0.00023014843,1.0,0.10138194,0.0,0.0
1.048427,0.000997331,6.06209,0.655702,0.37987363,1.0349948,-0.6580439,-0.65796554,7.838011e-05,0.0,7.838011e-05,1.0,1.048427,0.0,0.0
0.658879,0.000997331,4.8770204,-0.5031752,-0.6513683,0.70478123,0.50130695,0.5015522,0.0002452731,0.0,0.0002452731,1.0,0.658879,0.0,0.0
1.3279955,0.000997331,4.3060946,-1.275261,-0.3162828,0.5074357,1.2740407,1.2742742,0.000233531,0.0,0.000233531,1.0,1.3279955,0.0,0.0
1.5656273,0.000997331,0.9887483,1.3850653,-0.00729244,-0.28566748,-1.3844439,-1.3844011,4.2796135e-05,0.0,4.2796135e-05,1.0,1.5759653,0.0,0.0
0.15501933,0.000997331,6.096013,0.124445006,-0.78550464,0.18196234,-0.14287555,-0.1429783,-0.00010274351,0.0,-0.00010274351,1.0,2.9865732,0.0,0.0
0.2997266,0.000997331,0.61785746,0.4117172,1.3327343,0.06957221,-0.41209984,-0.41263917,-0.0005393326,0.0,-0.0005393326,1.0,0.2997266,0.0,0.0
0.6428859,0.000997331,3.5708234,-0.7949399,-1.0611603,-0.29637146,0.7965731,0.79645103,-0.00012207031,0.0,-0.00012207031,1.0,0.6428859,0.0,0.0
0.7521573,0.000997331,5.254244,-0.2328361,0.24894854,0.9372736,0.23046711,0.23036161,-0.00010550022,0.0,-0.00010550022,1.0,2.3894353,0.0,0.0
1.1008513,0.000997331,0.5617343,1.2294972,0.6243824,0.27961284,-1.2284439,-1.2284319,1.1920929e-05,0.0,1.1920929e-05,1.0,1.1008513,0.0,0.0
0.7659813,0.000997331,3.8709488,-0.97925055,-1.0172237,-0.054580454,0.9820768,0.98235345,0.00027662516,0.0,0.00027662516,1.0,0.7659813,0.0,0.0
0.10407061,0.000997331,4.5499525,-0.11916177,-1.1424417,0.08664555,0.11970003,0.119505644,-0.00019438565,0.0,-0.00019438565,1.0,0.10407061,0.0,0.0
0.19682547,0.000997331,3.9900231,-0.27620038,-1.3850865,0.017299261,0.27783304,0.27763993,-0.00019311905,0.0,-0.00019311905,1.0,0.19682547,0.0,0.0
0.41925293,0.000997331,2.8523386,-0.27412698,-0.61433625,-0.5059974,0.27364054,0.27361053,-3.0010939e-05,0.0,-3.0010939e-05,1.0,0.41925293,0.0,0.0
1.1260835,0.000997331,3.285524,-1.0231371,-0.48776346,-0.76395684,1.0239922,1.0243247,0.0003324747,0.0,0.0003324747,1.0,1.1260835,0.0,0.0
0.3025302,0.000997331,3.6957676,-0.41033027,-1.3147998,-0.09694786,0.40998438,0.410232,0.0002476275,0.0,0.0002476275,1.0,0.3025302,0.0,0.0
0.07833596,0.000997331,0.79729086,0.110506564,1.4103487,-0.0015240926,-0.109695114,-0.10935946,0.0003356561,0.0,0.0003356561,1.0,0.07833596,0.0,0.0
0.5365075,0.000997331,1.2666153,0.64097416,-1.0779179,-0.33499384,-0.64295673,-0.64292157,3.516674e-05,0.0,3.516674e-05,1.0,2.6050851,0.0,0.0
1.3524071,0.000997331,1.961637,0.5308973,-0.11767958,-1.2749856,-0.53368884,-0.5336764,1.2457371e-05,0.0,1.2457371e-05,1.0,1.7891856,0.0,0.0
0.27713802,0.000997331,5.2272453,-0.10346697,0.36284542,0.37186924,0.10454568,0.10397482,-0.0005708635,0.0,-0.0005708635,1.0,2.8644545,0.0,0.0
0.563058,0.000997331,0.7548154,0.75463843,-1.1951075,0.023563802,-0.75405,-0.75401634,3.3676624e-05,0.0,3.3676624e-05,1.0,2.5785346,0.0,0.0
0.5355578,0.000997331,3.981139,-0.72102684,-1.214552,0.03939326,0.7235393,0.7237,0.00016069412,0.0,0.00016069412,1.0,0.5355578,0.0,0.0
0.15315628,0.000997331,1.3779676,0.17887932,-1.1598337,-0.12074222,-0.17702666,-0.17733283,-0.00030617416,0.0,-0.00030617416,1.0,2.9884365,0.0,0.0
1.0780432,0.000997331,2.2236521,0.1644248,0.088847004,-1.2345976,-0.16408065,-0.16371472,0.00036592782,0.0,0.00036592782,1.0,1.0780432,0.0,0.0
0.1315668,0.000997331,2.035895,0.058550864,-0.440638,-0.17555551,-0.05862881,-0.059249315,-0.0006205067,0.0,-0.0006205067,1.0,3.010026,0.0,0.0
0.85767865,0.000997331,1.5020378,0.80669737,-0.69777143,-0.70293427,-0.8078486,-0.80795074,-0.00010216236,0.0,-0.00010216236,1.0,2.283914,0.0,0.0
1.3457943,0.000997331,2.4377885,-0.11252636,-0.025992738,-1.3742809,0.11156111,0.11171282,0.00015170872,0.0,0.00015170872,1.0,1.3457943,0.0,0.0
1.038672,0.000997331,5.5584393,0.07400209,0.043362632,1.2171216,-0.07473762,-0.074605376,0.0001322478,0.0,0.0001322478,1.0,1.038672,0.0,0.0
0.91173095,0.000997331,3.3607798,-0.9436548,0.73039514,-0.6001404,0.94235766,0.941918,-0.00043964386,0.0,-0.00043964386,1.0,2.2298617,0.0,0.0
0.3724981,0.000997331,5.1727734,-0.1637647,-0.4201116,0.4867462,0.15720955,0.15735117,0.00014162064,0.0,0.00014162064,1.0,0.3724981,0.0,0.0
0.9947078,0.000997331,1.6319048,0.78560793,0.51080465,-0.88884807,-0.7849191,-0.78545046,-0.0005313754,0.0,-0.0005313754,1.0,0.9947078,0.0,0.0
0.71401346,0.000997331,2.4764843,-0.11109671,0.12899469,-0.9188652,0.1108474,0.11058356,-0.00026383996,0.0,-0.00026383996,1.0,2.4275792,0.0,0.0
1.3389547,0.000997331,1.7121006,0.8264202,0.19586541,-1.1007715,-0.82613516,-0.82617104,-3.5881996e-05,0.0,-3.5881996e-05,1.0,1.3389547,0.0,0.0
1.0146377,0.000997331,5.0617156,-0.5073682,0.31639248,1.0895512,0.50750977,0.5072279,-0.00028187037,0.0,-0.00028187037,1.0,2.126955,0.0,0.0
1.1394053,0.000997331,2.7100694,-0.44529244,-0.20556873,-1.2052076,0.44377804,0.4436292,-0.0001488328,0.0,-0.0001488328,1.0,1.1394053,0.0,0.0
1.4989287,0.000997331,4.882377,-0.81477,-0.059135724,1.1517923,0.8167131,0.81700706,0.0002939701,0.0,0.0002939701,1.0,1.4989287,0.0,0.0
0.5931298,0.000997331,3.8442166,-0.78843117,1.1683091,-0.0654678,0.7910559,0.7908396,-0.00021630526,0.0,-0.00021630526,1.0,2.5484629,0.0,0.0
0.4888179,0.000997331,0.3334744,0.5974159,-1.1231447,0.29027265,-0.59732103,-0.5967993,0.00052171946,0.0,0.00052171946,1.0,2.6527748,0.0,0.0
0.38886875,0.000997331,0.27363372,0.46746805,-1.1410074,0.26305026,-0.4673701,-0.46696696,0.00040313601,0.0,0.00040313601,1.0,2.752724,0.0,0.0
0.9980277,0.000997331,5.9232097,0.4906647,0.3185147,1.082156,-0.49320838,-0.49295616,0.00025221705,0.0,0.00025221705,1.0,0.9980277,0.0,0.0
0.3694572,0.000997331,4.7228556,-0.35710168,0.9226484,0.3654762,0.35363916,0.35377413,0.00013497472,0.0,0.00013497472,1.0,2.7721355,0.0,0.0
0.9086181,0.000997331,6.0443172,0.57952046,-0.45253548,0.95303875,-0.57310903,-0.57375896,-0.00064992905,0.0,-0.00064992905,1.0,2.2329745,0.0,0.0
0.68765736,0.000997331,4.5807557,-0.7123295,-0.8674957,0.54680383,0.71114564,0.711159,1.335144e-05,0.0,1.335144e-05,1.0,0.68765736,0.0,0.0
1.2112101,0.000997331,2.9327404,-0.7218655,-0.27212197,-1.1101134,0.7222284,0.7222188,-9.596348e-06,0.0,-9.596348e-06,1.0,1.2112101,0.0,0.0
0.8600576,0.000997331,5.9433913,0.46177223,-0.3984396,0.9669974,-0.4566985,-0.45718354,-0.0004850328,0.0,-0.0004850328,1.0,2.2815351,0.0,0.0
1.3693843,0.000997331,0.12594742,1.095149,-0.22372666,0.84911436,-1.0949446,-1.0952986,-0.0003540516,0.0,-0.0003540516,1.0,1.7722083,0.0,0.0
1.4599568,0.000997331,1.7395356,0.8130164,-0.08999047,-1.1464939,-0.8148733,-0.8145928,0.00028049946,0.0,0.00028049946,1.0,1.6816359,0.0,0.0
1.307072,0.000997331,3.6452487,-1.31142,0.35367474,-0.3794477,1.3089662,1.3093017,0.00033557415,0.0,0.00033557415,1.0,1.8345206,0.0,0.0
0.7628943,0.000997331,2.1427863,0.20686066,-0.21664758,-0.9549991,-0.2046207,-0.20472005,-9.934604e-05,0.0,-9.934604e-05,1.0,2.3786983,0.0,0.0
0.07837751,0.000997331,1.6421723,0.07231116,0.9227402,-0.08357288,-0.07164631,-0.07151991,0.0001263991,0.0,0.0001263991,1.0,0.07837751,0.0,0.0
0.3328708,0.000997331,4.881049,-0.26703477,0.77244496,0.37685615,0.26328877,0.2630924,-0.0001963675,0.0,-0.0001963675,1.0,2.8087218,0.0,0.0
1.3929012,0.000997331,5.7062764,0.28847095,-0.05197933,1.3626606,-0.2899832,-0.28972954,0.00025367737,0.0,0.00025367737,1.0,1.7486914,0.0,0.0
0.46938172,0.000997331,2.4745793,-0.07572504,-0.14900792,-0.6349665,0.076310515,0.07622577,-8.4742904e-05,0.0,-8.4742904e-05,1.0,0.46938172,0.0,0.0
1.3798394,0.000997331,5.924717,0.5756317,0.111526914,1.2649179,-0.580078,-0.58040494,-0.00032693148,0.0,-0.00032693148,1.0,1.3798394,0.0,0.0
1.2631773,0.000997331,5.090448,-0.53428304,-0.1703605,1.2376534,0.53722334,0.5371532,-7.015467e-05,0.0,-7.015467e-05,1.0,1.2631773,0.0,0.0
0.24949269,0.000997331,3.028422,-0.21759357,-0.85275286,-0.27302828,0.21775499,0.21762532,-0.0001296699,0.0,-0.0001296699,1.0,0.24949269,0.0,0.0
1.3935401,0.000997331,4.242615,-1.3232696,-0.23735587,0.43137985,1.3218533,1.3219963,0.00014305115,0.0,0.00014305115,1.0,1.3935401,0.0,0.0
0.6291379,0.000997331,0.6375079,0.8231577,-1.1307468,0.123039044,-0.8214333,-0.8219961,-0.00056278706,0.0,-0.00056278706,1.0,2.5124547,0.0,0.0
0.030382792,0.000997331,2.2932668,0.0029636454,-0.08874762,-0.042950116,-0.004638735,-0.0046750978,-3.636256e-05,0.0,-3.636256e-05,1.0,3.1112099,0.0,0.0
0.045055054,0.000997331,1.6769702,0.03983219,0.8869516,-0.049456194,-0.039266665,-0.039130494,0.00013617054,0.0,0.00013617054,1.0,0.045055054,0.0,0.0
0.17941254,0.000997331,0.25518045,0.21768254,-1.2003553,0.12823424,-0.21629426,-0.21598327,0.00031098723,0.0,0.00031098723,1.0,2.9621801,0.0,0.0
1.173753,0.000997331,4.409434,-1.1553082,-0.48498142,0.6048545,1.1536286,1.1537658,0.00013720989,0.0,0.00013720989,1.0,1.173753,0.0,0.0
0.9392242,0.000997331,2.03221,0.36300805,0.2660878,-1.0819001,-0.360749,-0.36075407,-5.066395e-06,0.0,-5.066395e-06,1.0,0.9392242,0.0,0.0
0.847084,0.000997331,5.7010217,0.21383215,-0.1902357,1.0371845,-0.21333383,-0.21333353,2.9802322e-07,0.0,2.9802322e-07,1.0,2.2945087,0.0,0.0
0.29843506,0.000997331,4.6498823,-0.3116608,1.013538,0.27572024,0.30856252,0.30890864,0.00034612417,0.0,0.00034612417,1.0,2.8431575,0.0,0.0
0.064020276,0.000997331,5.0394187,-0.03978321,-0.622268,0.080425724,0.0364189,0.03615172,-0.00026718155,0.0,-0.00026718155,1.0,0.064020276,0.0,0.0
1.4018116,0.000997331,4.2760377,-1.3100128,-0.2239146,0.47598553,1.3088634,1.3090159,0.00015246868,0.0,0.00015246868,1.0,1.4018116,0.0,0.0
1.3022586,0.000997331,6.0160975,0.67592216,-0.18747342,1.1843199,-0.67703617,-0.6775125,-0.00047636032,0.0,-0.00047636032,1.0,1.8393341,0.0,0.0
0.59737676,0.000997331,4.0827255,-0.78642327,1.1552813,0.12399268,0.78911495,0.7887753,-0.00033962727,0.0,-0.00033962727,1.0,2.544216,0.0,0.0
1.4015474,0.000997331,0.44097215,1.3122268,-0.22411796,0.47074017,-1.3131889,-1.3132027,-1.3828278e-05,0.0,-1.3828278e-05,1.0,1.7400452,0.0,0.0
0.61458665,0.000997331,0.2155005,0.68657404,-0.9729626,0.4399237,-0.6870479,-0.6866718,0.0003761053,0.0,0.0003761053,1.0,2.527006,0.0,0.0
0.5801872,0.000997331,0.097551115,0.5989753,0.91382843,0.4921894,-0.5976405,-0.5980796,-0.00043910742,0.0,-0.00043910742,1.0,0.5801872,0.0,0.0
0.049048044,0.000997331,2.4093196,-0.003779402,-0.07511622,-0.069492325,0.0025680438,0.0023309924,-0.0002370514,0.0,-0.0002370514,1.0,0.049048044,0.0,0.0
1.5224006,0.000997331,4.1569138,-1.3753319,-0.066944785,0.32104626,1.3733232,1.3731929,-0.00013029575,0.0,-0.00013029575,1.0,1.5224006,0.0,0.0
0.42723477,0.000997331,2.4214337,-0.038379133,-0.08409091,-0.5846062,0.03880003,0.038714632,-8.5398555e-05,0.0,-8.5398555e-05,1.0,0.42723477,0.0,0.0
1.0125564,0.000997331,1.6235455,0.8024821,-0.5012735,-0.8919255,-0.80356604,-0.80362624,-6.020069e-05,0.0,-6.020069e-05,1.0,2.1290362,0.0,0.0
1.5361906,0.000997331,5.6387186,0.19881532,-0.0066622943,1.4008136,-0.19881716,-0.19875437,6.279349e-05,0.0,6.279349e-05,1.0,1.605402,0.0,0.0
0.9885114,0.000997331,3.8170109,-1.1742836,-0.77207786,-0.12926915,1.1757604,1.1760029,0.0002424717,0.0,0.0002424717,1.0,0.9885114,0.0,0.0
1.0366119,0.000997331,0.13372374,0.9677781,-0.57248116,0.73825896,-0.967457,-0.9681209,-0.00066387653,0.0,-0.00066387653,1.0,2.1049807,0.0,0.0
0.9321382,0.000997331,1.6347439,0.75011295,-0.5571642,-0.8529422,-0.75091225,-0.7510582,-0.00014597178,0.0,-0.00014597178,1.0,2.2094545,0.0,0.0
1.0571141,0.000997331,5.8405156,0.41420522,0.23508799,1.1602218,-0.41762948,-0.4173752,0.00025427341,0.0,0.00025427341,1.0,1.0571141,0.0,0.0
0.98175144,0.000997331,3.095812,-0.7926616,-0.5302813,-0.8690938,0.7916334,0.79200864,0.00037521124,0.0,0.00037521124,1.0,0.98175144,0.0,0.0
1.1145606,0.000997331,5.4212074,-0.09714629,-0.048333097,1.2667677,0.098976806,0.099030346,5.3539872e-05,0.0,5.3539872e-05,1.0,1.1145606,0.0,0.0
1.0783299,0.000997331,6.070739,0.6758424,0.3649055,1.0465763,-0.67888165,-0.6788226,5.9068203e-05,0.0,5.9068203e-05,1.0,1.0783299,0.0,0.0
0.8178305,0.000997331,5.78651,0.29365316,-0.2764467,0.9885984,-0.29108036,-0.2912127,-0.00013235211,0.0,-0.00013235211,1.0,2.3237622,0.0,0.0
1.0123457,0.000997331,5.160509,-0.3968612,0.24876013,1.1326003,0.3962282,0.39582607,-0.00040212274,0.0,-0.00040212274,1.0,2.129247,0.0,0.0
0.6034166,0.000997331,3.4834247,-0.7250808,-1.0521271,-0.3452527,0.7256251,0.7253906,-0.00023448467,0.0,-0.00023448467,1.0,0.6034166,0.0,0.0
0.74699736,0.000997331,3.2114258,-0.725263,0.78304106,-0.63115376,0.7242998,0.72409624,-0.00020354986,0.0,-0.00020354986,1.0,2.3945954,0.0,0.0
1.272965,0.000997331,4.999753,-0.6461852,0.19893736,1.1887178,0.64831483,0.64817417,-0.00014066696,0.0,-0.00014066696,1.0,1.8686277,0.0,0.0
0.7350818,0.000997331,3.7207847,-0.9287546,-1.0267097,-0.1944351,0.93167794,0.93176377,8.583069e-05,0.0,8.583069e-05,1.0,0.7350818,0.0,0.0
1.331996,0.000997331,6.0065856,0.669813,-0.16445741,1.2000059,-0.6713865,-0.67187,-0.00048351288,0.0,-0.00048351288,1.0,1.8095967,0.0,0.0
1.1538218,0.000997331,4.022976,-1.2872882,0.56896645,0.12336203,1.2866602,1.286854,0.0001938343,0.0,0.0001938343,1.0,1.9877708,0.0,0.0
1.4870123,0.000997331,2.4388242,-0.116526596,-0.010089599,-1.4051282,0.11656131,0.116527215,-3.4093857e-05,0.0,-3.4093857e-05,1.0,1.4870123,0.0,0.0
0.09869305,0.000997331,1.3540223,0.11731353,-1.1862897,-0.075201094,-0.11555882,-0.11562011,-6.1288476e-05,0.0,-6.1288476e-05,1.0,3.0428996,0.0,0.0
0.20155074,0.000997331,1.7129656,0.16973157,-0.8307464,-0.22622675,-0.1674849,-0.16808003,-0.0005951375,0.0,-0.0005951375,1.0,2.940042,0.0,0.0
1.0182929,0.000997331,3.9537203,-1.2036917,0.7407491,0.031709954,1.2041059,1.2044294,0.000323534,0.0,0.000323534,1.0,2.1232998,0.0,0.0
1.5062543,0.000997331,2.4596524,-0.14598083,-0.009782139,-1.404444,0.14626542,0.1462273,-3.811717e-05,0.0,-3.811717e-05,1.0,1.5062543,0.0,0.0
0.50539523,0.000997331,2.499116,-0.097688965,-0.1762143,-0.6773684,0.098260626,0.09817464,-8.598715e-05,0.0,-8.598715e-05,1.0,0.50539523,0.0,0.0
0.8180647,0.000997331,3.5949981,-0.97610056,0.91298467,-0.33717322,0.97635823,0.97609186,-0.00026637316,0.0,-0.00026637316,1.0,2.323528,0.0,0.0
1.2640332,0.000997331,1.8862779,0.61068964,-0.19349925,-1.2023357,-0.61342156,-0.61304724,0.00037431717,0.0,0.00037431717,1.0,1.8775594,0.0,0.0
0.8657894,0.000997331,4.638173,-0.81618834,0.6953094,0.7038555,0.8160478,0.81607056,2.2768974e-05,0.0,2.2768974e-05,1.0,2.2758033,0.0,0.0
0.7227266,0.000997331,6.112041,0.5385902,0.61247647,0.76484287,-0.5292798,-0.5292529,2.69413e-05,0.0,2.69413e-05,1.0,0.7227266,0.0,0.0
0.97488827,0.000997331,5.7308464,0.27039513,-0.18453234,1.1381798,-0.2713921,-0.27125067,0.00014144182,0.0,0.00014144182,1.0,2.1667044,0.0,0.0
1.0190481,0.000997331,1.9486004,0.4774871,-0.29451752,-1.1061825,-0.47821784,-0.47787553,0.00034230947,0.0,0.00034230947,1.0,2.1225445,0.0,0.0
0.8932257,0.000997331,0.44616246,1.0390667,0.8358633,0.366552,-1.0391805,-1.0392485,-6.7949295e-05,0.0,-6.7949295e-05,1.0,0.8932257,0.0,0.0
0.2031159,0.000997331,6.1091304,0.16515605,-0.7930155,0.2358274,-0.17988676,-0.17981014,7.662177e-05,0.0,7.662177e-05,1.0,2.9384768,0.0,0.0
0.008493008,0.000997331,3.805901,-0.011914203,-1.4046009,-0.0013607945,0.010368871,0.010939805,0.00057093427,0.0,0.00057093427,1.0,0.008493008,0.0,0.0
1.1223745,0.000997331,2.8535924,-0.60837066,0.29346707,-1.1196254,0.61019504,0.6105064,0.00031137466,0.0,0.00031137466,1.0,2.019218,0.0,0.0
0.7843506,0.000997331,0.03269624,0.7291095,-0.7307253,0.68289936,-0.7308352,-0.7302198,0.00061541796,0.0,0.00061541796,1.0,2.357242,0.0,0.0
0.9198758,0.000997331,3.7085116,-1.098603,0.83537716,-0.24451376,1.0985646,1.0986726,0.000108003616,0.0,0.000108003616,1.0,2.221717,0.0,0.0
1.0253162,0.000997331,5.250363,-0.2961261,-0.18096279,1.1724935,0.29816812,0.29838982,0.00022169948,0.0,0.00022169948,1.0,1.0253162,0.0,0.0
0.30568853,0.000997331,3.5680466,-0.39908025,1.2628437,-0.15008828,0.40219533,0.40223315,3.7819147e-05,0.0,3.7819147e-05,1.0,2.8359041,0.0,0.0
0.48152873,0.000997331,0.36996794,0.5992676,-1.1466092,0.2646396,-0.59910405,-0.5987309,0.00037312508,0.0,0.00037312508,1.0,2.660064,0.0,0.0
1.4897971,0.000997331,5.411279,-0.121797174,0.010506654,1.4056112,0.12243222,0.12239273,-3.9488077e-05,0.0,-3.9488077e-05,1.0,1.6517955,0.0,0.0
0.8016998,0.000997331,1.6823386,0.6338057,0.61387825,-0.79450417,-0.63323915,-0.6336443,-0.00040513277,0.0,-0.00040513277,1.0,0.8016998,0.0,0.0
1.3652933,0.000997331,0.09483585,1.0673044,-0.22260858,0.88203144,-1.0669212,-1.0674049,-0.0004836321,0.0,-0.0004836321,1.0,1.7762994,0.0,0.0
1.4448258,0.000997331,1.7417619,0.8090117,-0.101987086,-1.1462387,-0.8109479,-0.8106499,0.00029802322,0.0,0.00029802322,1.0,1.6967669,0.0,0.0
1.488322,0.000997331,3.5217533,-1.2952392,0.10731307,-0.55481666,1.2937145,1.2938311,0.000116586685,0.0,0.000116586685,1.0,1.6532706,0.0,0.0
1.1189177,0.000997331,0.55945337,1.2399297,0.60177326,0.28496778,-1.2388728,-1.2388117,6.1035156e-05,0.0,6.1035156e-05,1.0,1.1189177,0.0,0.0
0.6137491,0.000997331,5.9799147,0.3775421,-0.5347396,0.72338045,-0.36869162,-0.36936763,-0.0006760061,0.0,-0.0006760061,1.0,2.5278435,0.0,0.0
0.72086895,0.000997331,2.5430748,-0.17353866,-0.19720659,-0.9165174,0.17322893,0.17303444,-0.00019448996,0.0,-0.00019448996,1.0,0.72086895,0.0,0.0
1.0321618,0.000997331,5.7243085,0.27278802,-0.16404152,1.1824582,-0.27447322,-0.27424955,0.00022366643,0.0,0.00022366643,1.0,2.1094308,0.0,0.0
1.4463096,0.000997331,3.530708,-1.2945708,-0.16150877,-0.540705,1.2937084,1.2939007,0.00019228458,0.0,0.00019228458,1.0,1.4463096,0.0,0.0
1.3489543,0.000997331,2.0987804,0.35111117,0.07992002,-1.3342372,-0.35163444,-0.35149992,0.00013452768,0.0,0.00013452768,1.0,1.3489543,0.0,0.0
1.0701871,0.000997331,5.7791204,0.34473985,0.18958308,1.1923423,-0.34781456,-0.34758782,0.00022673607,0.0,0.00022673607,1.0,1.0701871,0.0,0.0
0.48999092,0.000997331,3.0921028,-0.4467624,-0.83723575,-0.49342117,0.4447337,0.44451046,-0.0002232492,0.0,-0.0002232492,1.0,0.48999092,0.0,0.0
1.0601957,0.000997331,5.908201,0.49257767,0.27766883,1.1313045,-0.49616316,-0.49591506,0.00024810433,0.0,0.00024810433,1.0,1.0601957,0.0,0.0
1.399429,0.000997331,1.6702718,0.8828117,-0.15239328,-1.0780646,-0.8844155,-0.88404787,0.00036764145,0.0,0.00036764145,1.0,1.7421637,0.0,0.0
1.2939974,0.000997331,5.9369173,0.57900834,0.16518024,1.2321026,-0.5839639,-0.5841187,-0.00015485287,0.0,-0.00015485287,1.0,1.2939974,0.0,0.0
1.1413652,0.000997331,0.16711104,1.0478506,0.47985715,0.745121,-1.048176,-1.0493106,-0.0011345148,0.0,-0.0011345148,1.0,1.1413652,0.0,0.0
0.14797467,0.000997331,2.7581632,-0.08178009,-0.54699135,-0.19206555,0.082767874,0.082701296,-6.657839e-05,0.0,-6.657839e-05,1.0,0.14797467,0.0,0.0
1.5654589,0.000997331,4.2544885,-1.339093,-0.007677338,0.4538145,1.3381664,1.338066,-0.00010037422,0.0,-0.00010037422,1.0,1.5654589,0.0,0.0
0.072645,0.000997331,1.8797834,0.04716433,-0.6460614,-0.09056677,-0.046919666,-0.04755705,-0.00063738227,0.0,-0.00063738227,1.0,3.0689476,0.0,0.0
1.4844065,0.000997331,5.9116654,0.5672239,-0.049839605,1.2907583,-0.56986713,-0.5702315,-0.0003643632,0.0,-0.0003643632,1.0,1.6571862,0.0,0.0
0.67930865,0.000997331,2.7821198,-0.36691394,0.45549637,-0.80912894,0.36420178,0.36405626,-0.00014552474,0.0,-0.00014552474,1.0,2.462284,0.0,0.0
1.5264758,0.000997331,4.042915,-1.4032327,0.061810788,0.16273552,1.4004002,1.400145,-0.00025510788,0.0,-0.00025510788,1.0,1.6151168,0.0,0.0
1.4621952,0.000997331,3.9437718,-1.405515,-0.15304896,0.023463778,1.4022241,1.4021629,-6.1154366e-05,0.0,-6.1154366e-05,1.0,1.4621952,0.0,0.0
0.7818633,0.000997331,0.40986758,0.9270842,0.933515,0.36551616,-0.9279198,-0.9276798,0.0002400279,0.0,0.0002400279,1.0,0.7818633,0.0,0.0
1.2990819,0.000997331,1.4445957,1.0768827,0.30027235,-0.8346741,-1.0769831,-1.0771409,-0.0001578331,0.0,-0.0001578331,1.0,1.2990819,0.0,0.0
1.1561841,0.000997331,4.6458135,-0.97417355,-0.4297742,0.8518489,0.97327673,0.97323585,-4.0888786e-05,0.0,-4.0888786e-05,1.0,1.1561841,0.0,0.0
1.3692635,0.000997331,3.5935094,-1.3092935,-0.26688224,-0.45271745,1.3080716,1.3083054,0.00023376942,0.0,0.00023376942,1.0,1.3692635,0.0,0.0
1.2372937,0.000997331,0.85767114,1.3328344,0.46180892,-0.09636337,-1.33336,-1.3330785,0.00028145313,0.0,0.00028145313,1.0,1.2372937,0.0,0.0
0.79934806,0.000997331,6.045373,0.52767086,-0.5131206,0.8664321,-0.51956034,-0.52036095,-0.0008006096,0.0,-0.0008006096,1.0,2.3422446,0.0,0.0
0.3307751,0.000997331,0.59693205,0.45118985,1.3143173,0.086046994,-0.451749,-0.45222962,-0.00048062205,0.0,-0.00048062205,1.0,0.3307751,0.0,0.0
0.5241438,0.000997331,6.0580883,0.37639752,-0.64798844,0.6025973,-0.36875618,-0.36937606,-0.0006198883,0.0,-0.0006198883,1.0,2.6174488,0.0,0.0
0.12977438,0.000997331,1.1672409,0.16963756,1.3011389,-0.06839593,-0.16989793,-0.16983858,5.9351325e-05,0.0,5.9351325e-05,1.0,0.12977438,0.0,0.0
1.0779215,0.000997331,3.7225635,-1.2200774,0.6541275,-0.25341803,1.218756,1.2192434,0.00048744678,0.0,0.00048744678,1.0,2.063671,0.0,0.0
1.5070169,0.000997331,1.9359131,0.575909,0.037564304,-1.2887063,-0.57727945,-0.57749856,-0.00021910667,0.0,-0.00021910667,1.0,1.5070169,0.0,0.0
1.0472043,0.000997331,5.5514445,0.06581168,0.03774887,1.2237277,-0.06636564,-0.066238664,0.0001269728,0.0,0.0001269728,1.0,1.0472043,0.0,0.0
0.55536956,0.000997331,5.4269166,-0.05290971,0.08431221,0.74259937,0.054153465,0.05408801,-6.545335e-05,0.0,-6.545335e-05,1.0,2.5862231,0.0,0.0
0.063054994,0.000997331,1.965905,0.033779517,0.5367882,-0.08213758,-0.03415613,-0.034116507,3.9622188e-05,0.0,3.9622188e-05,1.0,0.063054994,0.0,0.0
1.1952115,0.000997331,4.8295536,-0.8155998,0.32223094,1.0332179,0.81830865,0.81835806,4.941225e-05,0.0,4.941225e-05,1.0,1.9463812,0.0,0.0
0.074492365,0.000997331,3.9953077,-0.10528903,1.408196,0.007979276,0.1060925,0.105837286,-0.0002552122,0.0,-0.0002552122,1.0,3.0671003,0.0,0.0
0.78623587,0.000997331,3.14722,-0.7117003,0.7106596,-0.70425725,0.71058524,0.71030575,-0.00027948618,0.0,-0.00027948618,1.0,2.3553567,0.0,0.0
1.4517568,0.000997331,5.972489,0.64256537,0.07679612,1.249759,-0.6474185,-0.64793664,-0.0005181432,0.0,-0.0005181432,1.0,1.4517568,0.0,0.0
1.2110391,0.000997331,4.8743534,-0.7730218,-0.291752,1.074199,0.77425396,0.77422965,-2.4318695e-05,0.0,-2.4318695e-05,1.0,1.2110391,0.0,0.0
0.26328146,0.000997331,2.292373,0.02334501,0.08674757,-0.36735553,-0.02420251,-0.02439215,-0.00018963963,0.0,-0.00018963963,1.0,0.26328146,0.0,0.0
1.062663,0.000997331,2.409254,-0.06567538,-0.036374882,-1.2333107,0.064653486,0.06471959,6.610155e-05,0.0,6.610155e-05,1.0,1.062663,0.0,0.0
1.461957,0.000997331,1.8964174,0.6238691,0.069025144,-1.2599688,-0.6248294,-0.6249465,-0.00011706352,0.0,-0.00011706352,1.0,1.461957,0.0,0.0
0.09905721,0.000997331,2.0185938,0.04620833,0.46594927,-0.13169318,-0.04700379,-0.047026653,-2.2862107e-05,0.0,-2.2862107e-05,1.0,0.09905721,0.0,0.0
0.7785313,0.000997331,4.1938725,-0.95846903,0.9710036,0.26244038,0.96080315,0.96051824,-0.0002849102,0.0,-0.0002849102,1.0,2.3630614,0.0,0.0
0.43456805,0.000997331,4.2721376,-0.56049037,-1.2070078,0.2024078,0.56311,0.5629158,-0.00019419193,0.0,-0.00019419193,1.0,0.43456805,0.0,0.0
0.7576709,0.000997331,4.557865,-0.784617,-0.8296527,0.5739666,0.7829762,0.7830057,2.95043e-05,0.0,2.95043e-05,1.0,0.7576709,0.0,0.0
0.8092569,0.000997331,5.024829,-0.4659833,-0.44604987,0.9111919,0.4654271,0.46588105,0.00045394897,0.0,0.00045394897,1.0,0.8092569,0.0,0.0
0.83591074,0.000997331,4.5116434,-0.87523365,0.79138774,0.57993704,0.8756052,0.8755071,-9.8109245e-05,0.0,-9.8109245e-05,1.0,2.305682,0.0,0.0
0.54728097,0.000997331,0.9180764,0.7296426,-1.1970096,-0.09692943,-0.73061407,-0.7306134,6.556511e-07,0.0,6.556511e-07,1.0,2.5943117,0.0,0.0
0.707156,0.000997331,4.8374457,-0.56319034,-0.6603973,0.72605187,0.5617038,0.56199735,0.00029355288,0.0,0.00029355288,1.0,0.707156,0.0,0.0
1.336302,0.000997331,2.6845756,-0.4438686,-0.10673556,-1.3024076,0.44364762,0.44352275,-0.00012487173,0.0,-0.00012487173,1.0,1.336302,0.0,0.0
0.37185892,0.000997331,2.4906526,-0.06863677,0.1769116,-0.5086807,0.06660134,0.066975296,0.0003739521,0.0,0.0003739521,1.0,2.7697337,0.0,0.0
0.5411299,0.000997331,1.0255785,0.70746005,1.1775341,-0.17397362,-0.70740145,-0.7074116,-1.013279e-05,0.0,-1.013279e-05,1.0,0.5411299,0.0,0.0
0.5604332,0.000997331,3.9829898,-0.7509352,-1.1960539,0.042462453,0.75345886,0.75363874,0.00017988682,0.0,0.00017988682,1.0,0.5604332,0.0,0.0
0.20676278,0.000997331,1.9378426,0.11778188,0.56203973,-0.2649446,-0.118411444,-0.11852431,-0.000112868845,0.0,-0.000112868845,1.0,0.20676278,0.0,0.0
0.49253696,0.000997331,5.231171,-0.17564248,-0.3284568,0.64401186,0.17010945,0.1699616,-0.00014784932,0.0,-0.00014784932,1.0,0.49253696,0.0,0.0
0.4184335,0.000997331,1.4572563,0.4497808,-1.0119872,-0.3582784,-0.44974405,-0.44924426,0.00049978495,0.0,0.00049978495,1.0,2.723159,0.0,0.0
0.19056202,0.000997331,5.537047,0.010292614,0.054684132,0.26627046,-0.0053455494,-0.005012791,0.0003327583,0.0,0.0003327583,1.0,0.19056202,0.0,0.0
0.8049721,0.000997331,2.1345394,0.22375824,0.21546637,-0.9941108,-0.22161852,-0.22190157,-0.00028304756,0.0,-0.00028304756,1.0,0.8049721,0.0,0.0
0.8348742,0.000997331,3.0462642,-0.667296,-0.6047963,-0.80877435,0.6648557,0.6651951,0.00033938885,0.0,0.00033938885,1.0,0.8348742,0.0,0.0
1.3573345,0.000997331,6.1102448,0.7950357,-0.17386521,1.1306417,-0.79674023,-0.7974086,-0.0006683469,0.0,-0.0006683469,1.0,1.7842581,0.0,0.0
0.98142666,0.000997331,4.155739,-1.1450516,-0.7650102,0.26732546,1.1443716,1.1446729,0.00030124187,0.0,0.00030124187,1.0,0.98142666,0.0,0.0
1.1473123,0.000997331,2.2407372,0.14847347,-0.06708403,-1.2815701,-0.14914136,-0.14902076,0.0001205951,0.0,0.0001205951,1.0,1.9942805,0.0,0.0
1.4947596,0.000997331,0.61568826,1.389935,-0.10572216,0.2380271,-1.3901713,-1.3906798,-0.00050854683,0.0,-0.00050854683,1.0,1.6468331,0.0,0.0
0.8514216,0.000997331,1.8349776,0.52935684,0.4640578,-0.9228706,-0.5276184,-0.5279691,-0.00035071373,0.0,-0.00035071373,1.0,0.8514216,0.0,0.0
0.7981844,0.000997331,0.08094952,0.771678,0.75233895,0.6559971,-0.7711495,-0.7714665,-0.0003169775,0.0,-0.0003169775,1.0,0.7981844,0.0,0.0
1.4192655,0.000997331,1.9680531,0.5292728,-0.080503955,-1.2944376,-0.53189623,-0.53206825,-0.000172019,0.0,-0.000172019,1.0,1.7223271,0.0,0.0
0.4356793,0.000997331,0.65385175,0.59174013,1.2713468,0.078217,-0.59379005,-0.5939916,-0.0002015233,0.0,-0.0002015233,1.0,0.4356793,0.0,0.0
0.64140654,0.000997331,1.0154896,0.8237826,1.1034597,-0.19354051,-0.8235644,-0.8237007,-0.00013631582,0.0,-0.00013631582,1.0,0.64140654,0.0,0.0
1.5360715,0.000997331,5.7087245,0.29631165,-0.010265801,1.3834522,-0.29692602,-0.2969008,2.5212765e-05,0.0,2.5212765e-05,1.0,1.6055211,0.0,0.0
0.37813398,0.000997331,0.043969605,0.38494042,-0.96961445,0.35285896,-0.3825326,-0.38244915,8.34465e-05,0.0,8.34465e-05,1.0,2.7634587,0.0,0.0
1.2329816,0.000997331,4.249314,-1.2655218,-0.44464564,0.42246747,1.2638795,1.2641656,0.0002861023,0.0,0.0002861023,1.0,1.2329816,0.0,0.0
0.9272632,0.000997331,1.0686133,1.0862579,0.81507605,-0.31626797,-1.086596,-1.0868633,-0.00026726723,0.0,-0.00026726723,1.0,0.9272632,0.0,0.0
0.7302782,0.000997331,3.4963238,-0.8575797,0.95651066,-0.39475483,0.8580625,0.85781324,-0.00024926662,0.0,-0.00024926662,1.0,2.4113145,0.0,0.0
0.4706339,0.000997331,3.3534267,-0.5387542,-1.0588758,-0.3485562,0.5375873,0.5373136,-0.00027370453,0.0,-0.00027370453,1.0,0.4706339,0.0,0.0
0.5589033,0.000997331,0.25914112,0.6484521,1.0369134,0.37683955,-0.6478295,-0.6472728,0.0005566478,0.0,0.0005566478,1.0,0.5589033,0.0,0.0
0.68844247,0.000997331,2.028017,0.28925893,0.3516609,-0.85047936,-0.28776175,-0.28801024,-0.00024849176,0.0,-0.00024849176,1.0,0.68844247,0.0,0.0
0.28904292,0.000997331,2.1874058,0.06782006,-0.22701314,-0.39677098,-0.06795505,-0.06758855,0.00036649406,0.0,0.00036649406,1.0,2.8525498,0.0,0.0
0.13474225,0.000997331,5.6708794,0.033001825,-0.23815337,0.18970475,-0.025624566,-0.025482137,0.00014242902,0.0,0.00014242902,1.0,3.0068505,0.0,0.0
0.780643,0.000997331,0.5705133,0.97236,-0.98171306,0.21251296,-0.9706905,-0.97115844,-0.00046795607,0.0,-0.00046795607,1.0,2.3609498,0.0,0.0
0.34543154,0.000997331,5.8383617,0.16004871,-0.4419001,0.45394203,-0.15144794,-0.15131024,0.00013770163,0.0,0.00013770163,1.0,2.7961612,0.0,0.0
0.78915316,0.000997331,0.16208792,0.8150113,-0.80897415,0.5857203,-0.8156983,-0.81580836,-0.000110030174,0.0,-0.000110030174,1.0,2.3524394,0.0,0.0
1.1942055,0.000997331,2.9198172,-0.7028221,-0.27870747,-1.1120433,0.70294565,0.7029416,-4.053116e-06,0.0,-4.053116e-06,1.0,1.1942055,0.0,0.0
1.5580136,0.000997331,3.6290214,-1.3516984,0.017494448,-0.4144135,1.3494864,1.349565,7.867813e-05,0.0,7.867813e-05,1.0,1.5835791,0.0,0.0
1.4928735,0.000997331,0.98613095,1.381634,0.10772104,-0.28116363,-1.3816442,-1.3814377,0.0002065897,0.0,0.0002065897,1.0,1.4928735,0.0,0.0
0.44328675,0.000997331,5.5781593,0.048530497,0.103378,0.6021912,-0.047196165,-0.04725848,-6.2316656e-05,0.0,-6.2316656e-05,1.0,0.44328675,0.0,0.0
0.27496076,0.000997331,0.98571175,0.37643448,-1.334435,-0.07660523,-0.37781072,-0.3772534,0.0005573034,0.0,0.0005573034,1.0,2.866632,0.0,0.0
1.1190675,0.000997331,4.4790277,-1.0833068,-0.52627,0.6670703,1.0814536,1.0814725,1.8954277e-05,0.0,1.8954277e-05,1.0,1.1190675,0.0,0.0
0.98987204,0.000997331,1.6640496,0.7542473,0.49564826,-0.9107499,-0.7533194,-0.75382733,-0.0005079508,0.0,-0.0005079508,1.0,0.98987204,0.0,0.0
1.2057477,0.000997331,4.142217,-1.2904947,-0.49285787,0.28218567,1.288832,1.2891738,0.00034189224,0.0,0.00034189224,1.0,1.2057477,0.0,0.0
1.0746295,0.000997331,3.5268555,-1.1456869,-0.6196211,-0.48436618,1.146549,1.146666,0.00011706352,0.0,0.00011706352,1.0,1.0746295,0.0,0.0
0.6691683,0.000997331,2.2761471,0.070091784,-0.08833797,-0.8739168,-0.06839784,-0.068538055,-0.00014021248,0.0,-0.00014021248,1.0,2.4724243,0.0,0.0
0.8711699,0.000997331,2.3129983,0.04662837,-0.03915944,-1.0809423,-0.04570642,-0.04573869,-3.2268465e-05,0.0,-3.2268465e-05,1.0,2.2704227,0.0,0.0
0.62014663,0.000997331,1.910684,0.3540456,-0.49610043,-0.7419207,-0.351633,-0.35174447,-0.000111460686,0.0,-0.000111460686,1.0,2.521446,0.0,0.0
1.0390844,0.000997331,5.8410826,0.4103801,-0.2426867,1.1472511,-0.41044283,-0.41034967,9.316206e-05,0.0,9.316206e-05,1.0,2.1025083,0.0,0.0
0.92780644,0.000997331,1.659255,0.72663033,-0.54468673,-0.8682924,-0.72733116,-0.727464,-0.00013285875,0.0,-0.00013285875,1.0,2.2137861,0.0,0.0
0.58486456,0.000997331,0.3145356,0.69583976,1.0509906,0.35442778,-0.69593275,-0.6951673,0.00076544285,0.0,0.00076544285,1.0,0.58486456,0.0,0.0
0.903967,0.000997331,2.892032,-0.56743634,0.4476846,-0.955418,0.56722325,0.56711566,-0.000107586384,0.0,-0.000107586384,1.0,2.2376256,0.0,0.0
0.9201004,0.000997331,4.176082,-1.0905793,-0.8296321,0.2782684,1.090039,1.0902853,0.0002462864,0.0,0.0002462864,1.0,0.9201004,0.0,0.0
1.022878,0.000997331,3.264738,-0.9520676,0.5809503,-0.7421319,0.95045894,0.95012975,-0.00032919645,0.0,-0.00032919645,1.0,2.1187146,0.0,0.0
0.2292878,0.000997331,2.2561302,0.032290198,-0.1370182,-0.31932867,-0.033267897,-0.032875575,0.0003923215,0.0,0.0003923215,1.0,2.9123049,0.0,0.0
1.0422024,0.000997331,5.634039,0.16605902,0.09717999,1.2104993,-0.16770184,-0.1675449,0.00015693903,0.0,0.00015693903,1.0,1.0422024,0.0,0.0
0.5945008,0.000997331,3.3667738,-0.67130715,0.9919294,-0.42211524,0.67159545,0.67195785,0.00036239624,0.0,0.00036239624,1.0,2.547092,0.0,0.0
0.53981847,0.000997331,0.58194596,0.71194124,-1.1877409,0.14721912,-0.710696,-0.71125233,-0.00055634975,0.0,-0.00055634975,1.0,2.6017742,0.0,0.0
1.0465382,0.000997331,2.4126475,-0.069226846,-0.039818253,-1.2218156,0.06825864,0.06828828,2.963841e-05,0.0,2.963841e-05,1.0,1.0465382,0.0,0.0
0.4447231,0.000997331,1.2879895,0.5328933,1.1189637,-0.2934824,-0.530934,-0.5311527,-0.00021874905,0.0,-0.00021874905,1.0,0.4447231,0.0,0.0
0.28072682,0.000997331,4.8940263,-0.22187689,-0.77089185,0.32321608,0.21653795,0.21703638,0.00049842894,0.0,0.00049842894,1.0,0.28072682,0.0,0.0
1.1290601,0.000997331,1.2869953,1.1209803,0.53031266,-0.615023,-1.1221547,-1.1223617,-0.00020694733,0.0,-0.00020694733,1.0,1.1290601,0.0,0.0
0.28323933,0.000997331,5.4154196,-0.032725208,0.11186467,0.3933976,0.03802463,0.037666358,-0.00035827234,0.0,-0.00035827234,1.0,2.8583534,0.0,0.0
0.41774496,0.000997331,1.2019948,0.5244385,1.1821704,-0.23274294,-0.522829,-0.5230478,-0.00021880865,0.0,-0.00021880865,1.0,0.41774496,0.0,0.0
0.57108086,0.000997331,6.024,0.3840017,-0.5955426,0.6634632,-0.37527227,-0.3759672,-0.00069493055,0.0,-0.00069493055,1.0,2.5705118,0.0,0.0
0.7137676,0.000997331,5.384892,-0.104016505,-0.12096116,0.919071,0.1009711,0.10087712,-9.3981624e-05,0.0,-9.3981624e-05,1.0,0.7137676,0.0,0.0
0.21707,0.000997331,0.9639935,0.2998459,-1.3596573,-0.054403573,-0.30088678,-0.30026126,0.00062552094,0.0,0.00062552094,1.0,2.9245226,0.0,0.0
1.1460366,0.000997331,4.9737854,-0.64499736,0.29259384,1.116602,0.64683646,0.64664286,-0.00019359589,0.0,-0.00019359589,1.0,1.995556,0.0,0.0
0.62946093,0.000997331,5.959127,0.36998165,0.50999844,0.74496835,-0.36137453,-0.36114377,0.00023075938,0.0,0.00023075938,1.0,0.62946093,0.0,0.0
0.9481303,0.000997331,3.534792,-1.0617386,0.76124644,-0.4396477,1.0604765,1.0603738,-0.00010275841,0.0,-0.00010275841,1.0,2.1934624,0.0,0.0
0.4615306,0.000997331,2.9129226,-0.3325591,0.6690278,-0.5354599,0.32888168,0.32897824,9.6559525e-05,0.0,9.6559525e-05,1.0,2.680062,0.0,0.0
0.47306147,0.000997331,2.131805,0.14331901,-0.27956724,-0.6276552,-0.14153348,-0.14131059,0.00022289157,0.0,0.00022289157,1.0,2.6685312,0.0,0.0
0.034234524,0.000997331,2.35196,0.00045946054,-0.006006349,-0.048579883,-0.0020768605,-0.0020612953,1.5565194e-05,0.0,1.5565194e-05,1.0,3.1073582,0.0,0.0
1.3609924,0.000997331,3.5077174,-1.2635108,-0.2685252,-0.5622351,1.2631742,1.2634449,0.0002707243,0.0,0.0002707243,1.0,1.3609924,0.0,0.0
0.051996604,0.000997331,0.78533113,0.073589906,-1.4128547,-0.00038507767,-0.07478723,-0.075040065,-0.00025283545,0.0,-0.00025283545,1.0,3.089596,0.0,0.0
0.9899855,0.000997331,6.209005,0.7717403,-0.5068736,0.8965529,-0.763806,-0.76386166,-5.567074e-05,0.0,-5.567074e-05,1.0,2.151607,0.0,0.0
1.2985524,0.000997331,5.3720345,-0.17077625,0.048293196,1.3525119,0.16972306,0.1695472,-0.0001758635,0.0,-0.0001758635,1.0,1.8430402,0.0,0.0
0.4712062,0.000997331,5.7188783,0.1403255,0.2770221,0.6244292,-0.1348553,-0.13477072,8.457899e-05,0.0,8.457899e-05,1.0,0.4712062,0.0,0.0
0.5910542,0.000997331,4.8174605,-0.49526605,-0.7393224,0.6134188,0.49334854,0.49345207,0.00010353327,0.0,0.00010353327,1.0,0.5910542,0.0,0.0
0.61276174,0.000997331,4.9256625,-0.43985802,-0.62733305,0.6843115,0.43733573,0.43750748,0.00017175078,0.0,0.00017175078,1.0,0.61276174,0.0,0.0
0.23090029,0.000997331,1.4398308,0.25671265,-1.0927242,-0.19732568,-0.2549694,-0.25513238,-0.0001629889,0.0,-0.0001629889,1.0,2.9106925,0.0,0.0
1.5317701,0.000997331,0.13754623,1.126889,0.04390268,0.85272324,-1.1270789,-1.1275847,-0.000505805,0.0,-0.000505805,1.0,1.5317701,0.0,0.0
0.2539336,0.000997331,5.717719,0.07706953,0.29761946,0.34613395,-0.06828693,-0.06778097,0.0005059615,0.0,0.0005059615,1.0,0.2539336,0.0,0.0
0.17429338,0.000997331,3.9547932,-0.24557757,1.3932941,0.007634308,0.24746776,0.2469737,-0.0004940629,0.0,-0.0004940629,1.0,2.9672992,0.0,0.0
0.37995866,0.000997331,3.6437864,-0.50425327,1.2610344,-0.14697482,0.50708026,0.50740755,0.0003272891,0.0,0.0003272891,1.0,2.7616339,0.0,0.0
1.0451572,0.000997331,4.115443,-1.2020004,0.69608456,0.22884071,1.2025944,1.2026777,8.332729e-05,0.0,8.332729e-05,1.0,2.0964355,0.0,0.0
1.1735508,0.000997331,2.1360908,0.28450826,0.12007816,-1.2724168,-0.28416574,-0.28368476,0.00048097968,0.0,0.00048097968,1.0,1.1735508,0.0,0.0
0.3703777,0.000997331,4.905458,-0.28553694,0.73550665,0.42455178,0.28161654,0.28135926,-0.00025728345,0.0,-0.00025728345,1.0,2.771215,0.0,0.0
0.06530709,0.000997331,1.8959447,0.041101873,-0.6260301,-0.08204572,-0.041071035,-0.04167874,-0.0006077066,0.0,-0.0006077066,1.0,3.0762856,0.0,0.0
0.77376896,0.000997331,5.3856196,-0.11052759,0.11265059,0.9814529,0.10876645,0.108661935,-0.000104516745,0.0,-0.000104516745,1.0,2.3678236,0.0,0.0
1.497575,0.000997331,0.5061736,1.3558409,0.09967476,0.38869044,-1.355607,-1.3555788,2.8252602e-05,0.0,2.8252602e-05,1.0,1.497575,0.0,0.0
0.30871874,0.000997331,2.8173523,-0.19096613,0.59902334,-0.38540003,0.18798372,0.1877221,-0.0002616197,0.0,-0.0002616197,1.0,2.8328738,0.0,0.0
0.86963373,0.000997331,0.0018548821,0.765543,-0.6462887,0.76268005,-0.7668382,-0.76523757,0.0016006231,0.0,0.0016006231,1.0,2.2719588,0.0,0.0
0.40267825,0.000997331,5.488686,-0.005026618,-0.011017856,0.5517495,0.004170757,0.00415291,-1.7846934e-05,0.0,-1.7846934e-05,1.0,0.40267825,0.0,0.0
0.99118716,0.000997331,4.4332514,-1.0352199,0.67760646,0.57399404,1.0361284,1.0360162,-0.00011217594,0.0,-0.00011217594,1.0,2.1504054,0.0,0.0
0.36476922,0.000997331,6.1885514,0.32141277,0.83926046,0.3918299,-0.32114613,-0.32083184,0.0003142953,0.0,0.0003142953,1.0,0.36476922,0.0,0.0
1.1913254,0.000997331,4.698633,-0.9416548,-0.37659222,0.91542554,0.94133425,0.94131446,-1.9788742e-05,0.0,-1.9788742e-05,1.0,1.1913254,0.0,0.0
0.60366523,0.000997331,1.5723189,0.5665107,0.82223547,-0.568655,-0.56628025,-0.5663573,-7.7068806e-05,0.0,-7.7068806e-05,1.0,0.60366523,0.0,0.0
0.9227561,0.000997331,3.063402,-0.7326232,0.555248,-0.8570399,0.7320633,0.73174477,-0.00031852722,0.0,-0.00031852722,1.0,2.2188365,0.0,0.0
1.1614653,0.000997331,4.9259987,-0.7023956,0.30553848,1.0918604,0.7045989,0.70449257,-0.000106334686,0.0,-0.000106334686,1.0,1.9801273,0.0,0.0
0.43610513,0.000997331,5.329206,-0.10030271,0.21442065,0.58765554,0.10132122,0.100943744,-0.00037747622,0.0,-0.00037747622,1.0,2.7054875,0.0,0.0
0.8381323,0.000997331,5.4204574,-0.08102742,-0.07373592,1.047879,0.07925841,0.079351276,9.286404e-05,0.0,9.286404e-05,1.0,0.8381323,0.0,0.0
0.19394107,0.000997331,5.5885615,0.024664706,-0.123691745,0.2728775,-0.016118787,-0.016090104,2.8682873e-05,0.0,2.8682873e-05,1.0,2.9476516,0.0,0.0
0.4101308,0.000997331,0.34111843,0.50915265,-1.1709132,0.24281287,-0.5093833,-0.5089045,0.0004788041,0.0,0.0004788041,1.0,2.7314618,0.0,0.0
0.8570585,0.000997331,4.338467,-0.9797583,-0.84824234,0.42841938,0.9781902,0.97823006,3.9875507e-05,0.0,3.9875507e-05,1.0,0.8570585,0.0,0.0
0.99933803,0.000997331,3.0031986,-0.7171259,-0.46184123,-0.9494756,0.7157762,0.716146,0.00036978722,0.0,0.00036978722,1.0,0.99933803,0.0,0.0
0.004970921,0.000997331,2.8239458,-0.0031893346,0.6366476,-0.007030516,0.0029441044,0.0030015744,5.7470053e-05,0.0,5.7470053e-05,1.0,3.1366217,0.0,0.0
1.3545885,0.000997331,0.261795,1.1962862,0.26276743,0.6903708,-1.1959459,-1.196048,-0.00010216236,0.0,-0.00010216236,1.0,1.3545885,0.0,0.0
0.8577299,0.000997331,2.3516057,0.004819911,-0.0039323233,-1.0695215,-0.004002476,-0.004076719,-7.424271e-05,0.0,-7.424271e-05,1.0,2.2838628,0.0,0.0
1.448714,0.000997331,4.9111996,-0.777407,-0.095894605,1.1690185,0.779274,0.779489,0.00021499395,0.0,0.00021499395,1.0,1.448714,0.0,0.0
0.23116085,0.000997331,0.6498507,0.32120097,-1.3639607,0.043874484,-0.3238408,-0.32352173,0.00031906366,0.0,0.00031906366,1.0,2.9104319,0.0,0.0
0.26225695,0.000997331,3.01879,-0.22568825,-0.83957064,-0.28888053,0.2257829,0.22564289,-0.00014001131,0.0,-0.00014001131,1.0,0.26225695,0.0,0.0
1.4172697,0.000997331,0.31774217,1.2475667,0.19313917,0.6298189,-1.2471054,-1.2468188,0.00028657913,0.0,0.00028657913,1.0,1.4172697,0.0,0.0
0.60330844,0.000997331,1.9680172,0.3035748,-0.44081023,-0.7427772,-0.30093884,-0.30102584,-8.699298e-05,0.0,-8.699298e-05,1.0,2.5382843,0.0,0.0
0.4823042,0.000997331,3.2379131,-0.50644875,0.9666365,-0.41850647,0.50571525,0.5063273,0.0006120205,0.0,0.0006120205,1.0,2.6592884,0.0,0.0
0.8098544,0.000997331,0.044259023,0.7555444,0.71961296,0.69157887,-0.75485194,-0.75474775,0.00010418892,0.0,0.00010418892,1.0,0.8098544,0.0,0.0
1.4617264,0.000997331,3.3510919,-1.1792719,-0.12878047,-0.76469684,1.1801767,1.180325,0.00014829636,0.0,0.00014829636,1.0,1.4617264,0.0,0.0
0.9306601,0.000997331,5.3140206,-0.20710897,0.15444008,1.1153294,0.20501249,0.20468046,-0.00033202767,0.0,-0.00033202767,1.0,2.2109325,0.0,0.0
1.3136724,0.000997331,4.398128,-1.2187582,-0.32113165,0.6201836,1.2178812,1.2181172,0.0002360344,0.0,0.0002360344,1.0,1.3136724,0.0,0.0
1.0019242,0.000997331,4.4013944,-1.0603147,0.67774546,0.54442954,1.0612375,1.0611147,-0.00012278557,0.0,-0.00012278557,1.0,2.1396685,0.0,0.0
0.5274656,0.000997331,4.9316077,-0.38125622,-0.65615976,0.6013513,0.37779316,0.3778494,5.6236982e-05,0.0,5.6236982e-05,1.0,0.5274656,0.0,0.0
0.55387044,0.000997331,1.248184,0.66538167,1.0766366,-0.33253932,-0.66419506,-0.66408277,0.00011229515,0.0,0.00011229515,1.0,0.55387044,0.0,0.0
0.32604814,0.000997331,4.663879,-0.33514062,-0.9920348,0.30587476,0.33422965,0.33448723,0.00025758147,0.0,0.00025758147,1.0,0.32604814,0.0,0.0
1.2179174,0.000997331,5.7981176,0.3930315,0.14531615,1.2688241,-0.39598447,-0.3959294,5.507469e-05,0.0,5.507469e-05,1.0,1.2179174,0.0,0.0
0.6121828,0.000997331,0.5211744,0.7845653,1.1172429,0.21235646,-0.78624713,-0.7860279,0.00021922588,0.0,0.00021922588,1.0,0.6121828,0.0,0.0
1.1465815,0.000997331,3.3092597,-1.0507314,0.47461158,-0.74605376,1.0487003,1.0486491,-5.1259995e-05,0.0,-5.1259995e-05,1.0,1.9950111,0.0,0.0
1.5079316,0.000997331,5.8051767,0.42756382,-0.02722418,1.3464335,-0.4292247,-0.4293133,-8.8602304e-05,0.0,-8.8602304e-05,1.0,1.6336612,0.0,0.0
0.12234296,0.000997331,4.2982755,-0.16088611,-1.3088604,0.06318088,0.16397996,0.16346857,-0.00051139295,0.0,-0.00051139295,1.0,0.12234296,0.0,0.0
0.6296683,0.000997331,3.2157052,-0.6308924,-0.86596704,-0.5442656,0.62890637,0.6286361,-0.00027024746,0.0,-0.00027024746,1.0,0.6296683,0.0,0.0
0.9696552,0.000997331,0.0094080595,0.8324677,0.57111675,0.81699544,-0.8323454,-0.83104485,0.0013005733,0.0,0.0013005733,1.0,0.9696552,0.0,0.0
1.4719445,0.000997331,1.1241629,1.3273478,0.13148142,-0.46769935,-1.3273089,-1.327172,0.00013685226,0.0,0.00013685226,1.0,1.4719445,0.0,0.0
0.93643314,0.000997331,5.9057164,0.4517947,-0.33370918,1.0451052,-0.4489713,-0.4492153,-0.00024399161,0.0,-0.00024399161,1.0,2.2051594,0.0,0.0
0.28863275,0.000997331,3.5455885,-0.37420008,1.2584662,-0.1504682,0.37734228,0.37727806,-6.4224005e-05,0.0,-6.4224005e-05,1.0,2.8529599,0.0,0.0
0.46027902,0.000997331,1.2225679,0.56930107,-1.1484367,-0.26635483,-0.5711001,-0.5712985,-0.00019836426,0.0,-0.00019836426,1.0,2.6813138,0.0,0.0
0.34998408,0.000997331,3.08919,-0.32452336,-0.8883007,-0.36027604,0.323552,0.32332295,-0.00022906065,0.0,-0.00022906065,1.0,0.34998408,0.0,0.0
1.4454472,0.000997331,5.395793,-0.14286356,0.01865115,1.3970965,0.14306486,0.14301321,-5.1647425e-05,0.0,-5.1647425e-05,1.0,1.6961454,0.0,0.0
1.3571743,0.000997331,3.4340189,-1.2175251,0.26432517,-0.65336317,1.2158158,1.2159721,0.00015628338,0.0,0.00015628338,1.0,1.7844183,0.0,0.0
0.7446421,0.000997331,5.8247175,0.30754444,-0.3346516,0.9074398,-0.3027317,-0.3030063,-0.0002745986,0.0,-0.0002745986,1.0,2.3969505,0.0,0.0
0.327119,0.000997331,3.572746,-0.4267974,1.2561412,-0.15822265,0.4297927,0.42995495,0.00016224384,0.0,0.00016224384,1.0,2.8144736,0.0,0.0
1.0135276,0.000997331,1.21654,1.0904024,0.6798186,-0.5018182,-1.091589,-1.0917943,-0.0002052784,0.0,-0.0002052784,1.0,1.0135276,0.0,0.0
0.78951937,0.000997331,1.1838323,0.9253653,0.91832894,-0.3898793,-0.9255372,-0.9255939,-5.6684017e-05,0.0,-5.6684017e-05,1.0,0.78951937,0.0,0.0
0.053366378,0.000997331,0.7696457,0.07526267,1.4125583,0.00093191676,-0.07384114,-0.073679656,0.00016148388,0.0,0.00016148388,1.0,0.053366378,0.0,0.0
0.7485898,0.000997331,0.7509063,0.9619889,1.0353174,0.032919582,-0.96207374,-0.96287405,-0.00080031157,0.0,-0.00080031157,1.0,0.7485898,0.0,0.0
0.36473322,0.000997331,2.9627962,-0.2876573,-0.7525344,-0.4142497,0.28709736,0.28693974,-0.00015762448,0.0,-0.00015762448,1.0,0.36473322,0.0,0.0
0.21954602,0.000997331,3.8437133,-0.30710915,-1.3763622,-0.02589706,0.3073722,0.30739623,2.4020672e-05,0.0,2.4020672e-05,1.0,0.21954602,0.0,0.0
1.2386997,0.000997331,5.3022614,-0.25994903,-0.09011217,1.3122903,0.26338562,0.2632794,-0.00010621548,0.0,-0.00010621548,1.0,1.2386997,0.0,0.0
0.46021855,0.000997331,4.1998854,-0.605126,-1.2201054,0.17009379,0.6076905,0.60754037,-0.0001501441,0.0,-0.0001501441,1.0,0.46021855,0.0,0.0
1.4512676,0.000997331,3.5238428,-1.2916106,-0.1546453,-0.5499077,1.2908058,1.2909956,0.00018978119,0.0,0.00018978119,1.0,1.4512676,0.0,0.0
1.5499738,0.000997331,6.274725,0.9919133,-0.0213092,1.0070245,-0.997272,-0.99665457,0.0006174445,0.0,0.0006174445,1.0,1.5916188,0.0,0.0
1.3970895,0.000997331,0.72417974,1.3903487,0.24405587,0.08527125,-1.3904294,-1.390295,0.00013434887,0.0,0.00013434887,1.0,1.3970895,0.0,0.0
0.6589118,0.000997331,0.20521647,0.7241702,-0.9353236,0.47451955,-0.7247348,-0.72440255,0.0003322363,0.0,0.0003322363,1.0,2.4826808,0.0,0.0
0.22010776,0.000997331,0.68693,0.3074433,-1.3734753,0.030344717,-0.31004107,-0.30948657,0.000554502,0.0,0.000554502,1.0,2.921485,0.0,0.0
1.264444,0.000997331,3.4620128,-1.2052094,0.3811763,-0.6041915,1.2029268,1.2031553,0.00022852421,0.0,0.00022852421,1.0,1.8771486,0.0,0.0
0.17903507,0.000997331,0.28879955,0.22140895,-1.2234483,0.12064397,-0.22064045,-0.22017097,0.00046947598,0.0,0.00046947598,1.0,2.9625576,0.0,0.0
0.30946627,0.000997331,1.7300277,0.25231698,-0.78931797,-0.34893304,-0.25022689,-0.25049257,-0.0002656877,0.0,-0.0002656877,1.0,2.8321264,0.0,0.0
1.5157149,0.000997331,4.0004635,-1.4081011,-0.077706344,0.10324383,1.4049261,1.4047703,-0.00015580654,0.0,-0.00015580654,1.0,1.5157149,0.0,0.0
0.94335467,0.000997331,1.7099997,0.6891016,0.5002117,-0.9145699,-0.6879059,-0.68838304,-0.00047713518,0.0,-0.00047713518,1.0,0.94335467,0.0,0.0
1.3003223,0.000997331,5.387878,-0.1496243,-0.04165969,1.3557637,0.15281874,0.15266392,-0.00015482306,0.0,-0.00015482306,1.0,1.3003223,0.0,0.0
0.50300795,0.000997331,2.127147,0.15454242,0.2808009,-0.66380477,-0.1545735,-0.1545437,2.9802322e-05,0.0,2.9802322e-05,1.0,0.50300795,0.0,0.0
1.3633038,0.000997331,3.4339027,-1.2190464,0.25685185,-0.65434957,1.217377,1.2175286,0.00015163422,0.0,0.00015163422,1.0,1.778289,0.0,0.0
0.5524314,0.000997331,5.5942674,0.07121538,-0.11653748,0.73801064,-0.06664813,-0.06658225,6.5885484e-05,0.0,6.5885484e-05,1.0,2.5891612,0.0,0.0
0.8708348,0.000997331,0.09881551,0.8366389,0.70479226,0.68582284,-0.8364963,-0.8371082,-0.0006119013,0.0,-0.0006119013,1.0,0.8708348,0.0,0.0
0.73166037,0.000997331,2.01607,0.3150907,-0.35134268,-0.89088863,-0.31260908,-0.31273782,-0.00012874603,0.0,-0.00012874603,1.0,2.4099324,0.0,0.0
0.12994695,0.000997331,5.1088324,-0.06915929,-0.5297578,0.16862774,0.064745635,0.0647333,-1.23381615e-05,0.0,-1.23381615e-05,1.0,0.12994695,0.0,0.0
0.6124805,0.000997331,0.30953825,0.7226858,-1.0285673,0.37245148,-0.7222815,-0.7216078,0.0006737113,0.0,0.0006737113,1.0,2.529112,0.0,0.0
0.44977558,0.000997331,2.9189248,-0.32805827,-0.6788645,-0.5197983,0.32692724,0.3268802,-4.7057867e-05,0.0,-4.7057867e-05,1.0,0.44977558,0.0,0.0
1.4650594,0.000997331,1.2439016,1.261086,0.13377647,-0.62244904,-1.2609107,-1.2608888,2.193451e-05,0.0,2.193451e-05,1.0,1.4650594,0.0,0.0
0.24651995,0.000997331,5.7920713,0.09966232,0.39600998,0.33053407,-0.0899473,-0.089416906,0.00053039193,0.0,0.00053039193,1.0,0.24651995,0.0,0.0
0.61223537,0.000997331,0.5688573,0.7937945,-1.1300733,0.17495729,-0.79195976,-0.7926247,-0.0006649494,0.0,-0.0006649494,1.0,2.5293572,0.0,0.0
0.14447291,0.000997331,4.432774,-0.17809367,1.2244481,0.09928214,0.17571847,0.17607817,0.00035969913,0.0,0.00035969913,1.0,2.9971197,0.0,0.0
0.27523276,0.000997331,2.7477002,-0.14640042,0.51878536,-0.3556659,0.14364606,0.14342605,-0.00022001565,0.0,-0.00022001565,1.0,2.86636,0.0,0.0
1.1488198,0.000997331,6.097518,0.72862047,0.3290971,1.0644381,-0.7330937,-0.7331065,-1.2814999e-05,0.0,-1.2814999e-05,1.0,1.1488198,0.0,0.0
1.2142915,0.000997331,6.134063,0.7877268,-0.29497272,1.0656751,-0.7860557,-0.78654987,-0.0004941821,0.0,-0.0004941821,1.0,1.9273013,0.0,0.0
1.1981244,0.000997331,1.5740124,0.92825866,0.36336955,-0.9347954,-0.92788386,-0.92821187,-0.00032800436,0.0,-0.00032800436,1.0,1.1981244,0.0,0.0
0.5074574,0.000997331,5.7834897,0.19342162,-0.34762862,0.66028035,-0.185081,-0.18510136,-2.0354986e-05,0.0,-2.0354986e-05,1.0,2.6341352,0.0,0.0
0.8098611,0.000997331,1.1558641,0.95492065,-0.9087898,-0.37063769,-0.95637894,-0.956457,-7.8082085e-05,0.0,-7.8082085e-05,1.0,2.3317316,0.0,0.0
0.5102222,0.000997331,3.9350085,-0.6910267,-1.2343494,0.005681159,0.6934752,0.69366217,0.00018697977,0.0,0.00018697977,1.0,0.5102222,0.0,0.0
1.4097531,0.000997331,4.294906,-1.3025246,-0.21206295,0.50124204,1.301543,1.3016986,0.00015556812,0.0,0.00015556812,1.0,1.4097531,0.0,0.0
1.5570546,0.000997331,3.340841,-1.1782141,0.016620938,-0.78124946,1.1785808,1.1786321,5.1379204e-05,0.0,5.1379204e-05,1.0,1.584538,0.0,0.0
0.7413075,0.000997331,0.3356177,0.85995877,-0.93941355,0.41510808,-0.85900736,-0.85829735,0.0007100105,0.0,0.0007100105,1.0,2.4002852,0.0,0.0
0.73420286,0.000997331,4.1311197,-0.9280696,-1.0275238,0.19306642,0.9290861,0.9292716,0.00018548965,0.0,0.00018548965,1.0,0.73420286,0.0,0.0
0.11483344,0.000997331,0.54610693,0.1575576,-1.3651104,0.038720645,-0.16005188,-0.16055226,-0.000500381,0.0,-0.000500381,1.0,3.0267591,0.0,0.0
1.5131376,0.000997331,4.1928473,-1.3622918,0.078077555,0.3698848,1.3608174,1.3605883,-0.00022912025,0.0,-0.00022912025,1.0,1.628455,0.0,0.0
0.68869245,0.000997331,3.9118454,-0.8990723,-1.0915487,-0.013235672,0.90183383,0.90212667,0.00029283762,0.0,0.00029283762,1.0,0.68869245,0.0,0.0
1.4378936,0.000997331,5.4383984,-0.08327029,-0.010884244,1.4006884,0.08583148,0.085680686,-0.0001507923,0.0,-0.0001507923,1.0,1.4378936,0.0,0.0
0.99185574,0.000997331,2.538567,-0.21486694,0.1411811,-1.1643159,0.21573186,0.21588713,0.0001552701,0.0,0.0001552701,1.0,2.149737,0.0,0.0
1.3507105,0.000997331,5.4820647,-0.021539943,0.0053260364,1.3810167,0.02036186,0.020428665,6.680563e-05,0.0,6.680563e-05,1.0,1.7908821,0.0,0.0
1.4491496,0.000997331,4.1869926,-1.3566442,0.16519843,0.35982496,1.3552598,1.3549979,-0.0002619028,0.0,-0.0002619028,1.0,1.6924431,0.0,0.0
0.42129454,0.000997331,3.8273683,-0.57579935,-1.2848203,-0.057786275,0.5773404,0.5775722,0.00023180246,0.0,0.00023180246,1.0,0.42129454,0.0,0.0
0.53325355,0.000997331,5.284017,-0.15246141,0.2577377,0.7013362,0.15138084,0.15114054,-0.00024029613,0.0,-0.00024029613,1.0,2.608339,0.0,0.0
0.47540686,0.000997331,4.557984,-0.52262795,1.0158331,0.3831135,0.52101296,0.5211979,0.00018495321,0.0,0.00018495321,1.0,2.6661859,0.0,0.0
0.07292839,0.000997331,1.3247247,0.08830636,-1.210676,-0.0530835,-0.08671393,-0.08663455,7.9385936e-05,0.0,7.9385936e-05,1.0,3.0686643,0.0,0.0
1.0836413,0.000997331,3.9395366,-1.249701,-0.66096056,0.016174609,1.2495826,1.2499621,0.00037944317,0.0,0.00037944317,1.0,1.0836413,0.0,0.0
0.2899566,0.000997331,0.3901621,0.37321576,-1.250581,0.15632765,-0.37423953,-0.37389642,0.00034311414,0.0,0.00034311414,1.0,2.8516362,0.0,0.0
0.82171285,0.000997331,3.4258893,-0.9085605,-0.8448113,-0.49826342,0.90930426,0.909019,-0.00028526783,0.0,-0.00028526783,1.0,0.82171285,0.0,0.0
1.4013351,0.000997331,0.62184733,1.3753773,0.2354863,0.22699739,-1.3750769,-1.3749943,8.261204e-05,0.0,8.261204e-05,1.0,1.4013351,0.0,0.0
0.8278462,0.000997331,2.9844675,-0.61215305,0.56309277,-0.8428211,0.6110774,0.6108632,-0.0002142191,0.0,-0.0002142191,1.0,2.3137465,0.0,0.0
0.47047758,0.000997331,4.5513897,-0.5199561,-1.0225677,0.37619498,0.52061594,0.5204634,-0.00015252829,0.0,-0.00015252829,1.0,0.47047758,0.0,0.0
1.1940206,0.000997331,1.6623049,0.84085464,0.33332855,-1.0113536,-0.8400632,-0.8403302,-0.0002669692,0.0,-0.0002669692,1.0,1.1940206,0.0,0.0
0.67258424,0.000997331,0.7682554,0.8810451,-1.105904,0.015640128,-0.8802001,-0.8803525,-0.00015240908,0.0,-0.00015240908,1.0,2.4690084,0.0,0.0
0.7805851,0.000997331,4.1581907,-0.9692298,0.97777414,0.22847386,0.97167027,0.9713903,-0.00027996302,0.0,-0.00027996302,1.0,2.3610075,0.0,0.0
0.18851997,0.000997331,2.311778,0.011990832,-0.061306305,-0.26442945,-0.013419155,-0.013052486,0.00036666915,0.0,0.00036666915,1.0,2.9530728,0.0,0.0
0.93083525,0.000997331,0.22582605,0.9613727,-0.7158083,0.6020423,-0.9611286,-0.9606879,0.00044071674,0.0,0.00044071674,1.0,2.2107575,0.0,0.0
1.4142685,0.000997331,1.9170642,0.59409535,-0.09342206,-1.2646613,-0.59676945,-0.5967877,-1.8239021e-05,0.0,-1.8239021e-05,1.0,1.7273241,0.0,0.0
0.26010597,0.000997331,5.5249457,0.009672886,-0.036070224,0.36396235,-0.0019323118,-0.0020704586,-0.0001381468,0.0,-0.0001381468,1.0,2.8814867,0.0,0.0
0.062133368,0.000997331,6.2074556,0.057325028,0.9241543,0.061294615,-0.10889304,-0.10876658,0.0001264587,0.0,0.0001264587,1.0,0.062133368,0.0,0.0
0.75355387,0.000997331,1.514661,0.7217096,-0.7693638,-0.6453199,-0.722802,-0.722706,9.596348e-05,0.0,9.596348e-05,1.0,2.3880389,0.0,0.0
0.6108973,0.000997331,1.5317839,0.59563005,-0.8509562,-0.5514722,-0.59628975,-0.5958382,0.0004515648,0.0,0.0004515648,1.0,2.5306954,0.0,0.0
1.4527998,0.000997331,5.8568325,0.49400488,-0.059163786,1.3156658,-0.49609706,-0.49623698,-0.0001399219,0.0,-0.0001399219,1.0,1.6887928,0.0,0.0
0.60061145,0.000997331,2.1265728,0.18180633,-0.26530224,-0.77791166,-0.17926025,-0.17928156,-2.130866e-05,0.0,-2.130866e-05,1.0,2.5409813,0.0,0.0
0.6893828,0.000997331,3.0636938,-0.58458203,0.70958316,-0.6843915,0.5826133,0.5826409,2.759695e-05,0.0,2.759695e-05,1.0,2.45221,0.0,0.0
1.312855,0.000997331,1.7011889,0.83320475,-0.2195893,-1.0842493,-0.8351984,-0.83477634,0.0004220605,0.0,0.0004220605,1.0,1.8287377,0.0,0.0
1.3004346,0.000997331,4.461971,-1.1724992,-0.32576442,0.6941849,1.171787,1.1720036,0.00021660328,0.0,0.00021660328,1.0,1.3004346,0.0,0.0
1.0764815,0.000997331,5.052233,-0.5366341,-0.29044515,1.1232355,0.5388921,0.5390226,0.00013053417,0.0,0.00013053417,1.0,1.0764815,0.0,0.0
0.39638105,0.000997331,4.7095356,-0.38698325,0.92516017,0.38570145,0.3836323,0.38376766,0.00013536215,0.0,0.00013536215,1.0,2.7452116,0.0,0.0
1.319742,0.000997331,0.42842674,1.2835398,0.32927695,0.47853726,-1.2826414,-1.2822392,0.00040221214,0.0,0.00040221214,1.0,1.319742,0.0,0.0
0.586417,0.000997331,2.67716,-0.24665847,0.37229314,-0.7423607,0.24372672,0.24357219,-0.00015452504,0.0,-0.00015452504,1.0,2.5551755,0.0,0.0
0.15026529,0.000997331,4.243021,-0.20133439,-1.3298919,0.06625565,0.20455089,0.20411348,-0.0004374087,0.0,-0.0004374087,1.0,0.15026529,0.0,0.0
0.22670321,0.000997331,5.9602795,0.14270695,-0.61129993,0.28805003,-0.14253807,-0.1424402,9.787083e-05,0.0,9.787083e-05,1.0,2.9148893,0.0,0.0
0.8829575,0.000997331,3.8961434,-1.0924435,-0.89665174,-0.033189557,1.0945683,1.0948673,0.0002990961,0.0,0.0002990961,1.0,0.8829575,0.0,0.0
1.0447135,0.000997331,5.384728,-0.13780773,0.080188096,1.2156448,0.13546966,0.13513626,-0.00033339858,0.0,-0.00033339858,1.0,2.0968792,0.0,0.0
1.4395128,0.000997331,3.3571198,-1.1805897,0.15629998,-0.7555295,1.1799414,1.1800056,6.41346e-05,0.0,6.41346e-05,1.0,1.7020798,0.0,0.0
0.28644764,0.000997331,4.493974,-0.33699068,-1.1443777,0.21597753,0.3386634,0.33880937,0.00014597178,0.0,0.00014597178,1.0,0.28644764,0.0,0.0
0.80490905,0.000997331,1.4675268,0.79104066,0.7613563,-0.6430544,-0.7914775,-0.79173714,-0.00025963783,0.0,-0.00025963783,1.0,0.80490905,0.0,0.0
1.2287736,0.000997331,3.4812238,-1.2023033,-0.4275505,-0.5738745,1.2026289,1.2029387,0.00030982494,0.0,0.00030982494,1.0,1.2287736,0.0,0.0
0.3345424,0.000997331,6.089687,0.26005134,-0.74192333,0.38900355,-0.2618195,-0.2618424,-2.2888184e-05,0.0,-2.2888184e-05,1.0,2.8070502,0.0,0.0
0.81519735,0.000997331,2.8191955,-0.45971486,-0.43327975,-0.92079914,0.45707726,0.45740387,0.00032660365,0.0,0.00032660365,1.0,0.81519735,0.0,0.0
0.3301236,0.000997331,2.8500433,-0.21743132,-0.6335894,-0.40345788,0.2176967,0.21758616,-0.000110536814,0.0,-0.000110536814,1.0,0.3301236,0.0,0.0
1.3471771,0.000997331,2.749323,-0.52872944,0.12036803,-1.2738798,0.5316569,0.5321067,0.00044977665,0.0,0.00044977665,1.0,1.7944155,0.0,0.0
0.08116108,0.000997331,0.07111294,0.086570606,-1.0643647,0.07514806,-0.0851593,-0.08541384,-0.00025454164,0.0,-0.00025454164,1.0,3.0604315,0.0,0.0
0.7229539,0.000997331,3.4782078,-0.84331894,0.95461655,-0.40688062,0.8437575,0.843531,-0.00022649765,0.0,-0.00022649765,1.0,2.4186387,0.0,0.0
1.4999591,0.000997331,4.2866983,-1.3205272,0.09309624,0.49539125,1.320126,1.3199849,-0.0001411438,0.0,-0.0001411438,1.0,1.6416335,0.0,0.0
0.15651299,0.000997331,2.9265137,-0.11897662,0.753329,-0.18647155,0.11821345,0.11744693,-0.0007665232,0.0,-0.0007665232,1.0,2.9850798,0.0,0.0
1.3852361,0.000997331,4.449803,-1.2044039,-0.22689494,0.6932175,1.2042878,1.204545,0.00025725365,0.0,0.00025725365,1.0,1.3852361,0.0,0.0
0.5827376,0.000997331,4.5404434,-0.636429,0.9662112,0.44935846,0.63557845,0.6356034,2.4974346e-05,0.0,2.4974346e-05,1.0,2.558855,0.0,0.0
0.15000251,0.000997331,2.4376934,-0.016951488,0.11377052,-0.21060851,0.015162159,0.015432846,0.00027068704,0.0,0.00027068704,1.0,2.9915903,0.0,0.0
0.2856741,0.000997331,0.12983495,0.3158125,-1.0756841,0.24337174,-0.31307065,-0.3139158,-0.00084513426,0.0,-0.00084513426,1.0,2.8559186,0.0,0.0
1.3775648,0.000997331,4.926262,-0.751124,-0.1475929,1.1671882,0.7529677,0.75308084,0.000113129616,0.0,0.000113129616,1.0,1.3775648,0.0,0.0
1.3490794,0.000997331,5.1708474,-0.44338933,-0.10017862,1.3070219,0.44648135,0.44636983,-0.00011152029,0.0,-0.00011152029,1.0,1.3490794,0.0,0.0
1.1646968,0.000997331,4.1617427,-1.2638273,0.5424327,0.301597,1.2636015,1.2635622,-3.9339066e-05,0.0,-3.9339066e-05,1.0,1.9768958,0.0,0.0
1.5484654,0.000997331,0.032503705,1.0317913,0.02284734,0.96674097,-1.0321269,-1.0314661,0.0006607771,0.0,0.0006607771,1.0,1.5484654,0.0,0.0
0.5116002,0.000997331,1.3584889,0.58189225,-1.0366874,-0.37600765,-0.58331174,-0.58291,0.0004017353,0.0,0.0004017353,1.0,2.6299925,0.0,0.0
0.6988582,0.000997331,0.005544067,0.64691013,0.7698523,0.6397908,-0.645697,-0.6450839,0.0006130934,0.0,0.0006130934,1.0,0.6988582,0.0,0.0
1.3286312,0.000997331,3.5720797,-1.2873273,0.3178075,-0.47674164,1.2850018,1.2852829,0.0002810955,0.0,0.0002810955,1.0,1.8129615,0.0,0.0
0.04294519,0.000997331,2.6701522,-0.018943386,-0.4363141,-0.05814994,0.019249406,0.019165842,-8.356385e-05,0.0,-8.356385e-05,1.0,0.04294519,0.0,0.0
0.261325,0.000997331,1.7076715,0.22042884,0.8249374,-0.2908723,-0.21938592,-0.21985924,-0.00047332048,0.0,-0.00047332048,1.0,0.261325,0.0,0.0
0.46479732,0.000997331,2.8969665,-0.3261012,0.65076023,-0.54417944,0.3223577,0.3224374,7.969141e-05,0.0,7.969141e-05,1.0,2.6767952,0.0,0.0
1.4972148,0.000997331,5.038842,-0.6252308,-0.046201088,1.2648668,0.6273126,0.6274114,9.88245e-05,0.0,9.88245e-05,1.0,1.4972148,0.0,0.0
0.339763,0.000997331,0.19753188,0.3921193,-1.1096728,0.26187935,-0.3909138,-0.39114088,-0.0002270639,0.0,-0.0002270639,1.0,2.8018296,0.0,0.0
1.2277143,0.000997331,4.074782,-1.3172201,-0.4699996,0.19619149,1.3154469,1.3157804,0.0003335476,0.0,0.0003335476,1.0,1.2277143,0.0,0.0
0.02228693,0.000997331,4.7019954,-0.022520876,1.0090685,0.021666653,0.021269187,0.020945828,-0.00032335892,0.0,-0.00032335892,1.0,3.1193056,0.0,0.0
0.45707765,0.000997331,4.582678,-0.49450037,-1.0057814,0.38197434,0.4949003,0.4947842,-0.000116080046,0.0,-0.000116080046,1.0,0.45707765,0.0,0.0
0.095395744,0.000997331,1.8156301,0.069146335,0.7241409,-0.11521998,-0.06886424,-0.06876406,0.00010018051,0.0,0.00010018051,1.0,0.095395744,0.0,0.0
0.91814727,0.000997331,0.37180057,1.0288327,-0.7866583,0.45162132,-1.0281756,-1.0275174,0.0006581545,0.0,0.0006581545,1.0,2.2234454,0.0,0.0
1.0690594,0.000997331,1.1146227,1.173434,-0.6431351,-0.40063018,-1.1730857,-1.1727765,0.0003092289,0.0,0.0003092289,1.0,2.0725334,0.0,0.0
0.23758031,0.000997331,1.6730274,0.2098377,0.8673433,-0.25785717,-0.20847234,-0.20901212,-0.00053977966,0.0,-0.00053977966,1.0,0.23758031,0.0,0.0
0.5604001,0.000997331,3.9916651,-0.75075066,1.1954753,0.048994586,0.7534225,0.753156,-0.00026649237,0.0,-0.00026649237,1.0,2.5811925,0.0,0.0
0.21675912,0.000997331,5.363915,-0.040771276,0.18451983,0.30110073,0.04571668,0.04538252,-0.00033416227,0.0,-0.00033416227,1.0,2.9248335,0.0,0.0
0.26240402,0.000997331,1.0697925,0.35194895,1.3110222,-0.10345742,-0.35185134,-0.3521493,-0.00029796362,0.0,-0.00029796362,1.0,0.26240402,0.0,0.0
0.73677194,0.000997331,6.170444,0.5915677,0.65347695,0.74413025,-0.5817964,-0.58191466,-0.000118255615,0.0,-0.000118255615,1.0,0.73677194,0.0,0.0
0.5943977,0.000997331,5.9417415,0.3395075,0.5041078,0.71463895,-0.3304454,-0.33018136,0.00026404858,0.0,0.00026404858,1.0,0.5943977,0.0,0.0
0.10929272,0.000997331,3.0283191,-0.096276075,-0.87478423,-0.12054654,0.09759663,0.097512156,-8.447468e-05,0.0,-8.447468e-05,1.0,0.10929272,0.0,0.0
0.4832677,0.000997331,4.850724,-0.39588913,0.755025,0.52465916,0.3917961,0.39168316,-0.0001129508,0.0,-0.0001129508,1.0,2.658325,0.0,0.0
0.28094897,0.000997331,5.0932426,-0.15426114,0.53386295,0.35957712,0.15282497,0.15228876,-0.0005362034,0.0,-0.0005362034,1.0,2.8606436,0.0,0.0
0.03220717,0.000997331,4.8252606,-0.028419534,0.8793069,0.035121784,0.02812161,0.02781181,-0.00030979887,0.0,-0.00030979887,1.0,3.1093855,0.0,0.0
0.398023,0.000997331,4.82798,-0.34004787,0.8091462,0.42997536,0.336075,0.33597952,-9.548664e-05,0.0,-9.548664e-05,1.0,2.7435696,0.0,0.0
1.1722065,0.000997331,0.08427613,0.9960108,0.41950855,0.84069294,-0.99664307,-0.99750626,-0.00086319447,0.0,-0.00086319447,1.0,1.1722065,0.0,0.0
0.7463625,0.000997331,1.1808164,0.8860044,0.9586075,-0.37021786,-0.885945,-0.8859374,7.6293945e-06,0.0,7.6293945e-06,1.0,0.7463625,0.0,0.0
1.2344612,0.000997331,2.9326398,-0.727981,0.25503948,-1.1186621,0.72965723,0.7299856,0.000328362,0.0,0.000328362,1.0,1.9071314,0.0,0.0
0.14101942,0.000997331,5.4052877,-0.018417733,-0.12827128,0.19642071,0.020587457,0.020638622,5.1165e-05,0.0,5.1165e-05,1.0,0.14101942,0.0,0.0
1.4974381,0.000997331,1.8570101,0.6752379,0.050437327,-1.2383738,-0.67639446,-0.6764784,-8.392334e-05,0.0,-8.392334e-05,1.0,1.4974381,0.0,0.0
1.3752296,0.000997331,3.2121193,-1.0479494,-0.2076017,-0.9089034,1.0498663,1.0500059,0.00013959408,0.0,0.00013959408,1.0,1.3752296,0.0,0.0
1.2805815,0.000997331,4.4276967,-1.1891274,0.35477298,0.6497128,1.19035,1.1902971,-5.2928925e-05,0.0,-5.2928925e-05,1.0,1.8610113,0.0,0.0
0.3572796,0.000997331,4.4231577,-0.43502894,1.1657598,0.23665544,0.43385836,0.43430993,0.0004515648,0.0,0.0004515648,1.0,2.784313,0.0,0.0
0.46834683,0.000997331,4.991519,-0.30892503,-0.61233485,0.55864495,0.30411243,0.30416024,4.7802925e-05,0.0,4.7802925e-05,1.0,0.46834683,0.0,0.0
1.3848964,0.000997331,0.09192173,1.0688779,-0.20116723,0.88857436,-1.068536,-1.0689938,-0.00045776367,0.0,-0.00045776367,1.0,1.7566963,0.0,0.0
0.2816276,0.000997331,1.367914,0.32792115,1.1342013,-0.21644285,-0.32547608,-0.32628918,-0.00081309676,0.0,-0.00081309676,1.0,0.2816276,0.0,0.0
0.43376204,0.000997331,4.821481,-0.37150314,-0.8033945,0.4646525,0.36856917,0.36865777,8.8602304e-05,0.0,8.8602304e-05,1.0,0.43376204,0.0,0.0
1.1732663,0.000997331,5.188734,-0.39666626,0.16728604,1.2433107,0.39667776,0.39622015,-0.00045761466,0.0,-0.00045761466,1.0,1.9683263,0.0,0.0
0.1429256,0.000997331,4.0449505,-0.20035754,1.3911157,0.024626719,0.20126396,0.20088366,-0.00038030744,0.0,-0.00038030744,1.0,2.998667,0.0,0.0
0.5009166,0.000997331,3.0207527,-0.41871616,0.7649354,-0.53571653,0.41566467,0.4159717,0.00030702353,0.0,0.00030702353,1.0,2.640676,0.0,0.0
0.1793594,0.000997331,3.6651218,-0.24379843,-1.3446931,-0.06547402,0.24272245,0.24269378,-2.8669834e-05,0.0,-2.8669834e-05,1.0,0.1793594,0.0,0.0
1.4687562,0.000997331,1.7960348,0.74753356,0.077361315,-1.1918675,-0.74829805,-0.7482964,1.66893e-06,0.0,1.66893e-06,1.0,1.4687562,0.0,0.0
0.2403233,0.000997331,4.569422,-0.26940033,1.0997226,0.20233527,0.26659143,0.26708418,0.0004927516,0.0,0.0004927516,1.0,2.9012694,0.0,0.0
1.3772767,0.000997331,6.2385507,0.9370304,-0.1850219,1.0235382,-0.9386711,-0.93854547,0.00012564659,0.0,0.00012564659,1.0,1.7643161,0.0,0.0
1.126949,0.000997331,3.0499535,-0.8168781,0.38898194,-0.98131466,0.81704974,0.8170626,1.2874603e-05,0.0,1.2874603e-05,1.0,2.0146437,0.0,0.0
0.22945918,0.000997331,2.9773433,-0.18736523,-0.8008257,-0.26141688,0.18790421,0.18779802,-0.000106185675,0.0,-0.000106185675,1.0,0.22945918,0.0,0.0
0.43468347,0.000997331,0.23588562,0.5078933,1.0938075,0.3110267,-0.50621986,-0.5064055,-0.00018560886,0.0,-0.00018560886,1.0,0.43468347,0.0,0.0
1.3024122,0.000997331,0.9024365,1.3542789,-0.37228885,-0.15939257,-1.3531566,-1.3530009,0.00015568733,0.0,0.00015568733,1.0,1.8391805,0.0,0.0
0.44927233,0.000997331,4.2152524,-0.5892668,1.2220136,0.17574444,0.5904549,0.59053123,7.635355e-05,0.0,7.635355e-05,1.0,2.6923203,0.0,0.0
0.44984543,0.000997331,0.9573465,0.6060753,-1.2549205,-0.10501416,-0.6076818,-0.6074172,0.00026458502,0.0,0.00026458502,1.0,2.6917472,0.0,0.0
1.4125991,0.000997331,2.9737847,-0.8090938,-0.12948757,-1.1386037,0.8110092,0.81088984,-0.0001193881,0.0,-0.0001193881,1.0,1.4125991,0.0,0.0
0.28892148,0.000997331,0.7286861,0.40227264,1.3539739,0.022635877,-0.40334684,-0.40376508,-0.0004182458,0.0,-0.0004182458,1.0,0.28892148,0.0,0.0
0.20469882,0.000997331,2.1782684,0.05103592,-0.24440345,-0.28242832,-0.05163962,-0.051529527,0.000110093504,0.0,0.000110093504,1.0,2.936894,0.0,0.0
0.7285055,0.000997331,0.37091628,0.8618603,0.9659111,0.37930375,-0.8627974,-0.86229527,0.0005021095,0.0,0.0005021095,1.0,0.7285055,0.0,0.0
0.51618433,0.000997331,2.6936665,-0.23083156,0.40766132,-0.6584746,0.22746187,0.22739443,-6.7442656e-05,0.0,-6.7442656e-05,1.0,2.6254084,0.0,0.0
1.148305,0.000997331,4.2560983,-1.2205865,-0.5487094,0.4169893,1.2188977,1.2191732,0.00027549267,0.0,0.00027549267,1.0,1.148305,0.0,0.0
1.2411412,0.000997331,5.511787,0.018767366,0.0062179267,1.3393536,-0.016881179,-0.01695979,-7.8611076e-05,0.0,-7.8611076e-05,1.0,1.2411412,0.0,0.0
1.2999413,0.000997331,1.7721895,0.7512274,0.20943812,-1.1369985,-0.7507222,-0.7507535,-3.129244e-05,0.0,-3.129244e-05,1.0,1.2999413,0.0,0.0
1.4663253,0.000997331,0.86251116,1.4023533,0.14697358,-0.10838114,-1.4025924,-1.4023972,0.00019526482,0.0,0.00019526482,1.0,1.4663253,0.0,0.0
0.58485425,0.000997331,5.6286793,0.10174598,0.15492913,0.7718879,-0.101361185,-0.10161507,-0.00025388598,0.0,-0.00025388598,1.0,0.58485425,0.0,0.0
0.90799713,0.000997331,0.6074883,1.0972348,-0.85665715,0.19751817,-1.0967045,-1.0968335,-0.00012898445,0.0,-0.00012898445,1.0,2.2335956,0.0,0.0
0.6791862,0.000997331,3.3292956,-0.734547,0.9091054,-0.5009749,0.7343254,0.7343327,7.2717667e-06,0.0,7.2717667e-06,1.0,2.4624064,0.0,0.0
0.90897316,0.000997331,0.5199813,1.0766069,0.8384524,0.29253113,-1.0763172,-1.0766008,-0.0002835989,0.0,-0.0002835989,1.0,0.90897316,0.0,0.0
1.3650323,0.000997331,5.786058,0.3940617,0.08241114,1.3288373,-0.39597055,-0.39613008,-0.00015953183,0.0,-0.00015953183,1.0,1.3650323,0.0,0.0
1.0719836,0.000997331,3.316223,-1.0176097,-0.5544915,-0.71238846,1.0182643,1.0185218,0.00025749207,0.0,0.00025749207,1.0,1.0719836,0.0,0.0
1.5276643,0.000997331,5.8723555,0.5175623,0.022076624,1.3161898,-0.52029765,-0.52065516,-0.00035750866,0.0,-0.00035750866,1.0,1.5276643,0.0,0.0
1.2988896,0.000997331,0.7640874,1.3620008,-0.37962347,0.028764002,-1.361768,-1.3618462,-7.8201294e-05,0.0,-7.8201294e-05,1.0,1.842703,0.0,0.0
1.493194,0.000997331,0.18398316,1.1626371,0.09036336,0.7976257,-1.1627219,-1.1630604,-0.00033855438,0.0,-0.00033855438,1.0,1.493194,0.0,0.0
0.8970598,0.000997331,2.8816693,-0.5543885,-0.4430629,-0.95618105,0.5518714,0.55222654,0.00035512447,0.0,0.00035512447,1.0,0.8970598,0.0,0.0
1.1911293,0.000997331,6.202156,0.8509965,0.3414196,0.9998465,-0.8553814,-0.8554076,-2.6166439e-05,0.0,-2.6166439e-05,1.0,1.1911293,0.0,0.0
1.3186742,0.000997331,1.7889433,0.73576933,0.19039887,-1.1551721,-0.7354019,-0.73541474,-1.2814999e-05,0.0,-1.2814999e-05,1.0,1.3186742,0.0,0.0
1.1175323,0.000997331,5.985569,0.5962678,0.29225862,1.1230079,-0.6006053,-0.6004578,0.0001475215,0.0,0.0001475215,1.0,1.1175323,0.0,0.0
1.4322062,0.000997331,5.9230356,0.57839835,-0.08156816,1.2764664,-0.58082926,-0.5811598,-0.00033050776,0.0,-0.00033050776,1.0,1.7093865,0.0,0.0
1.2226995,0.000997331,6.1380186,0.7944014,-0.28988102,1.0658369,-0.7928835,-0.7933741,-0.00049060583,0.0,-0.00049060583,1.0,1.9188931,0.0,0.0
0.6414018,0.000997331,5.0484023,-0.36706653,-0.4934423,0.7622117,0.3641339,0.3643213,0.000187397,0.0,0.000187397,1.0,0.6414018,0.0,0.0
0.20990583,0.000997331,2.23732,0.035129413,-0.16346188,-0.29212838,-0.036083,-0.035787906,0.00029509515,0.0,0.00029509515,1.0,2.9316869,0.0,0.0
1.4841775,0.000997331,3.7406402,-1.3843871,-0.11985818,-0.2604909,1.3814852,1.3815253,4.005432e-05,0.0,4.005432e-05,1.0,1.4841775,0.0,0.0
0.3902695,0.000997331,2.0841238,0.14455251,-0.35081553,-0.5177194,-0.14318688,-0.14297256,0.0002143234,0.0,0.0002143234,1.0,2.7513232,0.0,0.0
0.42832664,0.000997331,5.291387,-0.11992389,-0.26322508,0.5732771,0.11452606,0.11444107,-8.499622e-05,0.0,-8.499622e-05,1.0,0.42832664,0.0,0.0
0.0021343506,0.000997331,0.4783928,0.002949629,-1.3484633,0.0012257434,-0.004403688,-0.0041936105,0.0002100775,0.0,0.0002100775,1.0,3.1394584,0.0,0.0
1.0997069,0.000997331,0.5007546,1.2094698,0.61592793,0.35374826,-1.2084868,-1.2083778,0.00010895729,0.0,0.00010895729,1.0,1.0997069,0.0,0.0
1.4221504,0.000997331,4.666986,-1.0333629,0.15446423,0.9427166,1.0362606,1.0365841,0.000323534,0.0,0.000323534,1.0,1.7194424,0.0,0.0
1.2571642,0.000997331,5.62274,0.16794543,-0.054532103,1.3352711,-0.17032227,-0.17000996,0.00031231344,0.0,0.00031231344,1.0,1.8844284,0.0,0.0
1.1766889,0.000997331,1.1469375,1.2214217,0.50803375,-0.4619819,-1.222738,-1.2226506,8.738041e-05,0.0,8.738041e-05,1.0,1.1766889,0.0,0.0
0.29835644,0.000997331,5.7449965,0.101718545,-0.32841703,0.40514293,-0.09257913,-0.09241271,0.00016641617,0.0,0.00016641617,1.0,2.8432362,0.0,0.0
0.029032543,0.000997331,1.6217071,0.027463349,-0.9470438,-0.029885884,-0.027228005,-0.025893385,0.0013346206,0.0,0.0013346206,1.0,3.11256,0.0,0.0
0.431586,0.000997331,0.6356928,0.58502644,1.2704997,0.088205814,-0.5869523,-0.58714473,-0.0001924038,0.0,-0.0001924038,1.0,0.431586,0.0,0.0
0.660445,0.000997331,1.7222743,0.5135654,0.66147053,-0.6992086,-0.51334906,-0.5135267,-0.00017762184,0.0,-0.00017762184,1.0,0.660445,0.0,0.0
1.0068718,0.000997331,2.2507663,0.12569763,-0.07968651,-1.1890808,-0.12557383,-0.12538362,0.00019021332,0.0,0.00019021332,1.0,2.1347208,0.0,0.0
1.4486685,0.000997331,4.7310457,-0.97439504,0.11931763,1.0107552,0.9773078,0.9776712,0.00036340952,0.0,0.00036340952,1.0,1.6929241,0.0,0.0
1.4883628,0.000997331,5.4897423,-0.011318965,-0.00059327856,1.4108838,0.01328485,0.013180045,-0.00010480452,0.0,-0.00010480452,1.0,1.4883628,0.0,0.0
1.5604651,0.000997331,3.9317887,-1.4139459,-0.014729295,0.0065616807,1.4105382,1.4103675,-0.0001707077,0.0,-0.0001707077,1.0,1.5604651,0.0,0.0
1.4131807,0.000997331,4.843883,-0.85011226,0.13510588,1.1089077,0.8529801,0.85324776,0.00026768446,0.0,0.00026768446,1.0,1.728412,0.0,0.0
0.027669584,0.000997331,1.3118951,0.033655293,1.2217268,-0.019653449,-0.034039773,-0.034302846,-0.00026307255,0.0,-0.00026307255,1.0,0.027669584,0.0,0.0
1.142368,0.000997331,3.0474322,-0.8202842,0.375202,-0.9904414,0.82052284,0.82056534,4.249811e-05,0.0,4.249811e-05,1.0,1.9992247,0.0,0.0
0.041570086,0.000997331,1.7903941,0.03134484,0.75710034,-0.04941912,-0.030879,-0.030766781,0.00011221878,0.0,0.00011221878,1.0,0.041570086,0.0,0.0
0.9508115,0.000997331,4.150838,-1.1227392,0.8004581,0.255468,1.124135,1.1241068,-2.8252602e-05,0.0,-2.8252602e-05,1.0,2.190781,0.0,0.0
0.6052784,0.000997331,4.3021183,-0.74911344,1.0825826,0.29597285,0.7507824,0.7505715,-0.00021088123,0.0,-0.00021088123,1.0,2.5363142,0.0,0.0
0.53779745,0.000997331,1.7108616,0.4356607,-0.7308652,-0.5792558,-0.43448454,-0.43429434,0.00019019842,0.0,0.00019019842,1.0,2.6037953,0.0,0.0
1.4860439,0.000997331,3.4978204,-1.2813463,0.10913807,-0.58551383,1.2799962,1.2801092,0.00011301041,0.0,0.00011301041,1.0,1.6555487,0.0,0.0
1.1542501,0.000997331,4.3351493,-1.1874197,0.5248251,0.51283145,1.1879919,1.1878672,-0.00012469292,0.0,-0.00012469292,1.0,1.9873426,0.0,0.0
0.17258395,0.000997331,5.134885,-0.08627476,0.49368155,0.22635433,0.087209046,0.08688355,-0.0003254935,0.0,-0.0003254935,1.0,2.9690087,0.0,0.0
0.7054509,0.000997331,0.15590057,0.7411963,-0.87045085,0.5396949,-0.7422025,-0.74228644,-8.392334e-05,0.0,-8.392334e-05,1.0,2.4361417,0.0,0.0
0.9748392,0.000997331,2.8059828,-0.5088955,-0.34564954,-1.0540563,0.5067078,0.50685537,0.0001475811,0.0,0.0001475811,1.0,0.9748392,0.0,0.0
0.30633375,0.000997331,2.425414,-0.02964895,-0.093480796,-0.42553228,0.029674437,0.029485371,-0.00018906593,0.0,-0.00018906593,1.0,0.30633375,0.0,0.0
0.50133383,0.000997331,5.6996474,0.13586938,0.24953502,0.6637596,-0.13169117,-0.13171104,-1.9863248e-05,0.0,-1.9863248e-05,1.0,0.50133383,0.0,0.0
0.256095,0.000997331,4.8924966,-0.2036565,0.77753717,0.294273,0.20056808,0.20039809,-0.00016999245,0.0,-0.00016999245,1.0,2.8854976,0.0,0.0
0.9412489,0.000997331,4.5841184,-0.904897,-0.659799,0.6983291,0.90282696,0.9027892,-3.7789345e-05,0.0,-3.7789345e-05,1.0,0.9412489,0.0,0.0
0.025143404,0.000997331,5.8151965,0.011306124,0.4378493,0.035768226,-0.011466265,-0.010704541,0.0007617241,0.0,0.0007617241,1.0,0.025143404,0.0,0.0
0.9256859,0.000997331,0.020409865,0.81521964,0.6136596,0.78268516,-0.81492215,-0.8141345,0.0007876754,0.0,0.0007876754,1.0,0.9256859,0.0,0.0
0.0096153775,0.000997331,4.4845395,-0.011405781,-1.2004005,0.007662067,0.010494834,0.011612845,0.0011180108,0.0,0.0011180108,1.0,0.0096153775,0.0,0.0
1.2842572,0.000997331,4.9882426,-0.66202986,-0.1957736,1.1840711,0.66426635,0.6642449,-2.1457672e-05,0.0,-2.1457672e-05,1.0,1.2842572,0.0,0.0
1.3689532,0.000997331,3.2563708,-1.0856216,0.22259432,-0.8601635,1.0850528,1.0851003,4.7445297e-05,0.0,4.7445297e-05,1.0,1.7726394,0.0,0.0
1.3867866,0.000997331,4.5655355,-1.1168702,0.20755711,0.8280219,1.1193306,1.1195297,0.00019907951,0.0,0.00019907951,1.0,1.754806,0.0,0.0
0.64624524,0.000997331,2.1697266,0.1575786,0.20896074,-0.8366022,-0.15616387,-0.15646318,-0.00029930472,0.0,-0.00029930472,1.0,0.64624524,0.0,0.0
1.5612869,0.000997331,5.7879653,0.40512034,-0.004027078,1.3564025,-0.406541,-0.40666908,-0.00012809038,0.0,-0.00012809038,1.0,1.5803057,0.0,0.0
0.43766594,0.000997331,5.43286,-0.038711578,-0.0824043,0.5958302,0.035906468,0.035764,-0.00014246628,0.0,-0.00014246628,1.0,0.43766594,0.0,0.0
1.1849986,0.000997331,0.86943126,1.3056937,-0.53005975,-0.11008778,-1.3051522,-1.3046417,0.0005104542,0.0,0.0005104542,1.0,1.956594,0.0,0.0
1.1108309,0.000997331,1.5060148,0.95209825,0.47205943,-0.83671844,-0.95219284,-0.9526587,-0.0004658699,0.0,-0.0004658699,1.0,1.1108309,0.0,0.0
1.0752268,0.000997331,5.850688,0.43029448,0.2339744,1.1676422,-0.43387902,-0.43363327,0.00024574995,0.0,0.00024574995,1.0,1.0752268,0.0,0.0
1.4710357,0.000997331,4.9721637,-0.7065212,0.0708041,1.217881,0.7087079,0.70887184,0.00016391277,0.0,0.00016391277,1.0,1.6705569,0.0,0.0
0.042810958,0.000997331,6.143035,0.036718987,0.851874,0.045076102,-0.07858338,-0.078184426,0.00039895624,0.0,0.00039895624,1.0,0.042810958,0.0,0.0
1.060893,0.000997331,1.8834646,0.5621406,-0.31488758,-1.0993698,-0.5634536,-0.56307113,0.000382483,0.0,0.000382483,1.0,2.0806994,0.0,0.0
0.49015644,0.000997331,4.882611,-0.3839329,0.72012395,0.5439237,0.37974882,0.3795963,-0.00015252829,0.0,-0.00015252829,1.0,2.6514363,0.0,0.0
0.5139334,0.000997331,3.7571604,-0.685603,-1.2143269,-0.11786703,0.68755865,0.6877872,0.00022852421,0.0,0.00022852421,1.0,0.5139334,0.0,0.0
0.19597667,0.000997331,5.6669307,0.046448715,-0.23080973,0.27355927,-0.03786708,-0.037763476,0.00010360405,0.0,0.00010360405,1.0,2.945616,0.0,0.0
0.16095637,0.000997331,5.0449815,-0.098712616,-0.6089507,0.20325308,0.09308473,0.09330891,0.00022418052,0.0,0.00022418052,1.0,0.16095637,0.0,0.0
0.20026644,0.000997331,0.0012622412,0.19925505,0.9813174,0.19887865,-0.20165291,-0.20023227,0.0014206469,0.0,0.0014206469,1.0,0.20026644,0.0,0.0
0.8468481,0.000997331,6.050831,0.55625427,0.49437422,0.9009886,-0.55220944,-0.5521703,3.916025e-05,0.0,3.916025e-05,1.0,0.8468481,0.0,0.0
1.0888314,0.000997331,3.7341583,-1.2300766,-0.6423874,-0.23978558,1.23055,1.2307656,0.0002155304,0.0,0.0002155304,1.0,1.0888314,0.0,0.0
1.0193098,0.000997331,3.8624084,-1.2023172,0.7382071,-0.07828277,1.2022939,1.2027072,0.0004132986,0.0,0.0004132986,1.0,2.122283,0.0,0.0
0.701563,0.000997331,3.5507503,-0.84922385,-1.0048649,-0.33611733,0.85094154,0.8507372,-0.00020432472,0.0,-0.00020432472,1.0,0.701563,0.0,0.0
1.3297979,0.000997331,0.8334665,1.3717885,0.3371699,-0.065894604,-1.372313,-1.3719833,0.0003297329,0.0,0.0003297329,1.0,1.3297979,0.0,0.0
0.14564468,0.000997331,5.491685,-0.0014261995,-0.008173737,0.20401646,0.006065009,0.0062208343,0.00015582517,0.0,0.00015582517,1.0,0.14564468,0.0,0.0
1.4088802,0.000997331,4.475733,-1.190978,-0.1953833,0.727193,1.1911821,1.1914555,0.0002733469,0.0,0.0002733469,1.0,1.4088802,0.0,0.0
1.0757971,0.000997331,4.8196826,-0.7809975,0.42254838,0.9697764,0.7827729,0.7828032,3.027916e-05,0.0,3.027916e-05,1.0,2.0657957,0.0,0.0
0.37008128,0.000997331,1.3780903,0.4239545,1.0935811,-0.2859455,-0.42149502,-0.4220998,-0.0006047785,0.0,-0.0006047785,1.0,0.37008128,0.0,0.0
0.22634448,0.000997331,3.9903004,-0.31718862,1.376313,0.02095898,0.31877998,0.31854373,-0.00023624301,0.0,-0.00023624301,1.0,2.9152482,0.0,0.0
1.4193869,0.000997331,5.582145,0.11794642,0.018153397,1.3947623,-0.116457745,-0.11658149,-0.0001237467,0.0,-0.0001237467,1.0,1.4193869,0.0,0.0
1.1335971,0.000997331,1.8870836,0.5789666,0.27140456,-1.1429672,-0.5773947,-0.5773227,7.200241e-05,0.0,7.200241e-05,1.0,1.1335971,0.0,0.0
1.5647252,0.000997331,4.2823215,-1.325939,-0.008609743,0.49087965,1.3253169,1.3252519,-6.496906e-05,0.0,-6.496906e-05,1.0,1.5647252,0.0,0.0
1.0413909,0.000997331,2.8125172,-0.5381008,0.31581554,-1.0955142,0.53949887,0.53971124,0.00021237135,0.0,0.00021237135,1.0,2.1002018,0.0,0.0
0.9593216,0.000997331,0.88444835,1.1523955,-0.807624,-0.11426608,-1.1525862,-1.1519121,0.00067412853,0.0,0.00067412853,1.0,2.182271,0.0,0.0
0.97591406,0.000997331,1.1399986,1.098571,-0.74274683,-0.4064347,-1.0989431,-1.0987197,0.00022339821,0.0,0.00022339821,1.0,2.1656785,0.0,0.0
0.11899324,0.000997331,5.9982886,0.08190911,-0.67125475,0.14976224,-0.09303296,-0.0932976,-0.00026463717,0.0,-0.00026463717,1.0,3.0225995,0.0,0.0
0.027397966,0.000997331,4.253887,-0.036668375,-1.3400049,0.012732607,0.038069583,0.038279306,0.00020972267,0.0,0.00020972267,1.0,0.027397966,0.0,0.0
1.0431342,0.000997331,0.40957922,1.1366311,-0.6626586,0.4486168,-1.1368756,-1.1364157,0.00045990944,0.0,0.00045990944,1.0,2.0984585,0.0,0.0
1.156486,0.000997331,3.8595052,-1.2917249,0.5668416,-0.08778513,1.2904644,1.2909151,0.00045073032,0.0,0.00045073032,1.0,1.9851066,0.0,0.0
0.10457228,0.000997331,0.16668889,0.12019722,-1.1453376,0.085882664,-0.11777119,-0.11786075,-8.955598e-05,0.0,-8.955598e-05,1.0,3.0370204,0.0,0.0
1.0803777,0.000997331,1.3651518,1.0438572,-0.55691135,-0.68317544,-1.0441904,-1.044336,-0.00014555454,0.0,-0.00014555454,1.0,2.061215,0.0,0.0
0.08104473,0.000997331,1.943027,0.04583423,0.56574965,-0.10456222,-0.046175327,-0.046110936,6.439164e-05,0.0,6.439164e-05,1.0,0.08104473,0.0,0.0
0.46432477,0.000997331,0.5748538,0.6193954,1.2368336,0.1324505,-0.621113,-0.6211301,-1.7106533e-05,0.0,-1.7106533e-05,1.0,0.46432477,0.0,0.0
0.6881218,0.000997331,3.1319566,-0.62894267,0.76506966,-0.64206326,0.6273861,0.62742174,3.5643578e-05,0.0,3.5643578e-05,1.0,2.453471,0.0,0.0
1.5424336,0.000997331,3.4770555,-1.2730134,-0.035704415,-0.6138234,1.2723737,1.2724965,0.00012278557,0.0,0.00012278557,1.0,1.5424336,0.0,0.0
0.59204555,0.000997331,1.0992943,0.7509061,-1.1162832,-0.24358784,-0.75291663,-0.75339156,-0.0004749298,0.0,-0.0004749298,1.0,2.5495472,0.0,0.0
0.8776638,0.000997331,4.5864124,-0.85962003,-0.71457225,0.6667586,0.85757065,0.85758114,1.04904175e-05,0.0,1.04904175e-05,1.0,0.8776638,0.0,0.0
1.4021337,0.000997331,3.6637957,-1.3460966,-0.2286201,-0.36195463,1.3440764,1.3442461,0.00016975403,0.0,0.00016975403,1.0,1.4021337,0.0,0.0
0.3774314,0.000997331,3.2305596,-0.39988187,-1.008234,-0.33448914,0.39844826,0.39819223,-0.00025603175,0.0,-0.00025603175,1.0,0.3774314,0.0,0.0
0.6210031,0.000997331,6.096745,0.46330467,0.64861786,0.68062556,-0.45226666,-0.4520055,0.00026115775,0.0,0.00026115775,1.0,0.6210031,0.0,0.0
0.4586186,0.000997331,5.9527826,0.2744672,0.5565548,0.56280994,-0.263158,-0.26267213,0.00048586726,0.0,0.00048586726,1.0,0.4586186,0.0,0.0
1.1227812,0.000997331,6.12712,0.75061095,0.36290896,1.0297139,-0.75417554,-0.7542122,-3.6656857e-05,0.0,-3.6656857e-05,1.0,1.1227812,0.0,0.0
1.4054325,0.000997331,1.6321803,0.92416584,-0.15383355,-1.0446868,-0.92545605,-0.925117,0.00033903122,0.0,0.00033903122,1.0,1.7361602,0.0,0.0
0.42067024,0.000997331,0.24981576,0.4966697,1.1101002,0.29471776,-0.49497446,-0.4951773,-0.0002028346,0.0,-0.0002028346,1.0,0.42067024,0.0,0.0
1.3850427,0.000997331,4.0582423,-1.3778076,-0.25871432,0.18156958,1.3752089,1.3752893,8.046627e-05,0.0,8.046627e-05,1.0,1.3850427,0.0,0.0
0.852735,0.000997331,2.1583972,0.20895024,0.18293971,-1.0438428,-0.20691116,-0.20711672,-0.00020556152,0.0,-0.00020556152,1.0,0.852735,0.0,0.0
1.3450986,0.000997331,3.7360291,-1.3532407,-0.3099827,-0.2610201,1.3510227,1.3512087,0.00018596649,0.0,0.00018596649,1.0,1.3450986,0.0,0.0
0.7436703,0.000997331,1.7430048,0.5509863,-0.5995054,-0.78362733,-0.55022776,-0.5503726,-0.00014483929,0.0,-0.00014483929,1.0,2.3979223,0.0,0.0
0.33751547,0.000997331,0.24388665,0.4013326,1.1433066,0.24122311,-0.3997383,-0.40037227,-0.000633955,0.0,-0.000633955,1.0,0.33751547,0.0,0.0
0.096408926,0.000997331,1.4439305,0.10755221,-1.1134819,-0.0832841,-0.105728425,-0.10543047,0.00029795617,0.0,0.00029795617,1.0,3.0451837,0.0,0.0
1.3100531,0.000997331,3.2149005,-1.0346855,-0.27619293,-0.89251006,1.0364677,1.0366911,0.00022339821,0.0,0.00022339821,1.0,1.3100531,0.0,0.0
1.1037929,0.000997331,6.08678,0.701573,-0.35518396,1.0497719,-0.6981307,-0.69863033,-0.00049960613,0.0,-0.00049960613,1.0,2.0377998,0.0,0.0
0.8736622,0.000997331,4.713746,-0.7654413,-0.6419517,0.7677529,0.7639965,0.7641382,0.00014173985,0.0,0.00014173985,1.0,0.8736622,0.0,0.0
0.8856804,0.000997331,0.5351036,1.0609902,-0.86720663,0.27145398,-1.0600959,-1.0602813,-0.00018537045,0.0,-0.00018537045,1.0,2.2559123,0.0,0.0
1.3579686,0.000997331,5.5833974,0.11833918,0.025640136,1.3789327,-0.116882525,-0.117010124,-0.00012759864,0.0,-0.00012759864,1.0,1.3579686,0.0,0.0
0.31436324,0.000997331,0.9609562,0.43047288,1.3245084,-0.076950036,-0.43129063,-0.4315121,-0.00022146106,0.0,-0.00022146106,1.0,0.31436324,0.0,0.0
0.8783785,0.000997331,6.279512,0.76700675,-0.634888,0.7748541,-0.7572464,-0.7564081,0.0008382797,0.0,0.0008382797,1.0,2.263214,0.0,0.0
0.4073682,0.000997331,4.0567503,-0.5559205,-1.2879138,0.07279633,0.55846095,0.55846584,4.887581e-06,0.0,4.887581e-06,1.0,0.4073682,0.0,0.0
0.100805655,0.000997331,2.3638277,-0.0011814255,-0.010914717,-0.14250176,-2.6002526e-05,-0.00027649384,-0.0002504913,0.0,-0.0002504913,1.0,0.100805655,0.0,0.0
1.1559374,0.000997331,4.7818255,-0.84958506,-0.37526882,0.97590923,0.84977835,0.8497308,-4.7564507e-05,0.0,-4.7564507e-05,1.0,1.1559374,0.0,0.0
0.660664,0.000997331,0.97597176,0.852059,1.096544,-0.164915,-0.8519382,-0.8522038,-0.0002655983,0.0,-0.0002655983,1.0,0.660664,0.0,0.0
0.042176373,0.000997331,4.704333,-0.042488396,1.0061291,0.041486055,0.040952556,0.04074678,-0.00020577759,0.0,-0.00020577759,1.0,3.0994163,0.0,0.0
1.3523862,0.000997331,3.681641,-1.3392497,-0.29654354,-0.3346444,1.3373526,1.3375566,0.0002039671,0.0,0.0002039671,1.0,1.3523862,0.0,0.0
0.5084737,0.000997331,4.518718,-0.5713189,-1.025059,0.3853888,0.571997,0.5718113,-0.00018566847,0.0,-0.00018566847,1.0,0.5084737,0.0,0.0
1.3879104,0.000997331,4.8425503,-0.84775555,-0.15755567,1.1023326,0.84925145,0.8494494,0.00019794703,0.0,0.00019794703,1.0,1.3879104,0.0,0.0
0.45801705,0.000997331,1.6526501,0.40423393,0.8205887,-0.47668582,-0.4036944,-0.40387592,-0.00018152595,0.0,-0.00018152595,1.0,0.45801705,0.0,0.0
0.15078163,0.000997331,2.0459712,0.06497699,-0.42604285,-0.20175177,-0.06498507,-0.06552968,-0.0005446151,0.0,-0.0005446151,1.0,2.990811,0.0,0.0
0.17327045,0.000997331,1.0475953,0.2353178,1.3455611,-0.06350565,-0.23572776,-0.23570625,2.1502376e-05,0.0,2.1502376e-05,1.0,0.17327045,0.0,0.0
0.6347153,0.000997331,4.167451,-0.81466657,-1.1055926,0.20067838,0.8160783,0.8161228,4.4465065e-05,0.0,4.4465065e-05,1.0,0.6347153,0.0,0.0
0.25050196,0.000997331,3.0300674,-0.21875724,0.85426503,-0.2751242,0.21762514,0.21704137,-0.0005837679,0.0,-0.0005837679,1.0,2.8910906,0.0,0.0
1.3913034,0.000997331,4.7627707,-0.93348753,-0.17025527,1.031785,0.9346962,0.93495166,0.0002554655,0.0,0.0002554655,1.0,1.3913034,0.0,0.0
0.9059319,0.000997331,2.5732985,-0.23980996,-0.18792325,-1.0863156,0.23834532,0.23816037,-0.00018495321,0.0,-0.00018495321,1.0,0.9059319,0.0,0.0
0.7026159,0.000997331,2.98843,-0.53996634,0.6383791,-0.7377978,0.5377319,0.5377061,-2.5808811e-05,0.0,-2.5808811e-05,1.0,2.4389768,0.0,0.0
0.15303427,0.000997331,2.1507995,0.044146664,-0.2843936,-0.21059883,-0.044845242,-0.045011498,-0.00016625598,0.0,-0.00016625598,1.0,2.9885583,0.0,0.0
0.29092097,0.000997331,5.7485747,0.1006883,-0.33376914,0.3951149,-0.091625415,-0.09145717,0.00016824156,0.0,0.00016824156,1.0,2.8506718,0.0,0.0
0.8436486,0.000997331,0.85395586,1.0540416,0.93785685,-0.072572656,-1.0533975,-1.0541567,-0.00075912476,0.0,-0.00075912476,1.0,0.8436486,0.0,0.0
0.3698224,0.000997331,4.879272,-0.2961324,0.76410925,0.41644153,0.29218537,0.2919837,-0.00020167232,0.0,-0.00020167232,1.0,2.7717702,0.0,0.0
1.141229,0.000997331,3.0702305,-0.84223413,-0.38649088,-0.9719409,0.842672,0.8429505,0.0002785325,0.0,0.0002785325,1.0,1.141229,0.0,0.0
0.8384173,0.000997331,1.4641017,0.8183708,0.73645264,-0.6606309,-0.8188762,-0.81919706,-0.0003208518,0.0,-0.0003208518,1.0,0.8384173,0.0,0.0
1.5209162,0.000997331,2.4254034,-0.09788965,-0.0051539876,-1.4098415,0.098111436,0.09801388,-9.75579e-05,0.0,-9.75579e-05,1.0,1.5209162,0.0,0.0
0.2859293,0.000997331,3.4084027,-0.34689593,1.1783333,-0.1987775,0.3492082,0.3491257,-8.249283e-05,0.0,-8.249283e-05,1.0,2.8556633,0.0,0.0
1.3372557,0.000997331,0.43527925,1.2924485,-0.3073994,0.47200122,-1.293606,-1.2935641,4.196167e-05,0.0,4.196167e-05,1.0,1.8043369,0.0,0.0
0.51729864,0.000997331,5.3790407,-0.08293271,0.14489663,0.693207,0.08381632,0.083647214,-0.00016910583,0.0,-0.00016910583,1.0,2.624294,0.0,0.0
1.2471232,0.000997331,3.8053324,-1.3308656,-0.44551575,-0.16225721,1.3292189,1.3294793,0.0002604723,0.0,0.0002604723,1.0,1.2471232,0.0,0.0
1.1045573,0.000997331,5.348815,-0.18756735,-0.095234185,1.2500132,0.18993917,0.19001293,7.376075e-05,0.0,7.376075e-05,1.0,1.1045573,0.0,0.0
0.5363863,0.000997331,5.3910985,-0.07703901,0.12870213,0.7173726,0.07788046,0.077753365,-0.000127092,0.0,-0.000127092,1.0,2.6052063,0.0,0.0
1.4586936,0.000997331,3.7566903,-1.3848765,-0.15548265,-0.23766053,1.3819488,1.3820007,5.185604e-05,0.0,5.185604e-05,1.0,1.4586936,0.0,0.0
0.4086496,0.000997331,3.0644016,-0.36549714,0.84378016,-0.4281334,0.36314648,0.3633535,0.00020700693,0.0,0.00020700693,1.0,2.732943,0.0,0.0
0.45218217,0.000997331,6.241008,0.41806278,0.85856515,0.45830357,-0.41544396,-0.41496763,0.00047633052,0.0,0.00047633052,1.0,0.45218217,0.0,0.0
1.5558163,0.000997331,1.1626012,1.3146551,0.019592818,-0.5207802,-1.3139302,-1.3139714,-4.1246414e-05,0.0,-4.1246414e-05,1.0,1.5558163,0.0,0.0
0.27694756,0.000997331,3.6517296,-0.3727414,1.3095129,-0.10530779,0.37612703,0.37595114,-0.0001758933,0.0,-0.0001758933,1.0,2.864645,0.0,0.0
0.8545884,0.000997331,0.11085216,0.833145,-0.7251482,0.6661011,-0.8339192,-0.8345425,-0.00062328577,0.0,-0.00062328577,1.0,2.2870042,0.0,0.0
0.9581577,0.000997331,1.1967632,1.0604682,0.74575305,-0.46285903,-1.0614524,-1.0616578,-0.0002053976,0.0,-0.0002053976,1.0,0.9581577,0.0,0.0
1.1613067,0.000997331,1.6112587,0.87967914,-0.38171226,-0.95355606,-0.8810394,-0.88087684,0.00016254187,0.0,0.00016254187,1.0,1.980286,0.0,0.0
0.7464608,0.000997331,0.37584594,0.88096,0.9523082,0.3825105,-0.8818793,-0.8814464,0.00043290854,0.0,0.00043290854,1.0,0.7464608,0.0,0.0
0.25367862,0.000997331,3.4717824,-0.3193002,1.229707,-0.15686077,0.3222651,0.3219758,-0.00028929114,0.0,-0.00028929114,1.0,2.887914,0.0,0.0
0.43308136,0.000997331,2.894883,-0.3045273,-0.6579348,-0.5091889,0.3036804,0.30363515,-4.5239925e-05,0.0,-4.5239925e-05,1.0,0.43308136,0.0,0.0
1.5638436,0.000997331,5.7386355,0.33775035,0.002322629,1.3748605,-0.3385326,-0.3386017,-6.9111586e-05,0.0,-6.9111586e-05,1.0,1.5638436,0.0,0.0
1.288767,0.000997331,3.4249928,-1.1909616,-0.34472358,-0.65294653,1.1915541,1.1918793,0.00032520294,0.0,0.00032520294,1.0,1.288767,0.0,0.0
1.2095197,0.000997331,3.2000127,-0.9886104,0.37392688,-0.87848794,0.98751247,0.98751056,-1.9073486e-06,0.0,-1.9073486e-06,1.0,1.932073,0.0,0.0
0.3867473,0.000997331,1.2428817,0.4786915,-1.1757736,-0.23608643,-0.4798616,-0.48010314,-0.00024154782,0.0,-0.00024154782,1.0,2.7548454,0.0,0.0
1.4310819,0.000997331,2.1016407,0.35273382,-0.049376063,-1.3560979,-0.35472983,-0.355227,-0.00049716234,0.0,-0.00049716234,1.0,1.7105107,0.0,0.0
1.0520496,0.000997331,1.6353382,0.8104275,0.46317893,-0.9232256,-0.8096589,-0.8101489,-0.0004900098,0.0,-0.0004900098,1.0,1.0520496,0.0,0.0
0.32929987,0.000997331,5.4616013,-0.016783135,0.04855717,0.45653242,0.022507947,0.022237152,-0.00027079508,0.0,-0.00027079508,1.0,2.8122928,0.0,0.0
1.5097877,0.000997331,0.046550855,1.0435917,0.063575,0.95059097,-1.0440446,-1.0438023,0.00024235249,0.0,0.00024235249,1.0,1.5097877,0.0,0.0
0.17147797,0.000997331,4.6485996,-0.18105161,1.0456393,0.15962556,0.17812401,0.17844678,0.00032277405,0.0,0.00032277405,1.0,2.9701147,0.0,0.0
1.5313395,0.000997331,0.8539113,1.4098195,-0.055696297,-0.096902475,-1.4093304,-1.4094241,-9.36985e-05,0.0,-9.36985e-05,1.0,1.6102531,0.0,0.0
1.040279,0.000997331,6.091121,0.68221056,0.40263867,1.0106598,-0.68390685,-0.6838883,1.8537045e-05,0.0,1.8537045e-05,1.0,1.040279,0.0,0.0
0.33295637,0.000997331,0.09158553,0.35541514,1.0272665,0.2954188,-0.35540468,-0.3565015,-0.0010968149,0.0,-0.0010968149,1.0,0.33295637,0.0,0.0
1.2895838,0.000997331,6.149635,0.8248918,0.2394835,1.0793955,-0.8314364,-0.83159816,-0.000161767,0.0,-0.000161767,1.0,1.2895838,0.0,0.0
0.3638802,0.000997331,1.418935,0.4053293,1.0651088,-0.2980969,-0.4028742,-0.4035234,-0.000649184,0.0,-0.000649184,1.0,0.3638802,0.0,0.0
0.59572726,0.000997331,4.8504176,-0.478339,0.7065573,0.633523,0.47463512,0.4746167,-1.8417835e-05,0.0,-1.8417835e-05,1.0,2.5458653,0.0,0.0
0.5390877,0.000997331,5.0923634,-0.28610107,0.47848403,0.66650873,0.28253043,0.28226042,-0.00027000904,0.0,-0.00027000904,1.0,2.602505,0.0,0.0
0.29955286,0.000997331,3.9242973,-0.41759086,-1.3520236,-0.0013063494,0.41893694,0.41906527,0.0001283288,0.0,0.0001283288,1.0,0.29955286,0.0,0.0
0.9585072,0.000997331,5.1410556,-0.40410653,-0.28535753,1.0844655,0.405537,0.40588945,0.00035244226,0.0,0.00035244226,1.0,0.9585072,0.0,0.0
1.0743655,0.000997331,2.8364863,-0.5748093,0.3122456,-1.1025348,0.57639366,0.5766428,0.00024914742,0.0,0.00024914742,1.0,2.0672271,0.0,0.0
0.53164285,0.000997331,1.6939812,0.44051823,0.7494993,-0.56534505,-0.4404476,-0.44051144,-6.3836575e-05,0.0,-6.3836575e-05,1.0,0.53164285,0.0,0.0
0.35539934,0.000997331,3.472801,-0.44234112,-1.1917353,-0.21631515,0.44134602,0.44138145,3.543496e-05,0.0,3.543496e-05,1.0,0.35539934,0.0,0.0
1.3401295,0.000997331,1.0274907,1.336614,-0.3137402,-0.3300508,-1.3349923,-1.3349919,3.5762787e-07,0.0,3.5762787e-07,1.0,1.8014632,0.0,0.0
0.7017266,0.000997331,4.734787,-0.6305901,-0.74700993,0.66042894,0.62916744,0.62935615,0.0001887083,0.0,0.0001887083,1.0,0.7017266,0.0,0.0
0.88595504,0.000997331,3.7681031,-1.0819201,0.882149,-0.17393386,1.0825901,1.0826488,5.865097e-05,0.0,5.865097e-05,1.0,2.2556376,0.0,0.0
0.49248704,0.000997331,2.2157137,0.09339724,0.17401592,-0.66192913,-0.0932259,-0.09326004,-3.414601e-05,0.0,-3.414601e-05,1.0,0.49248704,0.0,0.0
0.52633053,0.000997331,2.5992055,-0.17107424,-0.29399872,-0.68913835,0.17123067,0.17124158,1.090765e-05,0.0,1.090765e-05,1.0,0.52633053,0.0,0.0
0.534141,0.000997331,0.68557036,0.7164718,1.211246,0.07157111,-0.7186693,-0.7188848,-0.0002155304,0.0,-0.0002155304,1.0,0.534141,0.0,0.0
1.2029753,0.000997331,3.6628444,-1.2738458,0.49014777,-0.3446909,1.2716037,1.2720714,0.00046765804,0.0,0.00046765804,1.0,1.9386173,0.0,0.0
0.6268506,0.000997331,4.450297,-0.7184806,-0.99171084,0.41572315,0.71833795,0.71821404,-0.00012391806,0.0,-0.00012391806,1.0,0.6268506,0.0,0.0
0.39950448,0.000997331,0.074045405,0.41670963,0.9866215,0.35896593,-0.41597372,-0.41722447,-0.0012507439,0.0,-0.0012507439,1.0,0.39950448,0.0,0.0
1.0914385,0.000997331,1.3534377,1.0577295,0.55007976,-0.67547476,-1.0587199,-1.0590646,-0.00034475327,0.0,-0.00034475327,1.0,1.0914385,0.0,0.0
1.1100833,0.000997331,5.6309066,0.16832934,0.08363209,1.2565583,-0.16935945,-0.16924372,0.00011572242,0.0,0.00011572242,1.0,1.1100833,0.0,0.0
0.20893958,0.000997331,5.0076227,-0.13802895,0.6501744,0.25813353,0.1364969,0.136175,-0.00032189488,0.0,-0.00032189488,1.0,2.932653,0.0,0.0
1.5530814,0.000997331,3.454855,-1.2593638,0.022705853,-0.6421021,1.2587218,1.2588209,9.906292e-05,0.0,9.906292e-05,1.0,1.5885112,0.0,0.0
0.5469664,0.000997331,0.8703911,0.7330543,-1.203432,-0.061974786,-0.73360443,-0.73345923,0.00014519691,0.0,0.00014519691,1.0,2.5946262,0.0,0.0
0.4192963,0.000997331,3.4611542,-0.5148956,1.153729,-0.25970262,0.51671445,0.5173036,0.0005891323,0.0,0.0005891323,1.0,2.7222965,0.0,0.0
0.25431335,0.000997331,6.097127,0.20073622,0.7691723,0.29619944,-0.20214188,-0.20203303,0.00010885298,0.0,0.00010885298,1.0,0.25431335,0.0,0.0
0.7135439,0.000997331,5.910809,0.37128106,-0.42919886,0.84823865,-0.36428022,-0.36481297,-0.0005327463,0.0,-0.0005327463,1.0,2.4280488,0.0,0.0
0.31812078,0.000997331,3.3323762,-0.36678588,1.112433,-0.24909377,0.36814335,0.36823815,9.480119e-05,0.0,9.480119e-05,1.0,2.8234718,0.0,0.0
1.2898841,0.000997331,1.6041032,0.92820907,0.26837882,-0.9925494,-0.9278321,-0.92798674,-0.00015461445,0.0,-0.00015461445,1.0,1.2898841,0.0,0.0
0.3512392,0.000997331,5.2234163,-0.13131963,-0.3590181,0.46698782,0.12512489,0.12529764,0.00017274916,0.0,0.00017274916,1.0,0.3512392,0.0,0.0
0.007210785,0.000997331,4.2730584,-0.009542065,-1.3315039,0.0037424732,0.009830307,0.010871818,0.0010415111,0.0,0.0010415111,1.0,0.007210785,0.0,0.0
0.50454444,0.000997331,2.206134,0.10196725,0.18460502,-0.67580175,-0.10171936,-0.10176691,-4.7549605e-05,0.0,-4.7549605e-05,1.0,0.50454444,0.0,0.0
1.0329083,0.000997331,0.15129715,0.97844654,-0.583714,0.71954525,-0.97814125,-0.978597,-0.0004557371,0.0,-0.0004557371,1.0,2.1086843,0.0,0.0
0.5116207,0.000997331,5.1353016,-0.24490616,-0.43776596,0.6469431,0.23962721,0.23956256,-6.465614e-05,0.0,-6.465614e-05,1.0,0.5116207,0.0,0.0
0.1570171,0.000997331,1.6463621,0.14404047,-0.9100802,-0.16743052,-0.14179786,-0.1421824,-0.00038453937,0.0,-0.00038453937,1.0,2.9845755,0.0,0.0
0.6738036,0.000997331,3.266632,-0.6970477,0.87247634,-0.5423398,0.6963996,0.6964603,6.067753e-05,0.0,6.067753e-05,1.0,2.467789,0.0,0.0
0.25396302,0.000997331,6.2488766,0.2427992,0.9335419,0.26056495,-0.2632361,-0.26345807,-0.0002219677,0.0,-0.0002219677,1.0,0.25396302,0.0,0.0
1.3625888,0.000997331,0.6786778,1.3758692,-0.29056793,0.1471418,-1.376088,-1.3765459,-0.00045788288,0.0,-0.00045788288,1.0,1.7790039,0.0,0.0
0.23940943,0.000997331,5.852442,0.116069034,0.47470963,0.31544298,-0.10662776,-0.10611531,0.00051245093,0.0,0.00051245093,1.0,0.23940943,0.0,0.0
1.2133868,0.000997331,2.1435614,0.27939978,0.10503704,-1.2948577,-0.27935633,-0.2788909,0.00046542287,0.0,0.00046542287,1.0,1.2133868,0.0,0.0
1.2676667,0.000997331,3.7241087,-1.3220721,-0.41261002,-0.27138826,1.3205636,1.3208101,0.0002465248,0.0,0.0002465248,1.0,1.2676667,0.0,0.0
1.3792613,0.000997331,2.9416547,-0.7675469,-0.1493674,-1.1572819,0.7691865,0.76905036,-0.00013613701,0.0,-0.00013613701,1.0,1.3792613,0.0,0.0
0.35926926,0.000997331,2.3087454,0.023420105,0.062421404,-0.49665412,-0.02378913,-0.023844082,-5.4951757e-05,0.0,-5.4951757e-05,1.0,0.35926926,0.0,0.0
0.052587252,0.000997331,0.35734126,0.067660354,-1.2848587,0.031340696,-0.06777025,-0.06692309,0.0008471608,0.0,0.0008471608,1.0,3.0890055,0.0,0.0
0.60161114,0.000997331,1.8567677,0.38322887,-0.5585903,-0.703001,-0.38110948,-0.381188,-7.852912e-05,0.0,-7.852912e-05,1.0,2.5399816,0.0,0.0
1.3592803,0.000997331,0.17764385,1.1351569,-0.24383861,0.7897185,-1.1352371,-1.1351568,8.034706e-05,0.0,8.034706e-05,1.0,1.7823124,0.0,0.0
1.5308505,0.000997331,5.0542464,-0.60683316,-0.024260025,1.2768991,0.6088476,0.6089399,9.226799e-05,0.0,9.226799e-05,1.0,1.5308505,0.0,0.0
0.9928314,0.000997331,4.4878197,-1.0029434,-0.6546457,0.63018084,1.0006896,1.0006399,-4.9710274e-05,0.0,-4.9710274e-05,1.0,0.9928314,0.0,0.0
0.25912604,0.000997331,0.29431453,0.31958032,1.2052214,0.17064592,-0.31856552,-0.3191358,-0.00057026744,0.0,-0.00057026744,1.0,0.25912604,0.0,0.0
0.6470374,0.000997331,5.5816965,0.07144823,0.09536623,0.8476335,-0.072928235,-0.07322057,-0.00029233843,0.0,-0.00029233843,1.0,0.6470374,0.0,0.0
1.3386238,0.000997331,2.3398488,0.022340067,-0.005285058,-1.3772423,-0.02199858,-0.022267032,-0.00026845187,0.0,-0.00026845187,1.0,1.8029689,0.0,0.0
0.61178356,0.000997331,3.8482475,-0.8103504,1.1537348,-0.064025894,0.8129747,0.81271946,-0.0002552271,0.0,-0.0002552271,1.0,2.529809,0.0,0.0
0.93100166,0.000997331,1.9043248,0.49542,-0.36936495,-1.0211318,-0.49519777,-0.495068,0.00012975931,0.0,0.00012975931,1.0,2.210591,0.0,0.0
0.62105566,0.000997331,6.0727544,0.44758064,-0.623447,0.6930331,-0.43867764,-0.43949902,-0.0008213818,0.0,-0.0008213818,1.0,2.520537,0.0,0.0
1.5394863,0.000997331,3.0924654,-0.9495955,0.029949997,-1.0467579,0.9512972,0.9512756,-2.1636486e-05,0.0,-2.1636486e-05,1.0,1.6021063,0.0,0.0
0.24167389,0.000997331,3.9715931,-0.33835235,-1.3726081,0.014954679,0.33988452,0.3398717,-1.2814999e-05,0.0,-1.2814999e-05,1.0,0.24167389,0.0,0.0
0.31448892,0.000997331,0.6924519,0.43573377,-1.3388886,0.04072244,-0.43764728,-0.4368895,0.00075778365,0.0,0.00075778365,1.0,2.8271036,0.0,0.0
1.4586136,0.000997331,5.6527634,0.21720044,0.024610706,1.390209,-0.21664497,-0.2167519,-0.00010693073,0.0,-0.00010693073,1.0,1.4586136,0.0,0.0
1.110637,0.000997331,4.3654046,-1.1472098,-0.5689137,0.53795207,1.14528,1.1454111,0.00013113022,0.0,0.00013113022,1.0,1.110637,0.0,0.0
0.85624874,0.000997331,3.656384,-1.029745,0.8918818,-0.28629324,1.0299921,1.0298595,-0.00013256073,0.0,-0.00013256073,1.0,2.285344,0.0,0.0
1.2450604,0.000997331,3.7690272,-1.323148,0.44603413,-0.21101627,1.3209825,1.3213912,0.00040876865,0.0,0.00040876865,1.0,1.8965323,0.0,0.0
0.6371688,0.000997331,3.0805845,-0.5574922,0.75345254,-0.63104016,0.5553274,0.55551577,0.00018835068,0.0,0.00018835068,1.0,2.5044239,0.0,0.0
0.4896806,0.000997331,1.9560627,0.25899386,-0.48590165,-0.6125361,-0.25667855,-0.25666612,1.2427568e-05,0.0,1.2427568e-05,1.0,2.651912,0.0,0.0
1.2479634,0.000997331,6.0273776,0.67815155,0.22807755,1.1575235,-0.68401563,-0.68412894,-0.00011330843,0.0,-0.00011330843,1.0,1.2479634,0.0,0.0
0.6293852,0.000997331,4.4372835,-0.72635955,-0.9972166,0.40775436,0.7262498,0.72612584,-0.00012397766,0.0,-0.00012397766,1.0,0.6293852,0.0,0.0
0.79305524,0.000997331,5.689803,0.19217236,-0.19054306,0.9883579,-0.19085109,-0.19087642,-2.5331974e-05,0.0,-2.5331974e-05,1.0,2.3485374,0.0,0.0
0.94870824,0.000997331,4.1237698,-1.1275461,0.80740577,0.22461718,1.1289611,1.1289634,2.2649765e-06,0.0,2.2649765e-06,1.0,2.1928844,0.0,0.0
0.85066843,0.000997331,2.7073731,-0.36571547,-0.32091022,-0.9978374,0.36354893,0.36363775,8.881092e-05,0.0,8.881092e-05,1.0,0.85066843,0.0,0.0
0.045679964,0.000997331,3.4281693,-0.057111263,1.241253,-0.031245518,0.05801528,0.058774672,0.000759393,0.0,0.000759393,1.0,3.0959127,0.0,0.0
0.5587594,0.000997331,2.4725182,-0.08718683,-0.13914855,-0.7442201,0.08781643,0.087659866,-0.0001565665,0.0,-0.0001565665,1.0,0.5587594,0.0,0.0
0.45861265,0.000997331,5.5701,0.0450975,0.09244914,0.62200916,-0.04428686,-0.044400085,-0.00011322647,0.0,-0.00011322647,1.0,0.45861265,0.0,0.0
1.1592308,0.000997331,1.3041188,1.1257508,-0.4909143,-0.64223313,-1.1253737,-1.1255075,-0.00013375282,0.0,-0.00013375282,1.0,1.9823618,0.0,0.0
1.0181937,0.000997331,2.0287573,0.38681182,0.23921752,-1.1396432,-0.3848522,-0.38467294,0.00017926097,0.0,0.00017926097,1.0,1.0181937,0.0,0.0
0.28077012,0.000997331,0.7163854,0.39110756,-1.3555576,0.027053941,-0.39329785,-0.39235425,0.00094360113,0.0,0.00094360113,1.0,2.8608224,0.0,0.0
0.69379896,0.000997331,0.9259908,0.8956021,-1.0763823,-0.12621534,-0.8962107,-0.8964114,-0.00020074844,0.0,-0.00020074844,1.0,2.4477937,0.0,0.0
0.33437198,0.000997331,5.891983,0.17769767,0.5113663,0.42914668,-0.16694604,-0.16641301,0.00053302944,0.0,0.00053302944,1.0,0.33437198,0.0,0.0
0.36313957,0.000997331,6.037554,0.25886,-0.676002,0.43461072,-0.2559487,-0.25605547,-0.00010678172,0.0,-0.00010678172,1.0,2.778453,0.0,0.0
0.8703603,0.000997331,0.41164565,1.0066624,0.848462,0.3947179,-1.0070271,-1.0069997,2.7418137e-05,0.0,2.7418137e-05,1.0,0.8703603,0.0,0.0
0.8341421,0.000997331,5.247885,-0.25884017,-0.23635162,1.0149028,0.25804982,0.25835842,0.00030860305,0.0,0.00030860305,1.0,0.8341421,0.0,0.0
1.241744,0.000997331,4.9009514,-0.75245136,-0.25785634,1.1065655,0.7539805,0.75396746,-1.3053417e-05,0.0,-1.3053417e-05,1.0,1.241744,0.0,0.0
0.974974,0.000997331,2.5717351,-0.25042015,-0.16982648,-1.143007,0.2487366,0.2485665,-0.00017011166,0.0,-0.00017011166,1.0,0.974974,0.0,0.0
0.8185961,0.000997331,1.4334252,0.8231323,0.7708181,-0.6237389,-0.8236804,-0.82392466,-0.00024425983,0.0,-0.00024425983,1.0,0.8185961,0.0,0.0
0.7610076,0.000997331,4.181171,-0.9445052,0.9910097,0.24578843,0.94694304,0.9466382,-0.00030481815,0.0,-0.00030481815,1.0,2.380585,0.0,0.0
0.83878666,0.000997331,5.3659406,-0.13808995,-0.1252107,1.0426041,0.13666001,0.13681918,0.0001591742,0.0,0.0001591742,1.0,0.83878666,0.0,0.0
0.64291954,0.000997331,2.4695938,-0.09611167,-0.12799332,-0.8418436,0.096661955,0.09640385,-0.000258103,0.0,-0.000258103,1.0,0.64291954,0.0,0.0
1.4217404,0.000997331,1.6930403,0.86094916,0.1300095,-1.1021498,-0.8611088,-0.8610655,4.3272972e-05,0.0,4.3272972e-05,1.0,1.4217404,0.0,0.0
1.1393269,0.000997331,4.1521215,-1.2524726,0.57558715,0.28623033,1.2523931,1.2523879,-5.2452087e-06,0.0,-5.2452087e-06,1.0,2.0022657,0.0,0.0
0.42335668,0.000997331,5.5612397,0.03669723,0.082552955,0.5773902,-0.035569135,-0.03559171,-2.257526e-05,0.0,-2.257526e-05,1.0,0.42335668,0.0,0.0
0.74575543,0.000997331,0.4721454,0.91287565,-0.9883334,0.29586452,-0.9110662,-0.91125584,-0.00018966198,0.0,-0.00018966198,1.0,2.3958373,0.0,0.0
1.2780112,0.000997331,1.3616759,1.1353517,0.34237656,-0.73808676,-1.1358283,-1.1359575,-0.00012922287,0.0,-0.00012922287,1.0,1.2780112,0.0,0.0
1.2423548,0.000997331,2.5466259,-0.25352904,-0.086803965,-1.3145494,0.25211185,0.25211924,7.390976e-06,0.0,7.390976e-06,1.0,1.2423548,0.0,0.0
0.17779487,0.000997331,4.383789,-0.22450557,-1.2497126,0.11123435,0.22725725,0.22711135,-0.00014589727,0.0,-0.00014589727,1.0,0.17779487,0.0,0.0
0.26122284,0.000997331,5.0879984,-0.14545521,0.54334986,0.33413905,0.14421846,0.14371207,-0.00050638616,0.0,-0.00050638616,1.0,2.88037,0.0,0.0
1.48231,0.000997331,3.535944,-1.3023096,0.115751594,-0.5361358,1.3006525,1.3007728,0.00012028217,0.0,0.00012028217,1.0,1.6592826,0.0,0.0
0.7730009,0.000997331,3.0092492,-0.6000024,-0.6153729,-0.7845623,0.5971887,0.5975132,0.0003244877,0.0,0.0003244877,1.0,0.7730009,0.0,0.0
0.8499537,0.000997331,6.021892,0.53150177,-0.46745533,0.9201633,-0.5245654,-0.52526605,-0.0007006526,0.0,-0.0007006526,1.0,2.2916389,0.0,0.0
0.23661813,0.000997331,1.8696678,0.1549741,-0.6422222,-0.29260293,-0.15329768,-0.15395348,-0.0006558001,0.0,-0.0006558001,1.0,2.9049745,0.0,0.0
0.7881667,0.000997331,4.3529186,-0.91357917,0.9083531,0.41515237,0.9150169,0.914785,-0.00023186207,0.0,-0.00023186207,1.0,2.353426,0.0,0.0
0.72245675,0.000997331,2.9661467,-0.53556955,0.6084204,-0.76694506,0.5334408,0.5333699,-7.092953e-05,0.0,-7.092953e-05,1.0,2.4191358,0.0,0.0
0.36112848,0.000997331,1.159744,0.46486387,1.231417,-0.18333262,-0.46359298,-0.46393138,-0.00033840537,0.0,-0.00033840537,1.0,0.36112848,0.0,0.0
0.763665,0.000997331,6.0290246,0.4952992,-0.5171123,0.8441887,-0.48702967,-0.48784184,-0.0008121729,0.0,-0.0008121729,1.0,2.3779275,0.0,0.0
1.0537744,0.000997331,3.62354,-1.1734481,-0.66638535,-0.3671935,1.1744509,1.1745504,9.953976e-05,0.0,9.953976e-05,1.0,1.0537744,0.0,0.0
0.48519772,0.000997331,1.0453292,0.6372882,1.209135,-0.17023781,-0.6371418,-0.6371496,-7.748604e-06,0.0,-7.748604e-06,1.0,0.48519772,0.0,0.0
0.7010317,0.000997331,4.0025783,-0.90992284,-1.0772551,0.06956577,0.9121597,0.912434,0.00027430058,0.0,0.00027430058,1.0,0.7010317,0.0,0.0
0.96192825,0.000997331,3.4140072,-1.0110049,-0.7047953,-0.5697504,1.0118179,1.0117719,-4.6014786e-05,0.0,-4.6014786e-05,1.0,0.96192825,0.0,0.0
1.1862795,0.000997331,4.884243,-0.7551931,0.306315,1.0725747,0.7577146,0.7576862,-2.8431416e-05,0.0,-2.8431416e-05,1.0,1.9553131,0.0,0.0
0.49654675,0.000997331,6.237106,0.45491877,-0.83444214,0.5015682,-0.4552821,-0.4551115,0.0001705885,0.0,0.0001705885,1.0,2.645046,0.0,0.0
1.3317277,0.000997331,3.108025,-0.93875086,-0.2291158,-1.0034964,0.9406975,0.9407712,7.3730946e-05,0.0,7.3730946e-05,1.0,1.3317277,0.0,0.0
1.0363343,0.000997331,0.31428418,1.0844489,-0.6421135,0.5524628,-1.0844045,-1.0835882,0.000816226,0.0,0.000816226,1.0,2.1052582,0.0,0.0
1.380048,0.000997331,5.2617207,-0.32503864,-0.062776834,1.3509033,0.32820773,0.3280542,-0.00015354156,0.0,-0.00015354156,1.0,1.380048,0.0,0.0
0.07382819,0.000997331,3.7617662,-0.10332231,1.3924576,-0.016757663,0.105426095,0.10526976,-0.00015633553,0.0,-0.00015633553,1.0,3.0677645,0.0,0.0
0.08997921,0.000997331,0.96474206,0.12507038,-1.38656,-0.023128623,-0.12479161,-0.12491742,-0.0001258105,0.0,-0.0001258105,1.0,3.0516133,0.0,0.0
1.4857924,0.000997331,0.79602623,1.4090594,0.12006295,-0.015019501,-1.4091794,-1.409123,5.6505203e-05,0.0,5.6505203e-05,1.0,1.4857924,0.0,0.0
0.005183973,0.000997331,1.7422336,0.0042671356,-0.81412303,-0.005246401,-0.0051645897,-0.003990164,0.0011744257,0.0,0.0011744257,1.0,3.1364086,0.0,0.0
0.070346676,0.000997331,4.3846965,-0.08913408,-1.2662908,0.044549488,0.09124939,0.09086995,-0.00037944317,0.0,-0.00037944317,1.0,0.070346676,0.0,0.0
1.0742872,0.000997331,0.9632435,1.2239208,-0.66265917,-0.21985537,-1.2235951,-1.2229196,0.00067555904,0.0,0.00067555904,1.0,2.0673056,0.0,0.0
1.337795,0.000997331,0.024480404,0.9966086,0.2364501,0.94879663,-0.99755627,-0.9965626,0.000993669,0.0,0.000993669,1.0,1.337795,0.0,0.0
0.489699,0.000997331,3.8929715,-0.6654639,1.2473884,-0.022368062,0.6679808,0.6679535,-2.7298927e-05,0.0,-2.7298927e-05,1.0,2.6518936,0.0,0.0
1.5482713,0.000997331,5.673911,0.24805787,0.005722314,1.3935713,-0.24803206,-0.24806213,-3.0070543e-05,0.0,-3.0070543e-05,1.0,1.5482713,0.0,0.0
0.47525844,0.000997331,0.6162375,0.63795465,-1.2391396,0.10928966,-0.6375585,-0.6378192,-0.0002606511,0.0,-0.0002606511,1.0,2.6663342,0.0,0.0
1.5608827,0.000997331,4.1551876,-1.3774518,0.013210501,0.31895587,1.3754991,1.375289,-0.00021016598,0.0,-0.00021016598,1.0,1.5807099,0.0,0.0
0.017892895,0.000997331,3.6461828,-0.024701683,1.3598769,-0.006814316,0.024907477,0.026409533,0.0015020557,0.0,0.0015020557,1.0,3.1236997,0.0,0.0
1.532472,0.000997331,5.172033,-0.45256397,0.017742973,1.3398343,0.45415992,0.4541114,-4.851818e-05,0.0,-4.851818e-05,1.0,1.6091207,0.0,0.0
0.9236172,0.000997331,5.4799247,-0.020008167,0.014610939,1.1277872,0.017631939,0.017486628,-0.00014531054,0.0,-0.00014531054,1.0,2.2179754,0.0,0.0
1.4281867,0.000997331,2.0901425,0.36801583,0.053517144,-1.3508997,-0.36892664,-0.36906242,-0.00013577938,0.0,-0.00013577938,1.0,1.4281867,0.0,0.0
0.99158865,0.000997331,1.9234294,0.49602285,0.32503274,-1.0745809,-0.49383003,-0.4938812,-5.1170588e-05,0.0,-5.1170588e-05,1.0,0.99158865,0.0,0.0
1.3498969,0.000997331,2.249513,0.14687404,-0.03297188,-1.3731247,-0.14759716,-0.14799342,-0.00039625168,0.0,-0.00039625168,1.0,1.7916957,0.0,0.0
0.5460923,0.000997331,5.678086,0.13140093,0.21777603,0.7203759,-0.12887424,-0.12901412,-0.0001398772,0.0,-0.0001398772,1.0,0.5460923,0.0,0.0
0.008998512,0.000997331,1.8854841,0.0056393053,0.641063,-0.0111351535,-0.00504981,-0.005330585,-0.00028077513,0.0,-0.00028077513,1.0,0.008998512,0.0,0.0
0.08800997,0.000997331,0.5782598,0.12157353,1.3789155,0.025073262,-0.120766774,-0.12061946,0.00014731288,0.0,0.00014731288,1.0,0.08800997,0.0,0.0
0.97725,0.000997331,0.53811854,1.1366909,0.7667196,0.28683138,-1.1359656,-1.1362095,-0.0002439022,0.0,-0.0002439022,1.0,0.97725,0.0,0.0
0.54578036,0.000997331,3.937655,-0.7344515,-1.208879,0.008046657,0.73699915,0.73720825,0.0002090931,0.0,0.0002090931,1.0,0.54578036,0.0,0.0
0.06276673,0.000997331,2.996372,-0.053242847,-0.8426788,-0.07106502,0.05493638,0.05482932,-0.00010705739,0.0,-0.00010705739,1.0,0.06276673,0.0,0.0
1.5703624,0.000997331,5.108882,-0.53661716,-3.706664e-05,1.3093762,0.53848696,0.53851324,2.6285648e-05,0.0,2.6285648e-05,1.0,1.5703624,0.0,0.0
0.4641473,0.000997331,5.6760755,0.1119695,-0.2238989,0.62332845,-0.10430792,-0.10421093,9.699166e-05,0.0,9.699166e-05,1.0,2.6774454,0.0,0.0
0.21394877,0.000997331,1.842689,0.14747325,-0.67829967,-0.26108253,-0.14572486,-0.14647254,-0.00074768066,0.0,-0.00074768066,1.0,2.9276438,0.0,0.0
1.0001853,0.000997331,0.6622891,1.1812235,-0.7582241,0.14626405,-1.1814606,-1.1812923,0.00016832352,0.0,0.00016832352,1.0,2.1414075,0.0,0.0
1.149097,0.000997331,6.1200876,0.7522656,-0.3389906,1.0482223,-0.74926686,-0.7497529,-0.00048601627,0.0,-0.00048601627,1.0,1.9924957,0.0,0.0
0.17920236,0.000997331,5.2479405,-0.062072963,-0.3423464,0.24269131,0.058678538,0.058878668,0.00020013005,0.0,0.00020013005,1.0,0.17920236,0.0,0.0
0.38955295,0.000997331,5.9679136,0.24271989,0.59099144,0.47993833,-0.23163536,-0.23109943,0.00053593516,0.0,0.00053593516,1.0,0.38955295,0.0,0.0
1.2627013,0.000997331,3.5576992,-1.2567356,0.39962804,-0.48621562,1.254319,1.2546574,0.00033843517,0.0,0.00033843517,1.0,1.8788915,0.0,0.0
1.1400039,0.000997331,6.203999,0.83402157,-0.3845598,0.97775024,-0.82955885,-0.82963437,-7.5519085e-05,0.0,-7.5519085e-05,1.0,2.0015886,0.0,0.0
1.4326465,0.000997331,3.5777545,-1.3161168,0.1830261,-0.4786889,1.3140198,1.3141795,0.00015974045,0.0,0.00015974045,1.0,1.7089461,0.0,0.0
1.3838911,0.000997331,1.6631769,0.88794225,-0.16755357,-1.0687559,-0.8895347,-0.8891619,0.00037282705,0.0,0.00037282705,1.0,1.7577015,0.0,0.0
0.9857033,0.000997331,2.6252449,-0.31357244,0.20867312,-1.1366254,0.31452036,0.31468612,0.00016576052,0.0,0.00016576052,1.0,2.1558895,0.0,0.0
1.1246941,0.000997331,2.059695,0.3728379,-0.17874491,-1.2207901,-0.3744399,-0.37410468,0.00033521652,0.0,0.00033521652,1.0,2.0168986,0.0,0.0
0.8060972,0.000997331,3.7095957,-0.99689436,0.9549907,-0.22079162,0.9979254,0.9977341,-0.0001912713,0.0,-0.0001912713,1.0,2.3354955,0.0,0.0
0.59322727,0.000997331,0.97056365,0.77730757,-1.1525035,-0.14515819,-0.7785529,-0.7788547,-0.00030183792,0.0,-0.00030183792,1.0,2.5483654,0.0,0.0
1.4904126,0.000997331,2.476528,-0.16951188,0.013408273,-1.4003937,0.17093813,0.17085323,-8.490682e-05,0.0,-8.490682e-05,1.0,1.65118,0.0,0.0
0.21729654,0.000997331,1.2258441,0.27555877,1.2488987,-0.13035683,-0.27444682,-0.27494276,-0.00049594045,0.0,-0.00049594045,1.0,0.21729654,0.0,0.0
0.73406,0.000997331,2.167384,0.17748353,0.19689828,-0.9301865,-0.17557214,-0.1759329,-0.0003607571,0.0,-0.0003607571,1.0,0.73406,0.0,0.0
1.2381628,0.000997331,6.162133,0.8243978,-0.28640482,1.0521241,-0.822989,-0.82340527,-0.00041627884,0.0,-0.00041627884,1.0,1.9034299,0.0,0.0
0.76233876,0.000997331,4.5992208,-0.7639624,-0.80047333,0.60881305,0.76230097,0.76236784,6.687641e-05,0.0,6.687641e-05,1.0,0.76233876,0.0,0.0
0.43346843,0.000997331,0.05682015,0.44310218,-0.95800126,0.3957649,-0.44180286,-0.4418237,-2.0831823e-05,0.0,-2.0831823e-05,1.0,2.7081242,0.0,0.0
0.027360287,0.000997331,3.9202895,-0.038966388,1.4149845,0.00040356256,0.039167788,0.039725974,0.0005581863,0.0,0.0005581863,1.0,3.1142323,0.0,0.0
0.8357734,0.000997331,0.6121295,1.033422,0.9339237,0.18073736,-1.0332747,-1.0338917,-0.0006170273,0.0,-0.0006170273,1.0,0.8357734,0.0,0.0
0.48520628,0.000997331,3.9920805,-0.6587963,1.248652,0.043466177,0.661135,0.661047,-8.803606e-05,0.0,-8.803606e-05,1.0,2.6563864,0.0,0.0
1.2402592,0.000997331,3.250079,-1.0430096,-0.35803184,-0.83766943,1.0444436,1.0447636,0.00031995773,0.0,0.00031995773,1.0,1.2402592,0.0,0.0
0.13840088,0.000997331,3.5175738,-0.17948091,1.2856166,-0.07807179,0.18256706,0.18196529,-0.0006017685,0.0,-0.0006017685,1.0,3.0031917,0.0,0.0
1.5450252,0.000997331,4.4901056,-1.195798,0.030151892,0.75371754,1.1973126,1.1975338,0.00022125244,0.0,0.00022125244,1.0,1.5965674,0.0,0.0
0.28023756,0.000997331,1.2104701,0.35609993,1.237962,-0.16178107,-0.354598,-0.35516316,-0.00056517124,0.0,-0.00056517124,1.0,0.28023756,0.0,0.0
0.016369252,0.000997331,5.2265816,-0.006232282,-0.37681437,0.021342276,0.0073553286,0.007195564,-0.00015976466,0.0,-0.00015976466,1.0,0.016369252,0.0,0.0
0.57708627,0.000997331,1.9636968,0.29482403,0.45288026,-0.71285236,-0.29459038,-0.29461268,-2.2292137e-05,0.0,-2.2292137e-05,1.0,0.57708627,0.0,0.0
0.5312648,0.000997331,5.2463684,-0.1777224,-0.30365688,0.69288915,0.17259724,0.17242172,-0.00017552078,0.0,-0.00017552078,1.0,0.5312648,0.0,0.0
1.2731893,0.000997331,0.4768801,1.2882166,0.39518774,0.4104404,-1.28723,-1.2868571,0.00037288666,0.0,0.00037288666,1.0,1.2731893,0.0,0.0
1.4126987,0.000997331,1.847485,0.68040574,-0.10810537,-1.219817,-0.6829636,-0.68279874,0.00016486645,0.0,0.00016486645,1.0,1.7288939,0.0,0.0
0.20334986,0.000997331,2.7221777,-0.10239527,-0.49542892,-0.26680428,0.10331668,0.10318114,-0.00013554096,0.0,-0.00013554096,1.0,0.20334986,0.0,0.0
1.0496377,0.000997331,2.9379065,-0.6739937,-0.38768446,-1.0250721,0.6728132,0.6730594,0.0002462268,0.0,0.0002462268,1.0,1.0496377,0.0,0.0
1.0175177,0.000997331,2.7211366,-0.42947188,-0.26568466,-1.123934,0.42741475,0.4273701,-4.464388e-05,0.0,-4.464388e-05,1.0,1.0175177,0.0,0.0
0.4147779,0.000997331,6.231639,0.3816866,0.86454725,0.42644155,-0.3811012,-0.38067555,0.00042563677,0.0,0.00042563677,1.0,0.4147779,0.0,0.0
1.3795629,0.000997331,0.461542,1.3162782,0.25498658,0.44174665,-1.3155293,-1.3151882,0.000341177,0.0,0.000341177,1.0,1.3795629,0.0,0.0
0.44337532,0.000997331,4.417071,-0.5353027,-1.1268958,0.2868533,0.5372392,0.5370327,-0.00020647049,0.0,-0.00020647049,1.0,0.44337532,0.0,0.0
0.07950894,0.000997331,2.4246686,-0.0074390303,0.096293405,-0.1122265,0.0058513694,0.0059426874,9.131804e-05,0.0,9.131804e-05,1.0,3.0620837,0.0,0.0
1.170777,0.000997331,1.1766306,1.2041775,0.5092472,-0.4968461,-1.2054918,-1.2054594,3.2424927e-05,0.0,3.2424927e-05,1.0,1.170777,0.0,0.0
0.33920962,0.000997331,2.8193035,-0.21034524,-0.59523416,-0.42080235,0.21066715,0.21057057,-9.6574426e-05,0.0,-9.6574426e-05,1.0,0.33920962,0.0,0.0
0.006206212,0.000997331,2.4355822,-0.00047084875,0.11182918,-0.009154592,-0.00095500797,-0.0009153653,3.9642677e-05,0.0,3.9642677e-05,1.0,3.1353865,0.0,0.0
0.42046943,0.000997331,0.83110404,0.5768372,-1.2896391,-0.026122142,-0.57796365,-0.5770388,0.00092482567,0.0,0.00092482567,1.0,2.7211232,0.0,0.0
1.1295977,0.000997331,2.0186293,0.42362908,-0.20049846,-1.2072115,-0.4254107,-0.425034,0.00037670135,0.0,0.00037670135,1.0,2.011995,0.0,0.0
0.28663462,0.000997331,1.3292824,0.34185237,1.1605489,-0.20719755,-0.339521,-0.3402879,-0.00076690316,0.0,-0.00076690316,1.0,0.28663462,0.0,0.0
0.101924784,0.000997331,0.48217636,0.13730776,1.3427712,0.042444453,-0.13724336,-0.13711017,0.00013318658,0.0,0.00013318658,1.0,0.101924784,0.0,0.0
0.38253284,0.000997331,3.761266,-0.52093804,-1.2947683,-0.087479725,0.52173495,0.52198684,0.00025188923,0.0,0.00025188923,1.0,0.38253284,0.0,0.0
0.49176836,0.000997331,2.3262925,0.019755358,0.03695424,-0.6672694,-0.019262694,-0.019373626,-0.000110931695,0.0,-0.000110931695,1.0,0.49176836,0.0,0.0
0.012606178,0.000997331,2.3813927,-0.00020348467,0.035478666,-0.01811619,-0.0013792701,-0.0013442505,3.501959e-05,0.0,3.501959e-05,1.0,3.1289864,0.0,0.0
0.8832994,0.000997331,4.232218,-1.0424789,-0.85549134,0.32935953,1.041607,1.0417696,0.00016260147,0.0,0.00016260147,1.0,0.8832994,0.0,0.0
1.4445238,0.000997331,0.1131957,1.0978339,0.13927068,0.8735101,-1.0982051,-1.098907,-0.0007019043,0.0,-0.0007019043,1.0,1.4445238,0.0,0.0
0.38204435,0.000997331,2.0108478,0.17828158,0.44379267,-0.49591345,-0.17940462,-0.17922816,0.00017645955,0.0,0.00017645955,1.0,0.38204435,0.0,0.0
1.0067973,0.000997331,5.9333377,0.5042484,-0.32031626,1.083082,-0.50205445,-0.5022681,-0.00021362305,0.0,-0.00021362305,1.0,2.1347954,0.0,0.0
0.49247003,0.000997331,3.5233936,-0.61544967,1.1455612,-0.26355216,0.61729735,0.6178312,0.0005338192,0.0,0.0005338192,1.0,2.6491227,0.0,0.0
0.6210728,0.000997331,1.5587225,0.58896995,-0.8235075,-0.57552314,-0.5894399,-0.5890533,0.00038665533,0.0,0.00038665533,1.0,2.5205197,0.0,0.0
1.0506232,0.000997331,0.1183102,0.9641682,0.5523615,0.75922763,-0.9645568,-0.96569437,-0.0011375546,0.0,-0.0011375546,1.0,1.0506232,0.0,0.0
1.4235139,0.000997331,0.67643875,1.3906348,0.20643336,0.15214896,-1.3905628,-1.3905215,4.1246414e-05,0.0,4.1246414e-05,1.0,1.4235139,0.0,0.0
0.53903157,0.000997331,5.678886,0.13043348,-0.2187613,0.71394056,-0.12405846,-0.12399732,6.1139464e-05,0.0,6.1139464e-05,1.0,2.602561,0.0,0.0
0.84519386,0.000997331,2.083728,0.28462562,-0.25298357,-1.0191609,-0.2829985,-0.28297904,1.9460917e-05,0.0,1.9460917e-05,1.0,2.2963989,0.0,0.0
0.19798069,0.000997331,1.0908685,0.26533943,-1.3231645,-0.084047034,-0.2653978,-0.26583752,-0.00043973327,0.0,-0.00043973327,1.0,2.9436119,0.0,0.0
1.1046165,0.000997331,4.113523,-1.2416909,0.6236297,0.23381463,1.2417748,1.2418499,7.510185e-05,0.0,7.510185e-05,1.0,2.036976,0.0,0.0
1.4427963,0.000997331,6.006668,0.683978,-0.089144886,1.2251929,-0.6869526,-0.6875744,-0.00062179565,0.0,-0.00062179565,1.0,1.6987963,0.0,0.0
0.57608247,0.000997331,3.9159358,-0.77098846,1.185761,-0.008369874,0.7736988,0.7734475,-0.00025129318,0.0,-0.00025129318,1.0,2.5655103,0.0,0.0
0.122165516,0.000997331,4.189955,-0.1665772,1.356248,0.04570488,0.16593859,0.16585547,-8.311868e-05,0.0,-8.311868e-05,1.0,3.019427,0.0,0.0
1.0135224,0.000997331,3.240207,-0.9282069,0.5784412,-0.7608435,0.92675567,0.92640257,-0.00035309792,0.0,-0.00035309792,1.0,2.1280704,0.0,0.0
0.93300337,0.000997331,4.7868185,-0.7416166,0.5507636,0.86165357,0.7417604,0.74184185,8.147955e-05,0.0,8.147955e-05,1.0,2.2085893,0.0,0.0
0.7872829,0.000997331,0.6862465,0.9970194,-0.9932193,0.09958391,-0.9958828,-0.99609774,-0.00021493435,0.0,-0.00021493435,1.0,2.3543098,0.0,0.0
0.25426948,0.000997331,1.8405552,0.17535701,-0.67442346,-0.30910212,-0.1734922,-0.17409027,-0.000598073,0.0,-0.000598073,1.0,2.8873231,0.0,0.0
0.7928948,0.000997331,5.3794203,-0.11886293,0.11668815,0.9998677,0.1169579,0.116830796,-0.0001271069,0.0,-0.0001271069,1.0,2.348698,0.0,0.0
0.68033475,0.000997331,1.82427,0.45114312,-0.55799407,-0.7672218,-0.44943422,-0.44957373,-0.00013950467,0.0,-0.00013950467,1.0,2.461258,0.0,0.0
0.86361986,0.000997331,3.002449,-0.64744014,0.55409265,-0.8583692,0.64666414,0.6464162,-0.00024795532,0.0,-0.00024795532,1.0,2.2779727,0.0,0.0
0.58701414,0.000997331,3.154509,-0.5610142,0.8431602,-0.54788697,0.55931056,0.5596939,0.00038331747,0.0,0.00038331747,1.0,2.5545785,0.0,0.0
0.9415289,0.000997331,2.6130157,-0.29054937,0.21249636,-1.1058265,0.2910761,0.29114807,7.197261e-05,0.0,7.197261e-05,1.0,2.2000637,0.0,0.0
0.014620636,0.000997331,2.2631924,0.0021869335,-0.1311216,-0.020644687,-0.0039517693,-0.0040008062,-4.9036928e-05,0.0,-4.9036928e-05,1.0,3.126972,0.0,0.0
0.6031863,0.000997331,2.3452618,0.008789312,-0.01217868,-0.8014456,-0.007981088,-0.008053766,-7.267762e-05,0.0,-7.267762e-05,1.0,2.5384064,0.0,0.0
0.8537562,0.000997331,2.2342005,0.1294198,0.11323092,-1.0574887,-0.12779346,-0.12804466,-0.00025120378,0.0,-0.00025120378,1.0,0.8537562,0.0,0.0
0.0077492427,0.000997331,5.2018094,-0.0032216292,-0.4103732,0.009543524,0.0038950387,0.0038973726,2.3338944e-06,0.0,2.3338944e-06,1.0,0.0077492427,0.0,0.0
1.0387865,0.000997331,0.19912441,1.0152593,-0.59767205,0.67430234,-1.0149881,-1.0148449,0.00014317036,0.0,0.00014317036,1.0,2.102806,0.0,0.0
1.2529233,0.000997331,6.149721,0.8156477,0.26981905,1.0671179,-0.82173,-0.8218448,-0.000114798546,0.0,-0.000114798546,1.0,1.2529233,0.0,0.0
1.0762695,0.000997331,1.5110403,0.9310754,0.5024514,-0.8266203,-0.93118286,-0.93168557,-0.0005027056,0.0,-0.0005027056,1.0,1.0762695,0.0,0.0
0.33153248,0.000997331,4.8713255,-0.26929888,-0.7837136,0.3737824,0.2646523,0.2650246,0.0003722906,0.0,0.0003722906,1.0,0.33153248,0.0,0.0
0.691276,0.000997331,0.9279253,0.8924256,1.0785528,-0.12853637,-0.892336,-0.8927838,-0.0004478097,0.0,-0.0004478097,1.0,0.691276,0.0,0.0
1.3277895,0.000997331,4.588248,-1.0835186,-0.26960048,0.84229773,1.0835551,1.083772,0.0002168417,0.0,0.0002168417,1.0,1.3277895,0.0,0.0
0.3039509,0.000997331,0.7783599,0.42323354,1.3498735,0.002689585,-0.42463768,-0.42498642,-0.00034874678,0.0,-0.00034874678,1.0,0.3039509,0.0,0.0
0.5327188,0.000997331,3.7646205,-0.70945513,1.201928,-0.11635369,0.7119715,0.7120139,4.2378902e-05,0.0,4.2378902e-05,1.0,2.6088738,0.0,0.0
1.40267,0.000997331,0.6345776,1.3785214,-0.2338424,0.2092917,-1.378906,-1.3794682,-0.000562191,0.0,-0.000562191,1.0,1.7389227,0.0,0.0
0.5124894,0.000997331,0.95251036,0.68400955,-1.2154202,-0.11502212,-0.68538725,-0.6853851,2.1457672e-06,0.0,2.1457672e-06,1.0,2.6291032,0.0,0.0
0.5524079,0.000997331,5.257157,-0.17675959,0.2863529,0.7195947,0.17507839,0.17485493,-0.00022345781,0.0,-0.00022345781,1.0,2.5891848,0.0,0.0
1.0434351,0.000997331,1.6639609,0.7797862,0.45465666,-0.9413492,-0.7788167,-0.7792858,-0.00046908855,0.0,-0.00046908855,1.0,1.0434351,0.0,0.0
0.3368622,0.000997331,4.1656566,-0.45455799,1.2977176,0.11161047,0.45508888,0.4553478,0.00025892258,0.0,0.00025892258,1.0,2.8047304,0.0,0.0
0.58012027,0.000997331,6.2602205,0.53617775,-0.81368256,0.56435704,-0.532758,-0.53243667,0.00032132864,0.0,0.00032132864,1.0,2.5614724,0.0,0.0
1.3626237,0.000997331,1.9127524,0.593607,0.1263124,-1.2499645,-0.5937917,-0.59378237,9.357929e-06,0.0,9.357929e-06,1.0,1.3626237,0.0,0.0
0.8505653,0.000997331,4.9294505,-0.5719197,-0.50342524,0.8958225,0.5716069,0.57201797,0.00041109324,0.0,0.00041109324,1.0,0.8505653,0.0,0.0
1.3447729,0.000997331,3.9678183,-1.3770593,0.31577694,0.055703953,1.3747015,1.3746586,-4.2915344e-05,0.0,-4.2915344e-05,1.0,1.7968197,0.0,0.0
1.2851497,0.000997331,5.8560076,0.4762951,0.14039178,1.271948,-0.47994378,-0.48002324,-7.945299e-05,0.0,-7.945299e-05,1.0,1.2851497,0.0,0.0
0.8193719,0.000997331,2.1745615,0.1863352,0.17442372,-1.0159647,-0.18432002,-0.1846022,-0.0002821833,0.0,-0.0002821833,1.0,0.8193719,0.0,0.0
0.57121855,0.000997331,2.430334,-0.056826867,-0.08816907,-0.76207316,0.05759765,0.05738679,-0.00021085888,0.0,-0.00021085888,1.0,0.57121855,0.0,0.0
1.5339824,0.000997331,1.3483934,1.1951711,-0.043865666,-0.7540484,-1.1944304,-1.1945162,-8.583069e-05,0.0,-8.583069e-05,1.0,1.6076102,0.0,0.0
1.4055676,0.000997331,4.597886,-1.0931125,0.18195811,0.86664796,1.0957549,1.0960083,0.00025343895,0.0,0.00025343895,1.0,1.736025,0.0,0.0
1.3317463,0.000997331,2.5804284,-0.30573037,-0.07507243,-1.3399553,0.30498293,0.30497098,-1.1950731e-05,0.0,-1.1950731e-05,1.0,1.3317463,0.0,0.0
1.4010632,0.000997331,0.669454,1.3845574,0.23741525,0.16129446,-1.3844323,-1.3843484,8.392334e-05,0.0,8.392334e-05,1.0,1.4010632,0.0,0.0
0.74189866,0.000997331,5.166118,-0.3107854,-0.34088182,0.90330994,0.30885604,0.3091376,0.00028157234,0.0,0.00028157234,1.0,0.74189866,0.0,0.0
0.79245096,0.000997331,2.5888734,-0.23227519,-0.22881433,-0.97926116,0.23119318,0.23105738,-0.00013580918,0.0,-0.00013580918,1.0,0.79245096,0.0,0.0
0.55883986,0.000997331,4.3025856,-0.6979196,1.1160583,0.2762555,0.69936,0.69922906,-0.0001309514,0.0,-0.0001309514,1.0,2.5827527,0.0,0.0
0.024086755,0.000997331,0.747587,0.033864245,1.4132527,0.0009690225,-0.031548813,-0.031904783,-0.0003559701,0.0,-0.0003559701,1.0,0.024086755,0.0,0.0
0.35546616,0.000997331,0.35782284,0.4478966,-1.2063208,0.20465443,-0.44841185,-0.4479735,0.00043836236,0.0,0.00043836236,1.0,2.7861266,0.0,0.0
0.44162783,0.000997331,5.6906495,0.115430474,0.24565856,0.591225,-0.11027429,-0.110165775,0.00010851771,0.0,0.00010851771,1.0,0.44162783,0.0,0.0
0.6192084,0.000997331,1.1920755,0.75367785,1.058125,-0.32514858,-0.7529592,-0.75280905,0.0001501441,0.0,0.0001501441,1.0,0.6192084,0.0,0.0
1.3979565,0.000997331,5.726131,0.3157503,-0.055307724,1.3578751,-0.31729767,-0.3170672,0.00023046136,0.0,0.00023046136,1.0,1.7436363,0.0,0.0
0.75393116,0.000997331,2.7217772,-0.34607086,-0.36845362,-0.9036139,0.34408748,0.34426957,0.00018209219,0.0,0.00018209219,1.0,0.75393116,0.0,0.0
0.36340243,0.000997331,0.9786536,0.4932385,1.2974633,-0.097201735,-0.49392664,-0.49410525,-0.00017860532,0.0,-0.00017860532,1.0,0.36340243,0.0,0.0
0.28803542,0.000997331,3.2588174,-0.31543562,-1.0640236,-0.24888039,0.31435788,0.31423762,-0.00012025237,0.0,-0.00012025237,1.0,0.28803542,0.0,0.0
1.1421531,0.000997331,5.600717,0.13241504,-0.060806938,1.2796235,-0.13527136,-0.13505667,0.00021468103,0.0,0.00021468103,1.0,1.9994396,0.0,0.0
1.0783834,0.000997331,6.041966,0.64521885,-0.34759122,1.0658662,-0.6420926,-0.6425446,-0.00045204163,0.0,-0.00045204163,1.0,2.063209,0.0,0.0
0.053497996,0.000997331,1.6646037,0.048193038,-0.90018404,-0.057657056,-0.04741779,-0.046864823,0.0005529672,0.0,0.0005529672,1.0,3.0880947,0.0,0.0
0.21006913,0.000997331,4.705876,-0.20953387,-0.9839664,0.2083705,0.20738117,0.20778927,0.0004080981,0.0,0.0004080981,1.0,0.21006913,0.0,0.0
0.28826636,0.000997331,1.4332409,0.32027856,1.080898,-0.24271688,-0.3177454,-0.31858698,-0.0008415878,0.0,-0.0008415878,1.0,0.28826636,0.0,0.0
1.5001134,0.000997331,1.0585,1.3584001,-0.096247084,-0.38049313,-1.3572006,-1.3572848,-8.416176e-05,0.0,-8.416176e-05,1.0,1.6414793,0.0,0.0
0.1832337,0.000997331,5.237659,-0.06639864,0.35719725,0.24843712,0.0690977,0.06875765,-0.0003400445,0.0,-0.0003400445,1.0,2.958359,0.0,0.0
0.77188873,0.000997331,1.1450237,0.923208,0.9490121,-0.34746253,-0.92318213,-0.92325425,-7.212162e-05,0.0,-7.212162e-05,1.0,0.77188873,0.0,0.0
0.72876817,0.000997331,3.6469846,-0.90549886,-1.0139334,-0.26076433,0.90806925,0.90802133,-4.7922134e-05,0.0,-4.7922134e-05,1.0,0.72876817,0.0,0.0
0.036043145,0.000997331,5.619341,0.0060513485,0.16955453,0.051479474,0.0012620725,0.0015343996,0.0002723271,0.0,0.0002723271,1.0,0.036043145,0.0,0.0
0.69073373,0.000997331,5.3601546,-0.12355065,0.14893222,0.8915807,0.12215577,0.12209709,-5.8680773e-05,0.0,-5.8680773e-05,1.0,2.4508588,0.0,0.0
1.1614729,0.000997331,0.10525953,1.0087252,-0.43763718,0.81606793,-1.0080948,-1.0089076,-0.00081276894,0.0,-0.00081276894,1.0,1.9801197,0.0,0.0
1.1769277,0.000997331,4.1831408,-1.2635905,0.5241687,0.33023924,1.2633712,1.2632976,-7.367134e-05,0.0,-7.367134e-05,1.0,1.9646649,0.0,0.0
0.24288969,0.000997331,2.0105743,0.11526696,-0.46429837,-0.31947756,-0.11445238,-0.1147868,-0.00033442676,0.0,-0.00033442676,1.0,2.8987029,0.0,0.0
0.275526,0.000997331,1.5293995,0.2830037,-1.0016338,-0.26081982,-0.2811595,-0.2811569,2.592802e-06,0.0,2.592802e-06,1.0,2.8660667,0.0,0.0
0.46114597,0.000997331,0.84981817,0.6281611,-1.2638083,-0.04017905,-0.6290863,-0.6284317,0.0006546378,0.0,0.0006546378,1.0,2.6804466,0.0,0.0
0.24472694,0.000997331,6.1862,0.21794353,0.8698698,0.26632142,-0.23046204,-0.23061493,-0.00015288591,0.0,-0.00015288591,1.0,0.24472694,0.0,0.0
0.46877977,0.000997331,2.628688,-0.17208491,-0.33927774,-0.61501944,0.17236194,0.17237973,1.7791986e-05,0.0,1.7791986e-05,1.0,0.46877977,0.0,0.0
0.6776965,0.000997331,5.5272284,0.025992943,-0.033428818,0.8853502,-0.025041725,-0.02501815,2.35755e-05,0.0,2.35755e-05,1.0,2.463896,0.0,0.0
0.0780734,0.000997331,4.007959,-0.11021672,1.4064591,0.00973072,0.110966176,0.11068821,-0.00027796626,0.0,-0.00027796626,1.0,3.0635192,0.0,0.0
1.1849245,0.000997331,2.500594,-0.18882552,0.07703522,-1.2973363,0.19056538,0.1908141,0.00024871528,0.0,0.00024871528,1.0,1.9566681,0.0,0.0
0.916849,0.000997331,1.8753138,0.5192424,-0.3986202,-0.9956509,-0.51896656,-0.5188955,7.104874e-05,0.0,7.104874e-05,1.0,2.2247436,0.0,0.0
0.0067165936,0.000997331,0.737775,0.009311729,1.4129806,9.6967444e-05,-0.0062889904,-0.007190929,-0.0009019384,0.0,-0.0009019384,1.0,0.0067165936,0.0,0.0
0.03355288,0.000997331,3.256012,-0.03747072,1.1070347,-0.030096117,0.037663862,0.038481615,0.0008177534,0.0,0.0008177534,1.0,3.1080399,0.0,0.0
1.4438698,0.000997331,2.4301236,-0.10387029,0.01311795,-1.4000584,0.1051032,0.104915895,-0.0001873076,0.0,-0.0001873076,1.0,1.6977228,0.0,0.0
0.89506465,0.000997331,4.057397,-1.0942621,-0.876295,0.14433175,1.0950248,1.0953579,0.00033307076,0.0,0.00033307076,1.0,0.89506465,0.0,0.0
0.92938316,0.000997331,3.3851385,-0.9710572,-0.725131,-0.58491707,0.9716359,0.97155267,-8.3208084e-05,0.0,-8.3208084e-05,1.0,0.92938316,0.0,0.0
0.08309967,0.000997331,1.3749555,0.09736414,1.1708248,-0.0653477,-0.09733784,-0.09729741,4.04343e-05,0.0,4.04343e-05,1.0,0.08309967,0.0,0.0
1.3536118,0.000997331,5.770762,0.3727208,-0.08269324,1.330478,-0.37458214,-0.37434843,0.00023370981,0.0,0.00023370981,1.0,1.7879808,0.0,0.0
1.444472,0.000997331,3.755701,-1.3822904,-0.17508972,-0.23861113,1.3794177,1.3794851,6.747246e-05,0.0,6.747246e-05,1.0,1.444472,0.0,0.0
1.4118631,0.000997331,0.32700408,1.2523127,-0.20067437,0.61802894,-1.2530726,-1.2525104,0.000562191,0.0,0.000562191,1.0,1.7297295,0.0,0.0
0.6093872,0.000997331,5.4380736,-0.04838407,0.06836285,0.80687296,0.049000382,0.048981406,-1.8976629e-05,0.0,-1.8976629e-05,1.0,2.5322053,0.0,0.0
0.7984312,0.000997331,4.2484946,-0.9615288,0.93621355,0.32069618,0.96355987,0.9632981,-0.0002617836,0.0,-0.0002617836,1.0,2.3431613,0.0,0.0
0.60178655,0.000997331,0.1636392,0.65079343,0.9476867,0.466421,-0.6498072,-0.64975774,4.9471855e-05,0.0,4.9471855e-05,1.0,0.60178655,0.0,0.0
0.7279731,0.000997331,5.555532,0.05422154,-0.06199743,0.9384848,-0.053717133,-0.053709626,7.50646e-06,0.0,7.50646e-06,1.0,2.4136195,0.0,0.0
1.1456524,0.000997331,1.9625247,0.4939218,0.22447282,-1.1898065,-0.4925392,-0.4922951,0.00024411082,0.0,0.00024411082,1.0,1.1456524,0.0,0.0
0.5514506,0.000997331,5.9742365,0.3397891,-0.5506326,0.66061294,-0.33095756,-0.33150965,-0.000552088,0.0,-0.000552088,1.0,2.590142,0.0,0.0
1.4380348,0.000997331,2.2430534,0.15821025,-0.021050131,-1.3938706,-0.15892951,-0.15947847,-0.0005489588,0.0,-0.0005489588,1.0,1.703558,0.0,0.0
0.5717985,0.000997331,5.986361,0.35852227,0.55857515,0.6758045,-0.34806153,-0.34771585,0.00034567714,0.0,0.00034567714,1.0,0.5717985,0.0,0.0
1.301403,0.000997331,0.8536001,1.3600703,0.375544,-0.092795014,-1.3606751,-1.360328,0.00034713745,0.0,0.00034713745,1.0,1.301403,0.0,0.0
0.551634,0.000997331,0.08844742,0.5683354,0.92350686,0.47570324,-0.56692874,-0.56752896,-0.0006002188,0.0,-0.0006002188,1.0,0.551634,0.0,0.0
0.604565,0.000997331,4.175827,-0.7796086,1.1279957,0.19882809,0.78203744,0.7817249,-0.00031256676,0.0,-0.00031256676,1.0,2.5370276,0.0,0.0
1.0601982,0.000997331,5.416776,-0.09982798,-0.05669132,1.2305292,0.1010689,0.10118868,0.000119782984,0.0,0.000119782984,1.0,1.0601982,0.0,0.0
0.37741637,0.000997331,4.3216014,-0.48126003,-1.2136474,0.20139337,0.48407972,0.4839359,-0.00014382601,0.0,-0.00014382601,1.0,0.37741637,0.0,0.0
0.08658686,0.000997331,0.26621208,0.10616852,-1.2230451,0.06113048,-0.104915395,-0.10419222,0.0007231757,0.0,0.0007231757,1.0,3.0550058,0.0,0.0
1.2583073,0.000997331,5.840803,0.45312116,0.14696305,1.2684784,-0.4566186,-0.45664033,-2.1725893e-05,0.0,-2.1725893e-05,1.0,1.2583073,0.0,0.0
0.25167957,0.000997331,5.3835216,-0.04004333,-0.15497127,0.347813,0.038519107,0.038836934,0.00031782687,0.0,0.00031782687,1.0,0.25167957,0.0,0.0
0.5853356,0.000997331,5.211857,-0.21984956,-0.3331985,0.7489,0.21534902,0.21525595,-9.307265e-05,0.0,-9.307265e-05,1.0,0.5853356,0.0,0.0
0.7584634,0.000997331,5.657221,0.15428954,-0.16411215,0.9595855,-0.15282443,-0.15283638,-1.1950731e-05,0.0,-1.1950731e-05,1.0,2.3831294,0.0,0.0
1.0286577,0.000997331,5.413948,-0.10140618,-0.06191163,1.207793,0.1022694,0.10242016,0.00015075505,0.0,0.00015075505,1.0,1.0286577,0.0,0.0
1.4496942,0.000997331,5.681782,0.2571999,-0.031252388,1.3813195,-0.25818205,-0.25799897,0.00018307567,0.0,0.00018307567,1.0,1.6918986,0.0,0.0
1.2314427,0.000997331,1.0442821,1.2891548,-0.45474082,-0.3413043,-1.287786,-1.2875695,0.00021648407,0.0,0.00021648407,1.0,1.9101499,0.0,0.0
1.4230968,0.000997331,1.4400715,1.10962,0.16532862,-0.85178304,-1.1094759,-1.1094882,-1.2397766e-05,0.0,-1.2397766e-05,1.0,1.4230968,0.0,0.0
0.69713,0.000997331,1.1297055,0.8549229,-1.0205321,-0.30634987,-0.8567852,-0.85711825,-0.00033307076,0.0,-0.00033307076,1.0,2.4444625,0.0,0.0
0.80904126,0.000997331,3.6360593,-0.9807309,0.93401384,-0.29430515,0.9813018,0.9810617,-0.00024008751,0.0,-0.00024008751,1.0,2.3325515,0.0,0.0
0.9286357,0.000997331,2.7002382,-0.3820109,-0.28592736,-1.0658782,0.3798223,0.3798287,6.377697e-06,0.0,6.377697e-06,1.0,0.9286357,0.0,0.0
0.86522627,0.000997331,3.4185777,-0.94063735,-0.8012293,-0.524724,0.9413896,0.9411642,-0.00022542477,0.0,-0.00022542477,1.0,0.86522627,0.0,0.0
0.6551543,0.000997331,4.7997055,-0.5534287,-0.72150135,0.66074467,0.55183136,0.5520232,0.00019180775,0.0,0.00019180775,1.0,0.6551543,0.0,0.0
1.1121156,0.000997331,1.0227566,1.2325166,0.60877705,-0.29812974,-1.2334368,-1.2333834,5.340576e-05,0.0,5.340576e-05,1.0,1.1121156,0.0,0.0
0.16035761,0.000997331,4.4971786,-0.18999691,-1.1754539,0.122989506,0.19147754,0.1914307,-4.683435e-05,0.0,-4.683435e-05,1.0,0.16035761,0.0,0.0
0.23902851,0.000997331,5.852245,0.116673574,-0.47346604,0.31727487,-0.11071196,-0.11054485,0.00016710907,0.0,0.00016710907,1.0,2.902564,0.0,0.0
1.2239419,0.000997331,2.5185359,-0.21528149,0.07809231,-1.3132741,0.21731858,0.2175702,0.000251621,0.0,0.000251621,1.0,1.9176508,0.0,0.0
0.4084142,0.000997331,3.8743086,-0.56121933,-1.29674,-0.029752886,0.5629202,0.5631226,0.00020235777,0.0,0.00020235777,1.0,0.4084142,0.0,0.0
1.452429,0.000997331,3.4134068,-1.2232103,0.14582871,-0.6890584,1.2222767,1.2223673,9.059906e-05,0.0,9.059906e-05,1.0,1.6891636,0.0,0.0
0.095211364,0.000997331,3.5428836,-0.12472163,-1.3054363,-0.05017409,0.12364599,0.12332482,-0.00032117218,0.0,-0.00032117218,1.0,0.095211364,0.0,0.0
0.41342816,0.000997331,6.2462254,0.38667977,0.8790615,0.41954687,-0.3875296,-0.38710302,0.00042659044,0.0,0.00042659044,1.0,0.41342816,0.0,0.0
1.5638615,0.000997331,5.9553714,0.6254494,-0.004914766,1.2694924,-0.6291073,-0.6296687,-0.00056141615,0.0,-0.00056141615,1.0,1.5777311,0.0,0.0
0.9465993,0.000997331,5.094549,-0.4502357,-0.32587087,1.0554463,0.4514859,0.4518589,0.00037300587,0.0,0.00037300587,1.0,0.9465993,0.0,0.0
1.3209287,0.000997331,5.67799,0.24593446,-0.06289203,1.3487706,-0.24789655,-0.24755922,0.0003373325,0.0,0.0003373325,1.0,1.8206639,0.0,0.0
1.2447305,0.000997331,4.546541,-1.090777,-0.3697649,0.7773648,1.089962,1.0900784,0.00011634827,0.0,0.00011634827,1.0,1.2447305,0.0,0.0
1.3286811,0.000997331,5.287241,-0.28699932,0.07155486,1.3438845,0.2867872,0.28653747,-0.00024974346,0.0,-0.00024974346,1.0,1.8129115,0.0,0.0
0.18398397,0.000997331,0.23849122,0.22105634,1.18729,0.13428278,-0.22251254,-0.22245544,5.710125e-05,0.0,5.710125e-05,1.0,0.18398397,0.0,0.0
1.4036186,0.000997331,2.4452586,-0.12422454,-0.02126361,-1.3894374,0.12364954,0.12373184,8.229911e-05,0.0,8.229911e-05,1.0,1.4036186,0.0,0.0
0.4675797,0.000997331,1.386269,0.5254739,1.041528,-0.36059195,-0.5236191,-0.52384233,-0.0002232194,0.0,-0.0002232194,1.0,0.4675797,0.0,0.0
0.10984604,0.000997331,4.936311,-0.0821588,-0.74671876,0.1311254,0.077543445,0.07752466,-1.8782914e-05,0.0,-1.8782914e-05,1.0,0.10984604,0.0,0.0
0.58087116,0.000997331,0.53462213,0.75186235,1.1453502,0.19270016,-0.75364816,-0.75344676,0.0002014041,0.0,0.0002014041,1.0,0.58087116,0.0,0.0
0.3309575,0.000997331,0.6401011,0.45472327,1.3238606,0.06647752,-0.45568433,-0.4561457,-0.00046136975,0.0,-0.00046136975,1.0,0.3309575,0.0,0.0
0.51307946,0.000997331,4.0718865,-0.6872501,-1.2192165,0.10078717,0.6897007,0.6897306,2.9861927e-05,0.0,2.9861927e-05,1.0,0.51307946,0.0,0.0
1.0616853,0.000997331,1.8492658,0.5996667,-0.3352113,-1.0799502,-0.601017,-0.6006583,0.00035870075,0.0,0.00035870075,1.0,2.0799074,0.0,0.0
1.460585,0.000997331,1.791472,0.752452,-0.082769476,-1.1873283,-0.7545879,-0.7543866,0.00020128489,0.0,0.00020128489,1.0,1.6810076,0.0,0.0
1.0861138,0.000997331,4.1140747,-1.2295083,-0.64680564,0.23321626,1.2285242,1.2289011,0.00037693977,0.0,0.00037693977,1.0,1.0861138,0.0,0.0
1.0918167,0.000997331,2.4418423,-0.10749512,-0.05573815,-1.2500765,0.10615775,0.10621816,6.0409307e-05,0.0,6.0409307e-05,1.0,1.0918167,0.0,0.0
1.5687933,0.000997331,0.94791085,1.3955905,0.0026730485,-0.22890706,-1.3951077,-1.3950534,5.4359436e-05,0.0,5.4359436e-05,1.0,1.5687933,0.0,0.0
0.9385526,0.000997331,3.6232119,-1.0888407,0.7964079,-0.3419034,1.0880977,1.0881357,3.8027763e-05,0.0,3.8027763e-05,1.0,2.2030401,0.0,0.0
0.22266424,0.000997331,2.6535342,-0.091671646,-0.40397227,-0.29873422,0.092438966,0.0922524,-0.00018656254,0.0,-0.00018656254,1.0,0.22266424,0.0,0.0
0.77741235,0.000997331,1.8791724,0.45509896,0.46266955,-0.8814559,-0.45351034,-0.45381796,-0.00030761957,0.0,-0.00030761957,1.0,0.77741235,0.0,0.0
1.3046743,0.000997331,4.6689234,-1.0063322,0.27437916,0.9217922,1.0092652,1.0094743,0.0002090931,0.0,0.0002090931,1.0,1.8369184,0.0,0.0
0.11268827,0.000997331,6.0290084,0.080874145,0.70913327,0.13859016,-0.09129817,-0.09109909,0.00019907951,0.0,0.00019907951,1.0,0.11268827,0.0,0.0
0.57291716,0.000997331,0.043467075,0.5650965,-0.8764965,0.5181743,-0.56600606,-0.5652911,0.0007149577,0.0,0.0007149577,1.0,2.5686755,0.0,0.0
1.1684005,0.000997331,2.905775,-0.68000644,0.29007965,-1.1091356,0.6816917,0.6819978,0.00030606985,0.0,0.00030606985,1.0,1.9731921,0.0,0.0
1.2339759,0.000997331,6.0415845,0.69087917,-0.243507,1.1419289,-0.69067836,-0.69115514,-0.00047677755,0.0,-0.00047677755,1.0,1.9076169,0.0,0.0
0.17257172,0.000997331,1.3715883,0.20204699,1.1601084,-0.13450232,-0.20065221,-0.20115098,-0.00049877167,0.0,-0.00049877167,1.0,0.17257172,0.0,0.0
1.4702342,0.000997331,0.6297513,1.3900942,0.14042836,0.21811008,-1.3899606,-1.3900466,-8.59499e-05,0.0,-8.59499e-05,1.0,1.4702342,0.0,0.0
1.1944723,0.000997331,6.245053,0.894279,0.35518414,0.9635335,-0.8980858,-0.8980057,8.004904e-05,0.0,8.004904e-05,1.0,1.1944723,0.0,0.0
0.7650481,0.000997331,2.7946265,-0.4157671,-0.43305865,-0.88650775,0.4132939,0.4136011,0.00030720234,0.0,0.00030720234,1.0,0.7650481,0.0,0.0
1.5568005,0.000997331,2.7231143,-0.5077184,0.0066634305,-1.3202989,0.50976276,0.5099073,0.00014454126,0.0,0.00014454126,1.0,1.5847921,0.0,0.0
0.47830936,0.000997331,4.673261,-0.4775991,-0.9218893,0.4432792,0.47691053,0.47685185,-5.8680773e-05,0.0,-5.8680773e-05,1.0,0.47830936,0.0,0.0
0.8459661,0.000997331,3.923178,-1.059191,0.9366734,-0.0043625217,1.0610476,1.0610037,-4.386902e-05,0.0,-4.386902e-05,1.0,2.2956266,0.0,0.0
1.5505033,0.000997331,2.135668,0.3093092,-0.005897913,-1.3803856,-0.31071764,-0.31127632,-0.00055867434,0.0,-0.00055867434,1.0,1.5910894,0.0,0.0
0.82475024,0.000997331,2.660336,-0.31105015,-0.2874242,-0.99040365,0.30925196,0.30925542,3.4570694e-06,0.0,3.4570694e-06,1.0,0.82475024,0.0,0.0
0.093843184,0.000997331,1.7964556,0.070385695,-0.74692047,-0.11166794,-0.06935066,-0.06993521,-0.0005845502,0.0,-0.0005845502,1.0,3.0477495,0.0,0.0
0.528534,0.000997331,5.963114,0.31999043,-0.54605746,0.63960373,-0.31121066,-0.31168392,-0.00047326088,0.0,-0.00047326088,1.0,2.6130586,0.0,0.0
1.0982113,0.000997331,5.9460306,0.5460837,0.28092515,1.1347802,-0.5501574,-0.54995704,0.00020039082,0.0,0.00020039082,1.0,1.0982113,0.0,0.0
1.1083409,0.000997331,0.1164901,0.9929389,-0.4949941,0.7849686,-0.99241114,-0.99320805,-0.0007969141,0.0,-0.0007969141,1.0,2.0332518,0.0,0.0
0.08245915,0.000997331,3.8540957,-0.1165675,1.4069617,-0.007883349,0.11848336,0.11814031,-0.00034304708,0.0,-0.00034304708,1.0,3.0591335,0.0,0.0
1.2690089,0.000997331,5.096482,-0.52770436,0.164931,1.2441936,0.5289885,0.528701,-0.0002874732,0.0,-0.0002874732,1.0,1.8725839,0.0,0.0
0.80565774,0.000997331,3.6853487,-0.9908029,-0.950806,-0.24434826,0.9935679,0.99355745,-1.0430813e-05,0.0,-1.0430813e-05,1.0,0.80565774,0.0,0.0
1.3074756,0.000997331,4.9004107,-0.76837075,-0.20793723,1.1286693,0.76999706,0.770043,4.595518e-05,0.0,4.595518e-05,1.0,1.3074756,0.0,0.0
1.3397938,0.000997331,4.6304326,-1.0503764,0.24695393,0.8901111,1.0531962,1.0534174,0.00022125244,0.0,0.00022125244,1.0,1.8017988,0.0,0.0
0.35149565,0.000997331,3.6694827,-0.47150925,1.2841108,-0.124269016,0.47449425,0.47470084,0.0002065897,0.0,0.0002065897,1.0,2.790097,0.0,0.0
0.6957277,0.000997331,2.1952424,0.14495215,0.17373449,-0.894361,-0.14323816,-0.14360924,-0.00037108362,0.0,-0.00037108362,1.0,0.6957277,0.0,0.0
0.98568386,0.000997331,3.7719948,-1.1651001,-0.7707987,-0.18172398,1.1667132,1.1668956,0.00018239021,0.0,0.00018239021,1.0,0.98568386,0.0,0.0
0.82584393,0.000997331,6.226127,0.6920804,-0.63690066,0.77802944,-0.6822777,-0.6823159,-3.8206577e-05,0.0,-3.8206577e-05,1.0,2.3157487,0.0,0.0
0.9107959,0.000997331,5.8184037,0.35213098,0.27510253,1.0596201,-0.353973,-0.35377505,0.00019794703,0.0,0.00019794703,1.0,0.9107959,0.0,0.0
0.8541155,0.000997331,5.6636877,0.17615655,0.15434846,1.0509253,-0.17833465,-0.17830175,3.2901764e-05,0.0,3.2901764e-05,1.0,0.8541155,0.0,0.0
0.4690345,0.000997331,4.878092,-0.37099534,0.7326412,0.52058655,0.3668144,0.36665088,-0.00016352534,0.0,-0.00016352534,1.0,2.672558,0.0,0.0
1.1174328,0.000997331,2.660878,-0.38149136,-0.18634306,-1.2128258,0.37973556,0.37958878,-0.00014677644,0.0,-0.00014677644,1.0,1.1174328,0.0,0.0
1.5222247,0.000997331,4.0890603,-1.3939617,0.06728768,0.22710872,1.3914794,1.3912159,-0.00026345253,0.0,-0.00026345253,1.0,1.619368,0.0,0.0
0.29668066,0.000997331,3.477353,-0.37287757,1.2180252,-0.1805825,0.3756258,0.37562686,1.0728836e-06,0.0,1.0728836e-06,1.0,2.844912,0.0,0.0
0.07027305,0.000997331,0.47598848,0.09456334,1.3438036,0.029653687,-0.09484686,-0.09470924,0.00013761967,0.0,0.00013761967,1.0,0.07027305,0.0,0.0
1.4667726,0.000997331,1.8390559,0.69558126,-0.07211715,-1.2226863,-0.6978793,-0.697791,8.833408e-05,0.0,8.833408e-05,1.0,1.6748201,0.0,0.0
0.9851784,0.000997331,4.550577,-0.95710796,0.63519263,0.68861336,0.9579506,0.9579225,-2.8073788e-05,0.0,-2.8073788e-05,1.0,2.1564143,0.0,0.0
0.5770192,0.000997331,1.5109332,0.57727706,-0.88725454,-0.5125876,-0.5779644,-0.57742107,0.00054335594,0.0,0.00054335594,1.0,2.5645735,0.0,0.0
1.2350228,0.000997331,0.7179593,1.3322737,-0.46485186,0.08975789,-1.3325189,-1.3325491,-3.015995e-05,0.0,-3.015995e-05,1.0,1.9065698,0.0,0.0
0.81779605,0.000997331,1.1156937,0.97602844,0.9151989,-0.3349241,-0.9761068,-0.9762805,-0.00017368793,0.0,-0.00017368793,1.0,0.81779605,0.0,0.0
1.0517168,0.000997331,2.3527017,0.004153043,-0.002262812,-1.2284968,-0.0038128048,-0.0036388524,0.00017395243,0.0,0.00017395243,1.0,2.089876,0.0,0.0
1.0536819,0.000997331,1.2286141,1.1106789,-0.6311221,-0.526917,-1.1106856,-1.1106358,4.9829483e-05,0.0,4.9829483e-05,1.0,2.0879107,0.0,0.0
0.92071575,0.000997331,3.6086333,-1.0695199,-0.81251264,-0.3525917,1.0715046,1.0714169,-8.773804e-05,0.0,-8.773804e-05,1.0,0.92071575,0.0,0.0
0.08551915,0.000997331,4.0498304,-0.119963214,-1.3995916,0.0147856865,0.1219316,0.1212409,-0.0006906986,0.0,-0.0006906986,1.0,0.08551915,0.0,0.0
1.0139921,0.000997331,3.5076513,-1.0968432,-0.6823182,-0.48895636,1.0979751,1.0979846,9.417534e-06,0.0,9.417534e-06,1.0,1.0139921,0.0,0.0
1.4417694,0.000997331,3.3966186,-1.2099671,-0.15660064,-0.708521,1.2105191,1.2107091,0.00019001961,0.0,0.00019001961,1.0,1.4417694,0.0,0.0
0.071848296,0.000997331,0.18295056,0.08373243,1.1624117,0.057560332,-0.087347776,-0.08666544,0.0006823391,0.0,0.0006823391,1.0,0.071848296,0.0,0.0
0.6216236,0.000997331,3.5081267,-0.7528112,1.0495415,-0.33596402,0.754001,0.75412,0.00011897087,0.0,0.00011897087,1.0,2.519969,0.0,0.0
0.46495655,0.000997331,5.3566008,-0.088877074,-0.1774736,0.62589777,0.08440557,0.08420855,-0.00019702315,0.0,-0.00019702315,1.0,0.46495655,0.0,0.0
0.13309145,0.000997331,4.041643,-0.1865634,-1.3935629,0.021429377,0.18866074,0.1880975,-0.0005632341,0.0,-0.0005632341,1.0,0.13309145,0.0,0.0
0.45814344,0.000997331,4.8308563,-0.3863791,-0.7848704,0.49250668,0.3835025,0.38355988,5.736947e-05,0.0,5.736947e-05,1.0,0.45814344,0.0,0.0
1.3389289,0.000997331,1.1570145,1.2824391,-0.30257395,-0.49957964,-1.2808163,-1.2809814,-0.00016510487,0.0,-0.00016510487,1.0,1.8026637,0.0,0.0
0.49867508,0.000997331,1.540816,0.49207494,0.904333,-0.46370733,-0.4910983,-0.49127248,-0.00017416477,0.0,-0.00017416477,1.0,0.49867508,0.0,0.0
0.40466225,0.000997331,1.5729474,0.39282206,-0.9177034,-0.39501882,-0.3918453,-0.39143887,0.00040641427,0.0,0.00040641427,1.0,2.7369304,0.0,0.0
0.09269017,0.000997331,6.0981092,0.074352466,0.7944144,0.10793922,-0.09762641,-0.097520664,0.00010574609,0.0,0.00010574609,1.0,0.09269017,0.0,0.0
0.59329575,0.000997331,0.014169155,0.5669733,0.8406837,0.55106574,-0.5656973,-0.56590843,-0.00021111965,0.0,-0.00021111965,1.0,0.59329575,0.0,0.0
1.156746,0.000997331,1.5486985,0.93540025,0.4114986,-0.89555025,-0.93517303,-0.93557745,-0.00040441751,0.0,-0.00040441751,1.0,1.156746,0.0,0.0
1.0242016,0.000997331,3.3056762,-0.9825976,-0.5980408,-0.7035967,0.9830111,0.9832092,0.00019806623,0.0,0.00019806623,1.0,1.0242016,0.0,0.0
0.04457876,0.000997331,5.520814,0.0012671929,0.03195209,0.063045405,0.005781159,0.005766984,-1.417473e-05,0.0,-1.417473e-05,1.0,0.04457876,0.0,0.0
0.8263273,0.000997331,1.8544917,0.50018996,-0.46145242,-0.9124445,-0.49912837,-0.49924105,-0.00011268258,0.0,-0.00011268258,1.0,2.3152654,0.0,0.0
0.68704975,0.000997331,0.67598385,0.891672,-1.0866992,0.098401144,-0.89009774,-0.8905325,-0.00043475628,0.0,-0.00043475628,1.0,2.4545429,0.0,0.0
0.80726343,0.000997331,1.9319767,0.42014113,0.40243313,-0.93119633,-0.4181533,-0.41843626,-0.00028297305,0.0,-0.00028297305,1.0,0.80726343,0.0,0.0
0.095922545,0.000997331,6.2204266,0.090838425,-0.9358374,0.09698077,-0.13715182,-0.13738608,-0.00023426116,0.0,-0.00023426116,1.0,3.04567,0.0,0.0
1.1167669,0.000997331,4.1254025,-1.2462943,0.6071132,0.25002658,1.2463099,1.2463592,4.9352646e-05,0.0,4.9352646e-05,1.0,2.0248256,0.0,0.0
0.5545689,0.000997331,4.686493,-0.53991276,0.8724688,0.51382494,0.53728294,0.5373403,5.733967e-05,0.0,5.733967e-05,1.0,2.5870237,0.0,0.0
0.5403052,0.000997331,0.7153499,0.72575563,1.2098463,0.050656743,-0.7278751,-0.72813964,-0.0002645254,0.0,-0.0002645254,1.0,0.5403052,0.0,0.0
0.1419067,0.000997331,2.1497092,0.04091008,0.2868176,-0.1956367,-0.04223375,-0.042419575,-0.00018582493,0.0,-0.00018582493,1.0,0.1419067,0.0,0.0
1.08559,0.000997331,1.1639943,1.1625147,-0.6123701,-0.46211606,-1.162125,-1.1619512,0.00017380714,0.0,0.00017380714,1.0,2.0560026,0.0,0.0
0.9521842,0.000997331,3.5177395,-1.0571431,0.7515229,-0.45898166,1.0557824,1.0556566,-0.00012588501,0.0,-0.00012588501,1.0,2.1894085,0.0,0.0
1.0851812,0.000997331,5.1481476,-0.4284828,0.22695883,1.1760511,0.4284648,0.42801946,-0.0004453361,0.0,-0.0004453361,1.0,2.0564115,0.0,0.0
0.7728704,0.000997331,0.3228662,0.8836317,-0.90614945,0.44049358,-0.8827852,-0.8820131,0.00077211857,0.0,0.00077211857,1.0,2.3687222,0.0,0.0
0.5622877,0.000997331,6.2829804,0.5339442,-0.8425473,0.5370705,-0.5326863,-0.5320034,0.0006828904,0.0,0.0006828904,1.0,2.579305,0.0,0.0
0.36440393,0.000997331,4.9054575,-0.28113815,0.7371762,0.41799822,0.2772501,0.27699283,-0.00025728345,0.0,-0.00025728345,1.0,2.7771888,0.0,0.0
0.29399234,0.000997331,5.712057,0.086673275,0.2872035,0.3994463,-0.0783581,-0.07788625,0.00047184527,0.0,0.00047184527,1.0,0.29399234,0.0,0.0
1.2902158,0.000997331,5.972787,0.6221411,0.18009438,1.209034,-0.62760156,-0.6277765,-0.00017493963,0.0,-0.00017493963,1.0,1.2902158,0.0,0.0
1.0207626,0.000997331,4.732881,-0.8351708,0.513,0.8703395,0.8363728,0.83644694,7.414818e-05,0.0,7.414818e-05,1.0,2.12083,0.0,0.0
1.128279,0.000997331,2.1993546,0.19939719,0.09508926,-1.2619596,-0.19919825,-0.19873793,0.00046031177,0.0,0.00046031177,1.0,1.128279,0.0,0.0
1.3594925,0.000997331,1.2328176,1.2466774,0.26735944,-0.5983459,-1.2471882,-1.2470988,8.940697e-05,0.0,8.940697e-05,1.0,1.3594925,0.0,0.0
0.8840853,0.000997331,0.19605629,0.9091849,-0.74541456,0.6077061,-0.90919673,-0.9090382,0.00015854836,0.0,0.00015854836,1.0,2.2575073,0.0,0.0
0.26000702,0.000997331,2.8858213,-0.18352301,0.68974394,-0.31461447,0.18131772,0.1808249,-0.0004928112,0.0,-0.0004928112,1.0,2.8815856,0.0,0.0
0.37944555,0.000997331,5.553854,0.02919499,0.07435033,0.5206332,-0.027530849,-0.027424447,0.00010640174,0.0,0.00010640174,1.0,0.37944555,0.0,0.0
0.82720566,0.000997331,4.2540784,-0.98620975,0.90641904,0.33497396,0.98810714,0.98787296,-0.00023418665,0.0,-0.00023418665,1.0,2.314387,0.0,0.0
1.2559816,0.000997331,5.953478,0.59213233,-0.19418517,1.207354,-0.593071,-0.59327734,-0.00020635128,0.0,-0.00020635128,1.0,1.8856112,0.0,0.0
0.28420755,0.000997331,0.87833965,0.39499015,-1.351929,-0.036903445,-0.3967526,-0.39545047,0.0013021231,0.0,0.0013021231,1.0,2.8573852,0.0,0.0
1.0169303,0.000997331,1.636157,0.79332405,-0.49076778,-0.90443456,-0.79442275,-0.7944592,-3.6478043e-05,0.0,-3.6478043e-05,1.0,2.1246622,0.0,0.0
1.3369459,0.000997331,1.6505668,0.8923718,-0.21227047,-1.0469248,-0.8939663,-0.8935925,0.00037384033,0.0,0.00037384033,1.0,1.8046467,0.0,0.0
1.252877,0.000997331,4.4358478,-1.1735535,0.38588983,0.65375185,1.1748078,1.1747565,-5.1259995e-05,0.0,-5.1259995e-05,1.0,1.8887156,0.0,0.0
0.04035154,0.000997331,3.8703387,-0.056976877,-1.4117669,-0.0032625329,0.056753792,0.056500778,-0.00025301427,0.0,-0.00025301427,1.0,0.04035154,0.0,0.0
1.1710012,0.000997331,2.2932832,0.0818001,-0.034611784,-1.3010516,-0.08205709,-0.08199097,6.611645e-05,0.0,6.611645e-05,1.0,1.9705914,0.0,0.0
1.0203307,0.000997331,2.3043506,0.062353283,-0.03829996,-1.2041843,-0.06213873,-0.0619667,0.00017203018,0.0,0.00017203018,1.0,2.121262,0.0,0.0
1.2231306,0.000997331,0.7596339,1.3292238,-0.481563,0.03403662,-1.3292211,-1.3290708,0.00015032291,0.0,0.00015032291,1.0,1.918462,0.0,0.0
0.07258171,0.000997331,1.0541323,0.098693274,1.3600149,-0.027256703,-0.09914573,-0.09885216,0.00029357523,0.0,0.00029357523,1.0,0.07258171,0.0,0.0
0.5980382,0.000997331,3.5295656,-0.7344459,-1.0780488,-0.3089841,0.7354212,0.73526764,-0.00015354156,0.0,-0.00015354156,1.0,0.5980382,0.0,0.0
0.14604867,0.000997331,0.9303335,0.20350854,1.3849242,-0.029936824,-0.204008,-0.20377035,0.00023764372,0.0,0.00023764372,1.0,0.14604867,0.0,0.0
0.95833474,0.000997331,1.3303688,0.98974776,-0.6949451,-0.59977746,-0.9906478,-0.9907141,-6.6280365e-05,0.0,-6.6280365e-05,1.0,2.1832578,0.0,0.0
0.9524704,0.000997331,4.513983,-0.9593386,-0.68292165,0.6384573,0.9570807,0.9570277,-5.3048134e-05,0.0,-5.3048134e-05,1.0,0.9524704,0.0,0.0
0.9866215,0.000997331,5.945235,0.5105359,0.33977973,1.0630412,-0.5126527,-0.5124166,0.000236094,0.0,0.000236094,1.0,0.9866215,0.0,0.0
0.30848205,0.000997331,3.5076468,-0.3927266,1.230741,-0.17562628,0.39557272,0.395648,7.5280666e-05,0.0,7.5280666e-05,1.0,2.8331106,0.0,0.0
1.5143923,0.000997331,0.18093865,1.161848,-0.065664396,0.8024635,-1.1620067,-1.1620641,-5.733967e-05,0.0,-5.733967e-05,1.0,1.6272004,0.0,0.0
1.5703442,0.000997331,6.0293393,0.717565,-0.0003352277,1.2194848,-0.72221226,-0.7229333,-0.0007210374,0.0,-0.0007210374,1.0,1.5703442,0.0,0.0
1.2696571,0.000997331,5.291004,-0.27730164,0.086789295,1.3229984,0.27670756,0.27638668,-0.0003208816,0.0,-0.0003208816,1.0,1.8719356,0.0,0.0
0.17275305,0.000997331,2.6858578,-0.07888386,-0.45085633,-0.23021263,0.079658106,0.07952219,-0.00013591349,0.0,-0.00013591349,1.0,0.17275305,0.0,0.0
0.85906947,0.000997331,4.811307,-0.6785357,-0.5865295,0.8282755,0.67765427,0.6779354,0.0002811551,0.0,0.0002811551,1.0,0.85906947,0.0,0.0
0.6099762,0.000997331,2.471705,-0.093541466,-0.13353632,-0.804201,0.09413442,0.09391698,-0.00021743774,0.0,-0.00021743774,1.0,0.6099762,0.0,0.0
0.7771923,0.000997331,2.8490534,-0.4692089,-0.4771007,-0.87356627,0.4664859,0.46685463,0.00036874413,0.0,0.00036874413,1.0,0.7771923,0.0,0.0
0.34506384,0.000997331,6.219995,0.31759927,-0.87731606,0.3616963,-0.32947105,-0.32905236,0.00041869283,0.0,0.00041869283,1.0,2.7965288,0.0,0.0
1.2875304,0.000997331,2.2330868,0.16659853,0.048933234,-1.3475864,-0.16732687,-0.16696215,0.00036472082,0.0,0.00036472082,1.0,1.2875304,0.0,0.0
1.250372,0.000997331,3.7686055,-1.3254443,-0.4389184,-0.21119478,1.3238995,1.3241538,0.00025427341,0.0,0.00025427341,1.0,1.250372,0.0,0.0
0.6609318,0.000997331,4.4524283,-0.75092703,-0.96547705,0.43652558,0.7503976,0.7503098,-8.779764e-05,0.0,-8.779764e-05,1.0,0.6609318,0.0,0.0
0.105455264,0.000997331,3.454947,-0.13303278,1.2531792,-0.06817393,0.13543406,0.13509205,-0.00034201145,0.0,-0.00034201145,1.0,3.0361373,0.0,0.0
0.7877681,0.000997331,1.4862931,0.76587147,0.7628496,-0.6468454,-0.7662254,-0.7664737,-0.00024831295,0.0,-0.00024831295,1.0,0.7877681,0.0,0.0
1.4346405,0.000997331,4.8657384,-0.82820475,-0.114102885,1.1302912,0.8299263,0.83016974,0.00024342537,0.0,0.00024342537,1.0,1.4346405,0.0,0.0
1.1985943,0.000997331,0.44448963,1.2416546,-0.48485497,0.44058377,-1.2427974,-1.2426729,0.0001244545,0.0,0.0001244545,1.0,1.9429983,0.0,0.0
1.3863374,0.000997331,5.81913,0.43954894,-0.08259834,1.3197205,-0.44143346,-0.44135383,7.9631805e-05,0.0,7.9631805e-05,1.0,1.7552553,0.0,0.0
1.4966073,0.000997331,4.0777383,-1.3942597,0.10309955,0.21099314,1.3917534,1.3914816,-0.00027179718,0.0,-0.00027179718,1.0,1.6449853,0.0,0.0
1.2174913,0.000997331,0.92482233,1.3140249,-0.48431015,-0.18447663,-1.3130682,-1.3126504,0.00041770935,0.0,0.00041770935,1.0,1.9241014,0.0,0.0
1.3343128,0.000997331,0.50400674,1.3208774,-0.31824708,0.38177288,-1.3219801,-1.3223091,-0.00032901764,0.0,-0.00032901764,1.0,1.8072798,0.0,0.0
0.2900521,0.000997331,4.0886555,-0.39960822,1.3383253,0.06612225,0.40044704,0.40057534,0.000128299,0.0,0.000128299,1.0,2.8515406,0.0,0.0
1.1386712,0.000997331,0.8894704,1.2772928,0.5891862,-0.13329113,-1.2776334,-1.2775705,6.2942505e-05,0.0,6.2942505e-05,1.0,1.1386712,0.0,0.0
0.26866704,0.000997331,3.7433782,-0.36970952,1.3411347,-0.068394914,0.37294438,0.37269956,-0.00024482608,0.0,-0.00024482608,1.0,2.8729255,0.0,0.0
0.9908994,0.000997331,3.712296,-1.1561393,-0.7562938,-0.25187588,1.1577554,1.1578631,0.0001077652,0.0,0.0001077652,1.0,0.9908994,0.0,0.0
0.6841213,0.000997331,5.070027,-0.3705404,0.45507717,0.81312335,0.36723113,0.36718935,-4.1782856e-05,0.0,-4.1782856e-05,1.0,2.4574714,0.0,0.0
0.9891051,0.000997331,4.5584006,-0.95416427,0.62788403,0.6978797,0.95502657,0.9550065,-2.0086765e-05,0.0,-2.0086765e-05,1.0,2.1524875,0.0,0.0
0.19818118,0.000997331,3.3271449,-0.22994308,-1.1442244,-0.15701425,0.22907764,0.22903755,-4.0084124e-05,0.0,-4.0084124e-05,1.0,0.19818118,0.0,0.0
0.82527405,0.000997331,2.8534842,-0.49565157,-0.45787525,-0.9131349,0.49293062,0.49329597,0.00036534667,0.0,0.00036534667,1.0,0.82527405,0.0,0.0
0.00127171,0.000997331,2.1368456,0.00065507554,-0.307241,-0.0015687468,-0.00254485,-0.0026650345,-0.000120184384,0.0,-0.000120184384,1.0,3.140321,0.0,0.0
0.53209996,0.000997331,6.227094,0.47784245,0.81035,0.5380868,-0.47004434,-0.46963668,0.00040766597,0.0,0.00040766597,1.0,0.53209996,0.0,0.0
1.015366,0.000997331,4.8967447,-0.6797142,0.42295396,0.99181193,0.68067086,0.6806373,-3.3557415e-05,0.0,-3.3557415e-05,1.0,2.1262267,0.0,0.0
0.7023113,0.000997331,0.27297693,0.79621065,-0.9409423,0.44776422,-0.79596543,-0.7952292,0.0007362366,0.0,0.0007362366,1.0,2.4392815,0.0,0.0
1.4635296,0.000997331,3.0536776,-0.90351105,-0.09743525,-1.0774441,0.9056661,0.90558964,-7.647276e-05,0.0,-7.647276e-05,1.0,1.4635296,0.0,0.0
0.86944735,0.000997331,2.4192579,-0.06826396,-0.05733492,-1.0775602,0.0682976,0.067988716,-0.00030888617,0.0,-0.00030888617,1.0,0.86944735,0.0,0.0
0.12834923,0.000997331,2.1203928,0.042471007,-0.32698083,-0.17555976,-0.04312452,-0.043471925,-0.00034740567,0.0,-0.00034740567,1.0,3.0132434,0.0,0.0
0.3864076,0.000997331,0.32972413,0.47859928,1.1763145,0.2345784,-0.4770797,-0.4772606,-0.0001809001,0.0,-0.0001809001,1.0,0.3864076,0.0,0.0
1.2224151,0.000997331,1.8407022,0.65509856,0.23879999,-1.156723,-0.6540847,-0.65405726,2.7418137e-05,0.0,2.7418137e-05,1.0,1.2224151,0.0,0.0
0.25254574,0.000997331,5.3400006,-0.055324584,-0.2138719,0.3469919,0.05251006,0.05282964,0.00031958148,0.0,0.00031958148,1.0,0.25254574,0.0,0.0
0.99302334,0.000997331,2.1631174,0.22701275,0.14859633,-1.1622151,-0.22562024,-0.22543705,0.00018319488,0.0,0.00018319488,1.0,0.99302334,0.0,0.0
0.40274847,0.000997331,4.035748,-0.55135524,-1.2937713,0.060392056,0.55381274,0.553843,3.027916e-05,0.0,3.027916e-05,1.0,0.40274847,0.0,0.0
1.268069,0.000997331,5.7526674,0.34075525,0.106721826,1.3077544,-0.34260553,-0.34263235,-2.682209e-05,0.0,-2.682209e-05,1.0,1.268069,0.0,0.0
1.3331444,0.000997331,3.7459476,-1.3519541,-0.3267194,-0.24690914,1.3497665,1.3499606,0.00019407272,0.0,0.00019407272,1.0,1.3331444,0.0,0.0
0.7033546,0.000997331,0.35315084,0.8305402,-0.9793948,0.38314146,-0.8294637,-0.8288684,0.0005953312,0.0,0.0005953312,1.0,2.4382381,0.0,0.0
0.41165647,0.000997331,0.17108394,0.4623448,-1.0593648,0.32653546,-0.46163842,-0.4619845,-0.00034606457,0.0,-0.00034606457,1.0,2.7299361,0.0,0.0
0.4708097,0.000997331,0.3990609,0.59423494,-1.1672162,0.24205339,-0.59407884,-0.5938678,0.00021106005,0.0,0.00021106005,1.0,2.670783,0.0,0.0
1.2176654,0.000997331,5.255906,-0.31806913,-0.117822185,1.2889498,0.32152325,0.32144463,-7.861853e-05,0.0,-7.861853e-05,1.0,1.2176654,0.0,0.0
0.04026435,0.000997331,0.46687767,0.054046363,1.3420589,0.017206602,-0.054468244,-0.054656133,-0.00018788874,0.0,-0.00018788874,1.0,0.04026435,0.0,0.0
0.20673352,0.000997331,5.6742682,0.050600007,0.24198663,0.28524995,-0.042367313,-0.04189943,0.00046788156,0.0,0.00046788156,1.0,0.20673352,0.0,0.0
1.3130256,0.000997331,3.5181646,-1.2547603,0.33072466,-0.5431851,1.2525218,1.2527822,0.0002604723,0.0,0.0002604723,1.0,1.828567,0.0,0.0
0.07884597,0.000997331,0.04133085,0.08189524,-1.0365816,0.07545413,-0.08123948,-0.081199124,4.0352345e-05,0.0,4.0352345e-05,1.0,3.0627468,0.0,0.0
1.3445841,0.000997331,4.6546817,-1.0293524,-0.23790821,0.9160657,1.0298105,1.0300345,0.00022399426,0.0,0.00022399426,1.0,1.3445841,0.0,0.0
1.1527718,0.000997331,5.0466447,-0.5637048,0.2512443,1.1642002,0.56503725,0.5647203,-0.0003169775,0.0,-0.0003169775,1.0,1.9888208,0.0,0.0
1.4539683,0.000997331,1.3258269,1.2044253,0.14139561,-0.72266376,-1.2042296,-1.2042415,-1.1920929e-05,0.0,-1.1920929e-05,1.0,1.4539683,0.0,0.0
0.005174959,0.000997331,2.362609,0.00020329468,0.0089632105,-0.007600441,-0.001845181,-0.0018040258,4.1155145e-05,0.0,4.1155145e-05,1.0,3.1364176,0.0,0.0
0.4876388,0.000997331,2.1727924,0.12080737,-0.22729406,-0.6509086,-0.11915389,-0.11892116,0.00023272634,0.0,0.00023272634,1.0,2.6539538,0.0,0.0
0.83948356,0.000997331,5.758845,0.2715626,-0.24496369,1.0162499,-0.26993626,-0.26999977,-6.350875e-05,0.0,-6.350875e-05,1.0,2.302109,0.0,0.0
0.39422393,0.000997331,5.2703485,-0.12250547,0.2937399,0.52796715,0.12283711,0.12232299,-0.00051411986,0.0,-0.00051411986,1.0,2.7473688,0.0,0.0
0.71638125,0.000997331,0.05020885,0.688807,-0.7913177,0.6228918,-0.69060105,-0.6902563,0.00034475327,0.0,0.00034475327,1.0,2.4252114,0.0,0.0
1.4946281,0.000997331,6.1608315,0.86871994,0.06606903,1.1108038,-0.8753529,-0.8758236,-0.00047069788,0.0,-0.00047069788,1.0,1.4946281,0.0,0.0
0.25995648,0.000997331,3.7082443,-0.35546467,1.3346865,-0.07885266,0.35884315,0.35855043,-0.0002927184,0.0,-0.0002927184,1.0,2.8816361,0.0,0.0
1.0096757,0.000997331,5.8505864,0.41392246,0.26180398,1.1234565,-0.4169447,-0.41668037,0.0002643466,0.0,0.0002643466,1.0,1.0096757,0.0,0.0
0.58031315,0.000997331,2.314955,0.031976566,-0.048217397,-0.7739897,-0.030945051,-0.030946888,-1.8365681e-06,0.0,-1.8365681e-06,1.0,2.5612795,0.0,0.0
0.4582245,0.000997331,3.205607,-0.46978262,-0.95214456,-0.41344246,0.46800607,0.46768457,-0.00032150745,0.0,-0.00032150745,1.0,0.4582245,0.0,0.0
0.06139546,0.000997331,2.46833,-0.009825928,-0.1580651,-0.0865484,0.008882668,0.0086932,-0.00018946826,0.0,-0.00018946826,1.0,0.06139546,0.0,0.0
0.48463878,0.000997331,0.2718328,0.5738509,-1.0899768,0.32393348,-0.5739118,-0.57340676,0.00050503016,0.0,0.00050503016,1.0,2.6569538,0.0,0.0
1.062548,0.000997331,0.4934326,1.1832347,-0.65936214,0.35573834,-1.1837902,-1.1837515,3.874302e-05,0.0,3.874302e-05,1.0,2.0790446,0.0,0.0
0.089812435,0.000997331,4.818863,-0.07931075,-0.88319844,0.099050514,0.07581105,0.0757606,-5.044788e-05,0.0,-5.044788e-05,1.0,0.089812435,0.0,0.0
1.1616949,0.000997331,0.075783126,0.9844024,0.42687005,0.84533536,-0.98504317,-0.98577666,-0.00073349476,0.0,-0.00073349476,1.0,1.1616949,0.0,0.0
0.33122045,0.000997331,3.444027,-0.4077924,1.1842451,-0.2146252,0.41007102,0.4102946,0.00022357702,0.0,0.00022357702,1.0,2.810372,0.0,0.0
1.3071548,0.000997331,0.10414593,1.0606198,-0.2863943,0.8600395,-1.0601425,-1.0606923,-0.00054979324,0.0,-0.00054979324,1.0,1.8344378,0.0,0.0
0.81390953,0.000997331,3.6922622,-1.0003182,0.9433917,-0.23982283,1.0011766,1.0009884,-0.00018823147,0.0,-0.00018823147,1.0,2.3276832,0.0,0.0
0.53542054,0.000997331,3.1053867,-0.49137482,0.8282378,-0.52957845,0.48911107,0.489543,0.00043192506,0.0,0.00043192506,1.0,2.606172,0.0,0.0
0.39822695,0.000997331,3.9733336,-0.5484133,1.3026762,0.026074555,0.5504137,0.5504923,7.855892e-05,0.0,7.855892e-05,1.0,2.7433658,0.0,0.0
1.3688425,0.000997331,4.503013,-1.1623425,0.23763141,0.7538464,1.1643246,1.1644235,9.88245e-05,0.0,9.88245e-05,1.0,1.7727501,0.0,0.0
0.4259341,0.000997331,2.3809566,-0.014648788,-0.032145146,-0.5840201,0.014942676,0.014865814,-7.686205e-05,0.0,-7.686205e-05,1.0,0.4259341,0.0,0.0
0.82208806,0.000997331,2.4559183,-0.103299305,-0.09568089,-1.0301461,0.10326904,0.10292955,-0.00033949316,0.0,-0.00033949316,1.0,0.82208806,0.0,0.0
0.33936617,0.000997331,5.053837,-0.20155905,-0.5722654,0.42491633,0.19488549,0.19519715,0.0003116578,0.0,0.0003116578,1.0,0.33936617,0.0,0.0
0.7330108,0.000997331,0.25499502,0.81624526,-0.9066616,0.47851986,-0.8161312,-0.8154443,0.0006868839,0.0,0.0006868839,1.0,2.408582,0.0,0.0
1.1167896,0.000997331,5.2602277,-0.2992327,-0.14697129,1.2357616,0.3021645,0.30223247,6.79791e-05,0.0,6.79791e-05,1.0,1.1167896,0.0,0.0
1.5516657,0.000997331,5.7596054,0.36644694,0.006944796,1.3672683,-0.36747402,-0.36758754,-0.000113517046,0.0,-0.000113517046,1.0,1.5516657,0.0,0.0
0.70639527,0.000997331,5.323975,-0.15864643,0.18558277,0.9033507,0.15680686,0.1567308,-7.605553e-05,0.0,-7.605553e-05,1.0,2.4351974,0.0,0.0
1.1864634,0.000997331,0.21134599,1.100967,0.44525868,0.7116776,-1.1010356,-1.1018438,-0.000808239,0.0,-0.000808239,1.0,1.1864634,0.0,0.0
1.1162851,0.000997331,5.2965508,-0.25409317,-0.1250536,1.2456121,0.25688866,0.2569523,6.362796e-05,0.0,6.362796e-05,1.0,1.1162851,0.0,0.0
0.8322165,0.000997331,3.8333712,-1.0414991,-0.94736224,-0.09747621,1.0442158,1.0444448,0.00022900105,0.0,0.00022900105,1.0,0.8322165,0.0,0.0
1.1690016,0.000997331,1.3773112,1.0801324,0.4591781,-0.72661114,-1.0808666,-1.0811598,-0.00029325485,0.0,-0.00029325485,1.0,1.1690016,0.0,0.0
0.7323246,0.000997331,1.7627687,0.5284319,0.58802724,-0.784182,-0.5277283,-0.5280255,-0.00029718876,0.0,-0.00029718876,1.0,0.7323246,0.0,0.0
0.15630352,0.000997331,4.5600824,-0.1773228,-1.1262798,0.13138956,0.1778273,0.17786083,3.3527613e-05,0.0,3.3527613e-05,1.0,0.15630352,0.0,0.0
0.86071914,0.000997331,5.882185,0.40199533,-0.3467222,0.99375135,-0.39828217,-0.39858624,-0.0003040731,0.0,-0.0003040731,1.0,2.2808735,0.0,0.0
0.7699904,0.000997331,2.260489,0.093785435,0.09701078,-0.97942674,-0.09212963,-0.09252982,-0.00040018559,0.0,-0.00040018559,1.0,0.7699904,0.0,0.0
0.68135095,0.000997331,5.751311,0.2231316,0.2770407,0.8605045,-0.22154525,-0.22163755,-9.229779e-05,0.0,-9.229779e-05,1.0,0.68135095,0.0,0.0
0.5175232,0.000997331,6.23995,0.47269046,0.828786,0.51890755,-0.46617827,-0.46574056,0.0004377067,0.0,0.0004377067,1.0,0.5175232,0.0,0.0
0.5571379,0.000997331,2.9485416,-0.41730657,0.6704035,-0.6211555,0.4138796,0.4140544,0.00017479062,0.0,0.00017479062,1.0,2.5844548,0.0,0.0
1.0279592,0.000997331,0.1379902,0.9659616,0.58284104,0.7303027,-0.96631575,-0.9674579,-0.0011421442,0.0,-0.0011421442,1.0,1.0279592,0.0,0.0
0.20560233,0.000997331,4.4431252,-0.2510943,-1.2043872,0.14361185,0.25330415,0.25334212,3.796816e-05,0.0,3.796816e-05,1.0,0.20560233,0.0,0.0
1.3362943,0.000997331,0.8486225,1.3727868,-0.32784083,-0.087140635,-1.3719218,-1.3719112,1.0609627e-05,0.0,1.0609627e-05,1.0,1.8052983,0.0,0.0
0.2599462,0.000997331,2.5809555,-0.08073434,0.30437678,-0.35429776,0.07827513,0.078470334,0.00019520521,0.0,0.00019520521,1.0,2.8816464,0.0,0.0
1.2581006,0.000997331,4.946184,-0.7054829,-0.22891468,1.1457667,0.7073996,0.7073823,-1.7285347e-05,0.0,-1.7285347e-05,1.0,1.2581006,0.0,0.0
0.5056298,0.000997331,1.2994462,0.5966391,-1.0778913,-0.33731788,-0.5983517,-0.5981872,0.00016450882,0.0,0.00016450882,1.0,2.635963,0.0,0.0
0.721948,0.000997331,0.9701041,0.9186439,1.0434653,-0.17206725,-0.9183452,-0.9187381,-0.00039291382,0.0,-0.00039291382,1.0,0.721948,0.0,0.0
0.027926782,0.000997331,2.7855227,-0.016406002,0.5874763,-0.036644116,0.01605916,0.015864987,-0.0001941733,0.0,-0.0001941733,1.0,3.1136658,0.0,0.0
0.59867,0.000997331,3.7453325,-0.7844796,1.1485088,-0.14439666,0.7868441,0.7867359,-0.00010818243,0.0,-0.00010818243,1.0,2.5429227,0.0,0.0
0.4256569,0.000997331,0.6365556,0.57761717,-1.2734022,0.086906955,-0.5779777,-0.5779421,3.5643578e-05,0.0,3.5643578e-05,1.0,2.7159357,0.0,0.0
1.4257494,0.000997331,1.3739982,1.1638936,0.17012875,-0.77696824,-1.1637785,-1.1637976,-1.9073486e-05,0.0,-1.9073486e-05,1.0,1.4257494,0.0,0.0
0.61180544,0.000997331,1.1694003,0.7533514,-1.0735286,-0.30437028,-0.7555099,-0.7558358,-0.0003258586,0.0,-0.0003258586,1.0,2.5297873,0.0,0.0
0.86758953,0.000997331,1.5501866,0.7781247,0.6601763,-0.74742544,-0.7782308,-0.7786866,-0.00045579672,0.0,-0.00045579672,1.0,0.86758953,0.0,0.0
0.3256627,0.000997331,3.1712852,-0.3293728,-0.97466344,-0.3102609,0.32831994,0.32810837,-0.00021156669,0.0,-0.00021156669,1.0,0.3256627,0.0,0.0
1.0936675,0.000997331,6.2769094,0.88286805,0.45841706,0.8928626,-0.8827801,-0.88290346,-0.00012338161,0.0,-0.00012338161,1.0,1.0936675,0.0,0.0
1.5446565,0.000997331,3.1965086,-1.0533384,-0.027263843,-0.942538,1.0549091,1.0548947,-1.4424324e-05,0.0,-1.4424324e-05,1.0,1.5446565,0.0,0.0
0.8289483,0.000997331,5.199493,-0.3062477,0.2811694,0.99659675,0.30407465,0.30390725,-0.00016739964,0.0,-0.00016739964,1.0,2.3126442,0.0,0.0
1.1106915,0.000997331,1.9815534,0.46381387,-0.23033854,-1.179785,-0.46550757,-0.4650908,0.00041675568,0.0,0.00041675568,1.0,2.0309012,0.0,0.0
1.5279032,0.000997331,0.95104796,1.3935803,-0.059906814,-0.23308663,-1.3927898,-1.3928058,-1.5974045e-05,0.0,-1.5974045e-05,1.0,1.6136894,0.0,0.0
0.7007719,0.000997331,2.8930671,-0.4662518,0.5536648,-0.7839203,0.46372676,0.46365455,-7.221103e-05,0.0,-7.221103e-05,1.0,2.4408207,0.0,0.0
1.5652909,0.000997331,2.2123444,0.20269102,-0.0008791052,-1.4003901,-0.2036028,-0.20411581,-0.0005130023,0.0,-0.0005130023,1.0,1.5763017,0.0,0.0
0.35118815,0.000997331,5.9222035,0.20066388,-0.54376215,0.44654927,-0.19373825,-0.19369355,4.4703484e-05,0.0,4.4703484e-05,1.0,2.7904046,0.0,0.0
0.40770823,0.000997331,1.8862756,0.25367138,0.58755124,-0.49971256,-0.25442338,-0.25431442,0.00010895729,0.0,0.00010895729,1.0,0.40770823,0.0,0.0
1.2704245,0.000997331,6.1448903,0.8147503,-0.25399327,1.0774691,-0.8143046,-0.8148173,-0.00051271915,0.0,-0.00051271915,1.0,1.8711681,0.0,0.0
0.7624654,0.000997331,4.4687414,-0.83680546,-0.8760505,0.5045168,0.8352654,0.83524776,-1.7642975e-05,0.0,-1.7642975e-05,1.0,0.7624654,0.0,0.0
0.66230947,0.000997331,5.508344,0.009316219,0.012127476,0.86798275,-0.011939608,-0.01222601,-0.00028640218,0.0,-0.00028640218,1.0,0.66230947,0.0,0.0
1.3206749,0.000997331,3.8976622,-1.3695188,-0.3491719,-0.039955683,1.3669624,1.3671461,0.00018370152,0.0,0.00018370152,1.0,1.3206749,0.0,0.0
1.3165061,0.000997331,1.5439305,0.99366164,-0.2579432,-0.9411096,-0.9944265,-0.9942455,0.0001809597,0.0,0.0001809597,1.0,1.8250865,0.0,0.0
1.3517675,0.000997331,5.656816,0.21892941,-0.048725255,1.3638339,-0.22062863,-0.22032245,0.00030618906,0.0,0.00030618906,1.0,1.7898252,0.0,0.0
0.18934716,0.000997331,0.36777467,0.243328,1.2694185,0.10761263,-0.24295239,-0.24324426,-0.00029186904,0.0,-0.00029186904,1.0,0.18934716,0.0,0.0
0.54536545,0.000997331,1.766453,0.40768918,0.6722516,-0.6096361,-0.40780747,-0.40782815,-2.0682812e-05,0.0,-2.0682812e-05,1.0,0.54536545,0.0,0.0
0.6341396,0.000997331,3.3117898,-0.6843749,-0.93061525,-0.48436135,0.68323874,0.6828816,-0.00035715103,0.0,-0.00035715103,1.0,0.6341396,0.0,0.0
1.2977498,0.000997331,0.73421836,1.360101,-0.38077408,0.069404855,-1.3600823,-1.3602474,-0.00016510487,0.0,-0.00016510487,1.0,1.843843,0.0,0.0
0.24472708,0.000997331,2.7554958,-0.1329787,0.532789,-0.3161724,0.13053638,0.13023236,-0.0003040135,0.0,-0.0003040135,1.0,2.8968656,0.0,0.0
0.6804863,0.000997331,0.17441018,0.72880673,-0.900511,0.5103109,-0.72966135,-0.72958434,7.70092e-05,0.0,7.70092e-05,1.0,2.4611063,0.0,0.0
0.66726583,0.000997331,3.5414634,-0.81123734,-1.0296199,-0.32989308,0.8127171,0.812522,-0.000195086,0.0,-0.000195086,1.0,0.66726583,0.0,0.0
1.1943655,0.000997331,3.6331208,-1.2589467,-0.4967724,-0.38044018,1.2586086,1.2588584,0.00024986267,0.0,0.00024986267,1.0,1.1943655,0.0,0.0
0.6499475,0.000997331,0.7888386,0.8559195,-1.1257057,-0.0023980495,-0.8552897,-0.85539603,-0.000106334686,0.0,-0.000106334686,1.0,2.491645,0.0,0.0
0.20262538,0.000997331,3.9847631,-0.2845575,1.3839504,0.01730504,0.28619155,0.285851,-0.00034055114,0.0,-0.00034055114,1.0,2.9389672,0.0,0.0
1.3144932,0.000997331,3.1722317,-0.9967284,0.26166564,-0.9363717,0.9964066,0.99647343,6.681681e-05,0.0,6.681681e-05,1.0,1.8270996,0.0,0.0
0.27529654,0.000997331,6.1411095,0.23193364,-0.81382227,0.31042495,-0.24282335,-0.24264838,0.00017496943,0.0,0.00017496943,1.0,2.866296,0.0,0.0
0.3668939,0.000997331,4.6215854,-0.38963655,1.0144386,0.32562247,0.3868878,0.38719872,0.00031092763,0.0,0.00031092763,1.0,2.7746987,0.0,0.0
0.30220276,0.000997331,3.1360147,-0.29605293,-0.94878113,-0.29916894,0.29529184,0.2951029,-0.00018894672,0.0,-0.00018894672,1.0,0.30220276,0.0,0.0
0.58265376,0.000997331,5.485271,-0.009593779,-0.014324835,0.77612364,0.0069287177,0.0065918034,-0.00033691432,0.0,-0.00033691432,1.0,0.58265376,0.0,0.0
0.99857914,0.000997331,1.349628,1.0045923,0.64744884,-0.6362134,-1.0056356,-1.0060037,-0.0003681183,0.0,-0.0003681183,1.0,0.99857914,0.0,0.0
0.7313994,0.000997331,5.443356,-0.0513675,0.056425795,0.942298,0.050455175,0.050414104,-4.1071326e-05,0.0,-4.1071326e-05,1.0,2.4101932,0.0,0.0
0.154007,0.000997331,3.5421712,-0.20159522,1.295963,-0.081805,0.20489591,0.20424257,-0.0006533414,0.0,-0.0006533414,1.0,2.9875855,0.0,0.0
1.1601474,0.000997331,4.3388934,-1.1881378,-0.51761466,0.51905024,1.1863735,1.1865711,0.000197649,0.0,0.000197649,1.0,1.1601474,0.0,0.0
0.21509176,0.000997331,5.4293356,-0.020667525,-0.09348152,0.29921246,0.021495443,0.021801917,0.00030647404,0.0,0.00030647404,1.0,0.21509176,0.0,0.0
0.08445683,0.000997331,1.405573,0.096966214,-1.1470153,-0.06936382,-0.0952682,-0.09493494,0.00033325702,0.0,0.00033325702,1.0,3.0571358,0.0,0.0
1.5093932,0.000997331,3.052417,-0.90565276,0.055870306,-1.0824417,0.9073731,0.9073913,1.8239021e-05,0.0,1.8239021e-05,1.0,1.6321995,0.0,0.0
0.21827658,0.000997331,6.2161684,0.20188329,0.9079825,0.23117442,-0.22278944,-0.22309624,-0.0003068,0.0,-0.0003068,1.0,0.21827658,0.0,0.0
0.5148987,0.000997331,2.511077,-0.10723498,0.19043614,-0.68740433,0.10558916,0.10561005,2.0891428e-05,0.0,2.0891428e-05,1.0,2.626694,0.0,0.0
0.12977973,0.000997331,3.5755756,-0.17191365,-1.3169525,-0.062928595,0.17069927,0.17048429,-0.00021497905,0.0,-0.00021497905,1.0,0.12977973,0.0,0.0
0.21832617,0.000997331,3.536303,-0.28378686,1.2770307,-0.11718133,0.28719532,0.2866928,-0.00050252676,0.0,-0.00050252676,1.0,2.9232664,0.0,0.0
0.077953674,0.000997331,5.306199,-0.021103652,0.26893878,0.10855441,0.026375744,0.026572358,0.00019661337,0.0,0.00019661337,1.0,3.063639,0.0,0.0
1.4000427,0.000997331,5.568448,0.09851869,0.017120421,1.3918524,-0.09685266,-0.096984,-0.00013133883,0.0,-0.00013133883,1.0,1.4000427,0.0,0.0
0.98511314,0.000997331,4.177753,-1.1416872,-0.75675523,0.293163,1.1408079,1.1410882,0.00028038025,0.0,0.00028038025,1.0,0.98511314,0.0,0.0
1.4916934,0.000997331,4.8260326,-0.8779208,0.06933957,1.1036314,0.88054854,0.88090414,0.0003556013,0.0,0.0003556013,1.0,1.6498992,0.0,0.0
0.1971251,0.000997331,3.8342545,-0.27631983,1.3818085,-0.025124244,0.27922636,0.278652,-0.00057435036,0.0,-0.00057435036,1.0,2.9444675,0.0,0.0
0.26601905,0.000997331,0.10645411,0.2894088,1.0616198,0.23334832,-0.2905752,-0.29114574,-0.00057053566,0.0,-0.00057053566,1.0,0.26601905,0.0,0.0
1.1637756,0.000997331,1.5236703,0.96045595,0.4144431,-0.87451637,-0.9603754,-0.96077085,-0.0003954172,0.0,-0.0003954172,1.0,1.1637756,0.0,0.0
0.32257017,0.000997331,0.95045626,0.44213232,1.3233277,-0.07423864,-0.4430482,-0.443265,-0.0002167821,0.0,-0.0002167821,1.0,0.32257017,0.0,0.0
0.53161025,0.000997331,3.0541613,-0.46063504,0.7833932,-0.5503879,0.457884,0.45824385,0.00035983324,0.0,0.00035983324,1.0,2.6099825,0.0,0.0
0.062875114,0.000997331,5.0579166,-0.037964292,0.6000058,0.08000442,0.03980871,0.03972961,-7.909909e-05,0.0,-7.909909e-05,1.0,3.0787175,0.0,0.0
0.8350469,0.000997331,3.6843612,-1.01807,0.9202505,-0.25259727,1.018688,1.0185363,-0.00015163422,0.0,-0.00015163422,1.0,2.3065457,0.0,0.0
0.5441228,0.000997331,0.16418137,0.59532773,0.98393357,0.42612886,-0.594002,-0.5941095,-0.000107467175,0.0,-0.000107467175,1.0,0.5441228,0.0,0.0
0.8451688,0.000997331,4.6640525,-0.783138,-0.6954811,0.71126795,0.78141755,0.78152597,0.00010842085,0.0,0.00010842085,1.0,0.8451688,0.0,0.0
0.41350067,0.000997331,0.6710268,0.5645953,1.2869263,0.06474702,-0.5665852,-0.5668403,-0.00025510788,0.0,-0.00025510788,1.0,0.41350067,0.0,0.0
0.4601636,0.000997331,1.4676573,0.48750767,-0.9840721,-0.39664355,-0.48776817,-0.48718235,0.00058582425,0.0,0.00058582425,1.0,2.6814291,0.0,0.0
1.0691012,0.000997331,1.1907086,1.1394906,0.62526417,-0.4890906,-1.1407611,-1.1408926,-0.00013148785,0.0,-0.00013148785,1.0,1.0691012,0.0,0.0
0.8898505,0.000997331,2.993583,-0.65391314,-0.5303724,-0.88337064,0.6516002,0.6520097,0.0004095435,0.0,0.0004095435,1.0,0.8898505,0.0,0.0
0.5399155,0.000997331,5.8501177,0.25025627,0.4193663,0.68114805,-0.2422963,-0.24209191,0.00020438433,0.0,0.00020438433,1.0,0.5399155,0.0,0.0
0.5296961,0.000997331,1.4508283,0.5618155,0.9603535,-0.4413067,-0.5606768,-0.56075734,-8.0525875e-05,0.0,-8.0525875e-05,1.0,0.5296961,0.0,0.0
0.2270407,0.000997331,0.60980403,0.3134077,1.3572044,0.055447154,-0.31296837,-0.31348222,-0.00051385164,0.0,-0.00051385164,1.0,0.2270407,0.0,0.0
1.5549662,0.000997331,3.703424,-1.3787098,0.021931091,-0.31296283,1.3759296,1.3759582,2.861023e-05,0.0,2.861023e-05,1.0,1.5866265,0.0,0.0
0.45998314,0.000997331,6.00319,0.30332735,0.6124692,0.5503706,-0.2918397,-0.29132318,0.00051650405,0.0,0.00051650405,1.0,0.45998314,0.0,0.0
0.9141266,0.000997331,3.2837389,-0.896418,-0.69123226,-0.6724358,0.89614594,0.8961781,3.2186508e-05,0.0,3.2186508e-05,1.0,0.9141266,0.0,0.0
0.12861651,0.000997331,5.977094,0.08382272,0.6434792,0.16291277,-0.08690543,-0.08662234,0.0002830848,0.0,0.0002830848,1.0,0.12861651,0.0,0.0
0.58245265,0.000997331,0.371268,0.7121519,-1.081064,0.31315124,-0.7113352,-0.71094584,0.00038933754,0.0,0.00038933754,1.0,2.55914,0.0,0.0
1.3836696,0.000997331,4.5711393,-1.1113104,-0.2113713,0.8337104,1.1117493,1.1120353,0.0002859831,0.0,0.0002859831,1.0,1.3836696,0.0,0.0
0.76434195,0.000997331,0.1816004,0.80568254,-0.8404258,0.5554904,-0.80626965,-0.8061626,0.00010704994,0.0,0.00010704994,1.0,2.3772507,0.0,0.0
0.07941972,0.000997331,3.0855105,-0.07499725,-0.9389149,-0.08342337,0.07640091,0.07625136,-0.0001495555,0.0,-0.0001495555,1.0,0.07941972,0.0,0.0
0.30577248,0.000997331,2.0395622,0.13256282,-0.4192059,-0.4040389,-0.13156098,-0.1315904,-2.9414892e-05,0.0,-2.9414892e-05,1.0,2.8358202,0.0,0.0
1.4471062,0.000997331,5.042418,-0.6176154,0.07706373,1.2612803,0.61947507,0.6195113,3.6239624e-05,0.0,3.6239624e-05,1.0,1.6944864,0.0,0.0
0.40137646,0.000997331,4.5580344,-0.44605052,1.0515318,0.32710513,0.44401675,0.44433808,0.00032132864,0.0,0.00032132864,1.0,2.7402163,0.0,0.0
0.89407957,0.000997331,1.2193384,1.0005982,-0.80318654,-0.46343812,-1.0016972,-1.0016596,3.7550926e-05,0.0,3.7550926e-05,1.0,2.247513,0.0,0.0
0.21008739,0.000997331,2.55672,-0.058479562,0.2752081,-0.2890426,0.056310475,0.056498237,0.00018776208,0.0,0.00018776208,1.0,2.9315052,0.0,0.0
0.6244705,0.000997331,0.8389744,0.825811,-1.1455121,-0.043732256,-0.8257327,-0.8257855,-5.2809715e-05,0.0,-5.2809715e-05,1.0,2.5171223,0.0,0.0
1.3132987,0.000997331,5.979001,0.63342655,-0.168158,1.212266,-0.63486093,-0.63522625,-0.00036531687,0.0,-0.00036531687,1.0,1.8282939,0.0,0.0
1.0495282,0.000997331,2.7683485,-0.49152344,0.28320897,-1.1235682,0.49310628,0.49337086,0.00026458502,0.0,0.00026458502,1.0,2.0920644,0.0,0.0
1.3922684,0.000997331,3.4078004,-1.208523,-0.21769778,-0.6896882,1.2090943,1.2093402,0.00024592876,0.0,0.00024592876,1.0,1.3922684,0.0,0.0
1.1920561,0.000997331,3.2008617,-0.98267055,0.39140767,-0.8717502,0.98150903,0.98148596,-2.3066998e-05,0.0,-2.3066998e-05,1.0,1.9495367,0.0,0.0
0.45299318,0.000997331,0.3997563,0.57351923,1.1783898,0.23302582,-0.5732707,-0.5729873,0.00028336048,0.0,0.00028336048,1.0,0.45299318,0.0,0.0
0.57064193,0.000997331,2.8553047,-0.3654094,0.5700962,-0.6711367,0.36177427,0.3618014,2.7120113e-05,0.0,2.7120113e-05,1.0,2.5709507,0.0,0.0
0.59396863,0.000997331,1.910186,0.34129536,-0.5056616,-0.7142701,-0.3388782,-0.338964,-8.5771084e-05,0.0,-8.5771084e-05,1.0,2.547624,0.0,0.0
1.2510023,0.000997331,5.034329,-0.6004715,-0.19958112,1.2008168,0.6030561,0.60300756,-4.851818e-05,0.0,-4.851818e-05,1.0,1.2510023,0.0,0.0
1.0814608,0.000997331,3.3166142,-1.0229111,0.5446451,-0.7152262,1.0208913,1.0207229,-0.00016844273,0.0,-0.00016844273,1.0,2.0601318,0.0,0.0
1.4462256,0.000997331,4.1453977,-1.3698388,-0.1716825,0.30335113,1.367701,1.367696,-5.00679e-06,0.0,-5.00679e-06,1.0,1.4462256,0.0,0.0
0.8498666,0.000997331,1.6779928,0.66623205,0.58585,-0.8277598,-0.6655301,-0.66599345,-0.0004633665,0.0,-0.0004633665,1.0,0.8498666,0.0,0.0
0.75557876,0.000997331,5.3959074,-0.09854887,0.10404417,0.9639844,0.09698322,0.09690018,-8.303672e-05,0.0,-8.303672e-05,1.0,2.386014,0.0,0.0
0.50028294,0.000997331,6.1472335,0.4108657,-0.74713886,0.54389083,-0.4065477,-0.40698773,-0.0004400313,0.0,-0.0004400313,1.0,2.6413097,0.0,0.0
0.7431429,0.000997331,0.51080877,0.9210155,-1.0023658,0.25968137,-0.91911864,-0.91952246,-0.00040382147,0.0,-0.00040382147,1.0,2.3984497,0.0,0.0
1.4705772,0.000997331,2.5037222,-0.2071594,0.020589195,-1.3927401,0.20889446,0.20887898,-1.5482306e-05,0.0,-1.5482306e-05,1.0,1.6710154,0.0,0.0
1.4012094,0.000997331,4.5590434,-1.125113,0.19230393,0.82283676,1.1275218,1.1277254,0.00020360947,0.0,0.00020360947,1.0,1.7403834,0.0,0.0
0.08477583,0.000997331,0.08033095,0.09126729,1.0734315,0.07784064,-0.093124114,-0.0919979,0.0011262149,0.0,0.0011262149,1.0,0.08477583,0.0,0.0
0.9640141,0.000997331,4.40713,-1.0308025,0.71537864,0.53692317,1.0317438,1.0316105,-0.00013327599,0.0,-0.00013327599,1.0,2.1775784,0.0,0.0
0.8142671,0.000997331,4.026808,-1.0236028,-0.96524715,0.10330936,1.0251546,1.025469,0.0003143549,0.0,0.0003143549,1.0,0.8142671,0.0,0.0
1.334823,0.000997331,4.04327,-1.3656254,-0.32799745,0.15936106,1.3631778,1.3633513,0.00017356873,0.0,0.00017356873,1.0,1.334823,0.0,0.0
0.8738669,0.000997331,1.6920086,0.6685846,-0.5600448,-0.85444057,-0.6688698,-0.66902673,-0.00015693903,0.0,-0.00015693903,1.0,2.2677257,0.0,0.0
0.45252645,0.000997331,1.2926741,0.54020554,1.1119049,-0.30079716,-0.5382767,-0.53847146,-0.00019478798,0.0,-0.00019478798,1.0,0.45252645,0.0,0.0
0.89855534,0.000997331,4.0055428,-1.1033392,-0.8771896,0.087591246,1.1045513,1.1048996,0.00034832954,0.0,0.00034832954,1.0,0.89855534,0.0,0.0
0.6064968,0.000997331,2.218517,0.11035371,0.15911525,-0.7981797,-0.10920074,-0.10946925,-0.00026851147,0.0,-0.00026851147,1.0,0.6064968,0.0,0.0
0.94512355,0.000997331,0.561255,1.1176677,0.8072904,0.25468183,-1.117011,-1.1173786,-0.00036764145,0.0,-0.00036764145,1.0,0.94512355,0.0,0.0
0.9637506,0.000997331,0.16428125,0.94466937,0.6561812,0.6759598,-0.9449751,-0.94592875,-0.0009536743,0.0,-0.0009536743,1.0,0.9637506,0.0,0.0
1.0715593,0.000997331,5.7380075,0.2956622,0.1619594,1.2065258,-0.29833913,-0.29813492,0.00020420551,0.0,0.00020420551,1.0,1.0715593,0.0,0.0
1.5297551,0.000997331,0.42199397,1.320812,-0.054043602,0.502265,-1.3211535,-1.3210025,0.00015103817,0.0,0.00015103817,1.0,1.6118375,0.0,0.0
0.51636994,0.000997331,2.2628639,0.06507783,-0.11403803,-0.69446796,-0.06392227,-0.063733384,0.00018888712,0.0,0.00018888712,1.0,2.6252227,0.0,0.0
0.7622843,0.000997331,4.642402,-0.7369284,-0.77242005,0.6411208,0.73531157,0.7354245,0.0001129508,0.0,0.0001129508,1.0,0.7622843,0.0,0.0
0.78652906,0.000997331,0.19031352,0.8290806,0.827317,0.5613526,-0.8291946,-0.82934266,-0.00014805794,0.0,-0.00014805794,1.0,0.78652906,0.0,0.0
1.4023713,0.000997331,2.2551732,0.14054483,-0.02385539,-1.3882034,-0.14115962,-0.14165464,-0.0004950166,0.0,-0.0004950166,1.0,1.7392215,0.0,0.0
0.6137748,0.000997331,4.612462,-0.6302913,-0.8949852,0.5166925,0.6295429,0.62950695,-3.59416e-05,0.0,-3.59416e-05,1.0,0.6137748,0.0,0.0
0.12630424,0.000997331,5.4179573,-0.014296768,-0.110954635,0.17622414,0.017297247,0.01728857,-8.678064e-06,0.0,-8.678064e-06,1.0,0.12630424,0.0,0.0
1.202254,0.000997331,4.595843,-1.0354769,0.4000794,0.8178513,1.0376792,1.0377693,9.012222e-05,0.0,9.012222e-05,1.0,1.9393386,0.0,0.0
1.5599954,0.000997331,4.842389,-0.86237776,0.008926798,1.1212022,0.8646648,0.8650302,0.00036543608,0.0,0.00036543608,1.0,1.5815972,0.0,0.0
0.47298765,0.000997331,4.5854464,-0.5093456,-0.9956564,0.39562416,0.5096532,0.50952566,-0.00012755394,0.0,-0.00012755394,1.0,0.47298765,0.0,0.0
0.8947523,0.000997331,3.4659379,-0.9881455,0.79169333,-0.491375,0.98713005,0.9867958,-0.00033426285,0.0,-0.00033426285,1.0,2.2468402,0.0,0.0
0.8971543,0.000997331,4.8544073,-0.6628972,-0.5304896,0.8841405,0.662498,0.66278666,0.0002886653,0.0,0.0002886653,1.0,0.8971543,0.0,0.0
0.046459176,0.000997331,0.6588489,0.06502728,1.401787,0.007826267,-0.063440114,-0.06345191,-1.1794269e-05,0.0,-1.1794269e-05,1.0,0.046459176,0.0,0.0
1.2844224,0.000997331,1.7067832,0.8205937,-0.24147399,-1.0803201,-0.8226329,-0.82220435,0.0004285574,0.0,0.0004285574,1.0,1.8571703,0.0,0.0
0.47347617,0.000997331,1.5953072,0.44436064,0.8679969,-0.46693057,-0.4435313,-0.44373816,-0.00020685792,0.0,-0.00020685792,1.0,0.47347617,0.0,0.0
1.3385698,0.000997331,1.4714717,1.0649934,-0.25151616,-0.87143457,-1.0651121,-1.0650766,3.552437e-05,0.0,3.552437e-05,1.0,1.8030229,0.0,0.0
0.5662053,0.000997331,0.6876587,0.7550893,1.1878313,0.07382938,-0.75712276,-0.75739455,-0.00027179718,0.0,-0.00027179718,1.0,0.5662053,0.0,0.0
1.0595509,0.000997331,1.0372754,1.194572,-0.66962534,-0.30718857,-1.1942579,-1.1937418,0.000516057,0.0,0.000516057,1.0,2.0820417,0.0,0.0
0.4974269,0.000997331,4.3048744,-0.62735176,-1.1548498,0.2500687,0.62935615,0.62914085,-0.00021529198,0.0,-0.00021529198,1.0,0.4974269,0.0,0.0
0.70768577,0.000997331,2.782449,-0.37996677,0.44529712,-0.83708626,0.3775485,0.37739018,-0.00015830994,0.0,-0.00015830994,1.0,2.4339068,0.0,0.0
0.85992944,0.000997331,2.9192011,-0.57197285,-0.4929186,-0.90639615,0.56931776,0.5697232,0.0004054308,0.0,0.0004054308,1.0,0.85992944,0.0,0.0
0.8603977,0.000997331,3.2121391,-0.80971944,0.6964796,-0.70312715,0.808728,0.8082735,-0.00045448542,0.0,-0.00045448542,1.0,2.281195,0.0,0.0
0.103267655,0.000997331,2.9464107,-0.08137352,-0.7824229,-0.121094264,0.082822904,0.08277686,-4.6044588e-05,0.0,-4.6044588e-05,1.0,0.103267655,0.0,0.0
1.463654,0.000997331,1.1818932,1.2970403,0.13937706,-0.54303575,-1.2969673,-1.2968845,8.273125e-05,0.0,8.273125e-05,1.0,1.463654,0.0,0.0
0.632353,0.000997331,1.891229,0.37468603,-0.51173365,-0.74745667,-0.37239203,-0.3725127,-0.0001206696,0.0,-0.0001206696,1.0,2.5092397,0.0,0.0
0.48874715,0.000997331,1.3609817,0.5567243,1.0477343,-0.361701,-0.55500436,-0.55513406,-0.0001296997,0.0,-0.0001296997,1.0,0.48874715,0.0,0.0
0.85845584,0.000997331,4.862542,-0.6351234,0.549747,0.862265,0.63409823,0.63418174,8.350611e-05,0.0,8.350611e-05,1.0,2.2831368,0.0,0.0
1.5420599,0.000997331,3.6606307,-1.3636672,0.039330475,-0.37145907,1.3611832,1.3612449,6.175041e-05,0.0,6.175041e-05,1.0,1.5995327,0.0,0.0
0.16968694,0.000997331,4.738298,-0.16431811,0.9589693,0.17314947,0.16150068,0.16167377,0.00017309189,0.0,0.00017309189,1.0,2.9719057,0.0,0.0
0.60406494,0.000997331,0.17976984,0.6603859,-0.9571442,0.4572556,-0.6611267,-0.6610441,8.255243e-05,0.0,8.255243e-05,1.0,2.5375278,0.0,0.0
0.40845114,0.000997331,1.8313174,0.28137422,-0.6502179,-0.48610196,-0.27938655,-0.27945706,-7.0512295e-05,0.0,-7.0512295e-05,1.0,2.7331414,0.0,0.0
0.59639186,0.000997331,5.1812716,-0.24670145,-0.36505124,0.7543316,0.2424303,0.24239224,-3.8057566e-05,0.0,-3.8057566e-05,1.0,0.59639186,0.0,0.0
1.4060771,0.000997331,1.3725108,1.16153,-0.19279447,-0.77242595,-1.1608071,-1.1609313,-0.00012421608,0.0,-0.00012421608,1.0,1.7355155,0.0,0.0
1.1602889,0.000997331,5.119625,-0.4789906,-0.20939948,1.205189,0.482001,0.48200834,7.3313713e-06,0.0,7.3313713e-06,1.0,1.1602889,0.0,0.0
1.4078927,0.000997331,5.927486,0.581897,-0.096607774,1.269086,-0.58419436,-0.5845044,-0.00031006336,0.0,-0.00031006336,1.0,1.7336999,0.0,0.0
1.2001952,0.000997331,4.235787,-1.2557997,-0.48793715,0.40056247,1.2541325,1.254432,0.00029945374,0.0,0.00029945374,1.0,1.2001952,0.0,0.0
0.092625506,0.000997331,4.3087935,-0.12143278,1.3072381,0.049434472,0.119705856,0.11978296,7.710606e-05,0.0,7.710606e-05,1.0,3.0489671,0.0,0.0
1.5202264,0.000997331,4.6894164,-1.0218953,0.05119802,0.9751354,1.0244429,1.0248489,0.00040602684,0.0,0.00040602684,1.0,1.6213663,0.0,0.0
1.1561577,0.000997331,0.99820006,1.2652166,0.5569988,-0.27331245,-1.2661774,-1.2660121,0.00016534328,0.0,0.00016534328,1.0,1.1561577,0.0,0.0
1.2874585,0.000997331,4.6129556,-1.0508554,-0.30699283,0.8594465,1.050676,1.0508244,0.00014841557,0.0,0.00014841557,1.0,1.2874585,0.0,0.0
0.40789992,0.000997331,5.265015,-0.1294178,0.2987715,0.5446222,0.12945183,0.12895334,-0.00049848855,0.0,-0.00049848855,1.0,2.7336926,0.0,0.0
1.443573,0.000997331,0.4451004,1.3223767,0.16933969,0.4681255,-1.321859,-1.3215694,0.00028955936,0.0,0.00028955936,1.0,1.443573,0.0,0.0
0.40098706,0.000997331,0.4493428,0.5211593,1.2294497,0.18219393,-0.5209032,-0.5209759,-7.265806e-05,0.0,-7.265806e-05,1.0,0.40098706,0.0,0.0
1.4939111,0.000997331,2.7660472,-0.56232595,0.043058883,-1.2934203,0.56478435,0.565029,0.00024467707,0.0,0.00024467707,1.0,1.6476815,0.0,0.0
1.4050093,0.000997331,2.0112016,0.47167557,0.0797505,-1.3128226,-0.47237867,-0.47245207,-7.340312e-05,0.0,-7.340312e-05,1.0,1.4050093,0.0,0.0
0.8382136,0.000997331,1.9991738,0.36707404,0.33054686,-0.98507375,-0.36479723,-0.36502147,-0.00022423267,0.0,-0.00022423267,1.0,0.8382136,0.0,0.0
0.076056264,0.000997331,3.5135193,-0.09847759,-1.2914131,-0.04288169,0.09752582,0.09719299,-0.00033283234,0.0,-0.00033283234,1.0,0.076056264,0.0,0.0
0.5858727,0.000997331,2.8937027,-0.40014824,0.6037607,-0.67221963,0.3966577,0.39672577,6.8068504e-05,0.0,6.8068504e-05,1.0,2.5557199,0.0,0.0
0.706056,0.000997331,4.6554255,-0.68445086,-0.8033136,0.6115492,0.6830619,0.68316525,0.000103354454,0.0,0.000103354454,1.0,0.706056,0.0,0.0
1.4104388,0.000997331,0.13683307,1.1126559,-0.18008381,0.8434233,-1.112591,-1.1128604,-0.000269413,0.0,-0.000269413,1.0,1.7311538,0.0,0.0
0.22611688,0.000997331,5.0199304,-0.14525722,-0.6325445,0.28130376,0.13874783,0.13922352,0.00047568977,0.0,0.00047568977,1.0,0.22611688,0.0,0.0
0.72119,0.000997331,4.250938,-0.88531256,-1.0063255,0.29831868,0.8853774,0.885424,4.6610832e-05,0.0,4.6610832e-05,1.0,0.72119,0.0,0.0
0.9827391,0.000997331,2.2871716,0.08091441,0.054410882,-1.173247,-0.080443375,-0.0803907,5.2675605e-05,0.0,5.2675605e-05,1.0,0.9827391,0.0,0.0
0.7431529,0.000997331,1.7301122,0.56039476,0.61020565,-0.7757209,-0.55979943,-0.5601162,-0.00031673908,0.0,-0.00031673908,1.0,0.7431529,0.0,0.0
0.8954907,0.000997331,3.7196903,-1.0805345,-0.8645444,-0.22717597,1.0829793,1.0830352,5.5909157e-05,0.0,5.5909157e-05,1.0,0.8954907,0.0,0.0
1.0119973,0.000997331,3.8968818,-1.1988618,0.7482085,-0.03661415,1.1990854,1.1994627,0.0003772974,0.0,0.0003772974,1.0,2.1295953,0.0,0.0
0.16990916,0.000997331,0.1628796,0.19419491,-1.1321275,0.13982487,-0.19131586,-0.19176814,-0.00045228004,0.0,-0.00045228004,1.0,2.9716835,0.0,0.0
0.12938973,0.000997331,1.5252107,0.13467075,-1.035834,-0.12289779,-0.13253751,-0.13250345,3.4064054e-05,0.0,3.4064054e-05,1.0,3.012203,0.0,0.0
1.3106006,0.000997331,5.2296333,-0.36220232,0.09710474,1.3190178,0.3623678,0.36206645,-0.00030136108,0.0,-0.00030136108,1.0,1.830992,0.0,0.0
1.2753807,0.000997331,3.9474854,-1.3526876,0.41061115,0.027196739,1.3507649,1.3508885,0.00012362003,0.0,0.00012362003,1.0,1.866212,0.0,0.0
0.7930944,0.000997331,6.192884,0.6449697,0.6367361,0.7745356,-0.6362422,-0.6365262,-0.00028401613,0.0,-0.00028401613,1.0,0.7930944,0.0,0.0
0.2301487,0.000997331,4.4217935,-0.28393552,1.2121954,0.15411381,0.28187597,0.28241703,0.00054106116,0.0,0.00054106116,1.0,2.911444,0.0,0.0
0.6034776,0.000997331,2.9949577,-0.47836474,0.69452965,-0.64516556,0.47542024,0.47560462,0.00018438697,0.0,0.00018438697,1.0,2.538115,0.0,0.0
0.40115365,0.000997331,2.524339,-0.09216029,0.21817777,-0.54391545,0.08991625,0.0901839,0.0002676472,0.0,0.0002676472,1.0,2.740439,0.0,0.0
1.2135197,0.000997331,2.7563958,-0.51659065,0.19336742,-1.2201741,0.5193047,0.5197871,0.0004823804,0.0,0.0004823804,1.0,1.9280729,0.0,0.0
0.27728415,0.000997331,2.3689716,-0.0050855298,-0.017669475,-0.38720053,0.004687965,0.0044741137,-0.00021385122,0.0,-0.00021385122,1.0,0.27728415,0.0,0.0
1.1997828,0.000997331,5.021914,-0.6040516,-0.23588175,1.1713841,0.6065253,0.60649467,-3.0636787e-05,0.0,-3.0636787e-05,1.0,1.1997828,0.0,0.0
0.111892685,0.000997331,5.385962,-0.017736511,0.15778723,0.15754491,0.02393464,0.024035133,0.00010049343,0.0,0.00010049343,1.0,3.0297,0.0,0.0
0.82712156,0.000997331,1.1164176,0.98427564,0.9058322,-0.33853576,-0.9843962,-0.984578,-0.00018179417,0.0,-0.00018179417,1.0,0.82712156,0.0,0.0
1.4550779,0.000997331,5.102309,-0.5415324,0.06332746,1.2973163,0.5430863,0.5430528,-3.349781e-05,0.0,-3.349781e-05,1.0,1.6865147,0.0,0.0
0.5306945,0.000997331,4.602607,-0.55849767,0.95237684,0.44886246,0.5566694,0.5567666,9.7215176e-05,0.0,9.7215176e-05,1.0,2.6108983,0.0,0.0
0.7167002,0.000997331,2.3496456,0.005845312,0.006981237,-0.9283807,-0.0046475716,-0.005073308,-0.00042573642,0.0,-0.00042573642,1.0,0.7167002,0.0,0.0
0.21181402,0.000997331,2.6302707,-0.08064322,-0.37413514,-0.2863941,0.08131041,0.08110958,-0.00020082295,0.0,-0.00020082295,1.0,0.21181402,0.0,0.0
1.0503572,0.000997331,1.2012144,1.1225666,-0.64281905,-0.49535382,-1.1225225,-1.1224144,0.000108122826,0.0,0.000108122826,1.0,2.0912354,0.0,0.0
1.1392951,0.000997331,6.253129,0.88075036,-0.40655726,0.93555546,-0.87563217,-0.87512004,0.0005121231,0.0,0.0005121231,1.0,2.0022974,0.0,0.0
1.3963126,0.000997331,4.796281,-0.8992032,-0.15933222,1.0634921,0.90055835,0.9008017,0.00024336576,0.0,0.00024336576,1.0,1.3963126,0.0,0.0
0.16046143,0.000997331,3.003792,-0.13651611,-0.8416155,-0.18005514,0.13750002,0.13743554,-6.4477324e-05,0.0,-6.4477324e-05,1.0,0.16046143,0.0,0.0
0.043813277,0.000997331,0.7008331,0.06183079,-1.4083362,0.005015243,-0.06370413,-0.0643236,-0.0006194636,0.0,-0.0006194636,1.0,3.0977793,0.0,0.0
0.24392891,0.000997331,0.76831216,0.34167078,-1.3722908,0.0057288595,-0.34387845,-0.3426844,0.0011940598,0.0,0.0011940598,1.0,2.8976638,0.0,0.0
0.2356589,0.000997331,2.6187341,-0.085426874,0.3565049,-0.31898814,0.08303283,0.0830901,5.7265162e-05,0.0,5.7265162e-05,1.0,2.9059339,0.0,0.0
0.35565788,0.000997331,1.7231435,0.29105338,0.7841344,-0.3967082,-0.29055506,-0.2908386,-0.0002835393,0.0,-0.0002835393,1.0,0.35565788,0.0,0.0
0.19560881,0.000997331,1.1931643,0.2523453,-1.2742796,-0.10943949,-0.25175828,-0.25254393,-0.0007856488,0.0,-0.0007856488,1.0,2.945984,0.0,0.0
0.7092329,0.000997331,3.2355528,-0.7095791,0.82649696,-0.58821213,0.70872235,0.70864725,-7.510185e-05,0.0,-7.510185e-05,1.0,2.4323597,0.0,0.0
1.2536898,0.000997331,2.182801,0.23166391,0.07662194,-1.3234742,-0.23204967,-0.23162377,0.000425905,0.0,0.000425905,1.0,1.2536898,0.0,0.0
0.018086752,0.000997331,6.256953,0.01795639,-0.9848272,0.0070868563,-0.08704175,-0.08825703,-0.0012152791,0.0,-0.0012152791,1.0,3.1235058,0.0,0.0
0.72347724,0.000997331,1.5004238,0.70706487,-0.80070937,-0.61438394,-0.7082243,-0.7080339,0.00019037724,0.0,0.00019037724,1.0,2.4181154,0.0,0.0
1.4212373,0.000997331,2.7541475,-0.54240507,0.08164721,-1.2892753,0.5451678,0.54552996,0.00036215782,0.0,0.00036215782,1.0,1.7203554,0.0,0.0
1.2151167,0.000997331,5.4035516,-0.12460326,0.04674846,1.320745,0.12274531,0.12254861,-0.00019670278,0.0,-0.00019670278,1.0,1.926476,0.0,0.0
0.6729172,0.000997331,1.6634322,0.56297493,-0.7067977,-0.678929,-0.5626723,-0.5626081,6.41942e-05,0.0,6.41942e-05,1.0,2.4686754,0.0,0.0
0.78830665,0.000997331,2.7069118,-0.34451476,0.34372514,-0.9416792,0.34322327,0.34304705,-0.00017622113,0.0,-0.00017622113,1.0,2.353286,0.0,0.0
1.1431218,0.000997331,0.49249676,1.232116,-0.56176645,0.37164497,-1.2331182,-1.2331557,-3.7550926e-05,0.0,-3.7550926e-05,1.0,1.9984708,0.0,0.0
0.528487,0.000997331,4.2419467,-0.6784316,1.1617756,0.22201581,0.6801002,0.67998195,-0.000118255615,0.0,-0.000118255615,1.0,2.6131055,0.0,0.0
0.092907645,0.000997331,0.13578019,0.104420535,-1.1207784,0.07953186,-0.10210234,-0.10234006,-0.00023771822,0.0,-0.00023771822,1.0,3.048685,0.0,0.0
0.40121877,0.000997331,1.8432235,0.27095446,-0.63873255,-0.48118562,-0.2689585,-0.26904833,-8.98242e-05,0.0,-8.98242e-05,1.0,2.7403738,0.0,0.0
0.41634437,0.000997331,5.004526,-0.2705669,0.6119305,0.5032574,0.26679713,0.26639003,-0.00040709972,0.0,-0.00040709972,1.0,2.7252483,0.0,0.0
1.2125242,0.000997331,0.84467095,1.3221178,0.49511465,-0.07831853,-1.3224995,-1.3222773,0.00022220612,0.0,0.00022220612,1.0,1.2125242,0.0,0.0
1.2750186,0.000997331,3.789154,-1.3399509,-0.40740854,-0.18539333,1.3380725,1.3383107,0.00023818016,0.0,0.00023818016,1.0,1.2750186,0.0,0.0
1.034996,0.000997331,0.7639295,1.2158253,-0.7217673,0.026161246,-1.2160795,-1.2155079,0.00057160854,0.0,0.00057160854,1.0,2.1065967,0.0,0.0
0.41031665,0.000997331,1.6755388,0.35471126,0.8160218,-0.43818736,-0.35409144,-0.3543431,-0.0002516508,0.0,-0.0002516508,1.0,0.41031665,0.0,0.0
1.1291159,0.000997331,5.003663,-0.606572,0.28770727,1.1265628,0.6080983,0.60785055,-0.0002477765,0.0,-0.0002477765,1.0,2.0124767,0.0,0.0
0.58018565,0.000997331,2.1996813,0.12077348,-0.18395801,-0.7652104,-0.11870803,-0.11867876,2.926588e-05,0.0,2.926588e-05,1.0,2.561407,0.0,0.0
1.2242618,0.000997331,5.445464,-0.06939186,0.025446098,1.3291818,0.067314535,0.06722361,-9.0926886e-05,0.0,-9.0926886e-05,1.0,1.917331,0.0,0.0
0.21190062,0.000997331,4.512779,-0.24774727,-1.1522055,0.16570212,0.24906197,0.24922033,0.00015835464,0.0,0.00015835464,1.0,0.21190062,0.0,0.0
0.30536693,0.000997331,1.0128148,0.4140978,1.314249,-0.096455835,-0.41445014,-0.4146976,-0.00024744868,0.0,-0.00024744868,1.0,0.30536693,0.0,0.0
1.4014713,0.000997331,4.514934,-1.1603508,0.19797438,0.77235216,1.1624302,1.1625724,0.00014221668,0.0,0.00014221668,1.0,1.7401214,0.0,0.0
0.85308963,0.000997331,2.230185,0.133587,0.11702017,-1.0563515,-0.13193274,-0.1321826,-0.00024986267,0.0,-0.00024986267,1.0,0.85308963,0.0,0.0
1.4729304,0.000997331,0.41553733,1.3123147,0.12902941,0.5086864,-1.3119259,-1.3116089,0.0003169775,0.0,0.0003169775,1.0,1.4729304,0.0,0.0
0.8573152,0.000997331,2.5281777,-0.18304977,0.15928994,-1.053303,0.18309012,0.18297927,-0.00011084974,0.0,-0.00011084974,1.0,2.2842774,0.0,0.0
0.96870553,0.000997331,5.4102488,-0.10181056,-0.07087214,1.1614391,0.10188787,0.10207289,0.00018502027,0.0,0.00018502027,1.0,0.96870553,0.0,0.0
0.1647913,0.000997331,4.088698,-0.22913314,-1.3778242,0.037413064,0.23164421,0.23123878,-0.0004054308,0.0,-0.0004054308,1.0,0.1647913,0.0,0.0
0.6460938,0.000997331,1.9678824,0.32205513,0.42713934,-0.788067,-0.32114226,-0.3213023,-0.00016003847,0.0,-0.00016003847,1.0,0.6460938,0.0,0.0
0.057136856,0.000997331,2.4646368,-0.008855114,-0.15291986,-0.080604464,0.007881492,0.007686345,-0.00019514747,0.0,-0.00019514747,1.0,0.057136856,0.0,0.0
1.2654341,0.000997331,2.411615,-0.07485999,-0.02366979,-1.3467612,0.07357036,0.07381107,0.00024070591,0.0,0.00024070591,1.0,1.2654341,0.0,0.0
0.73916256,0.000997331,2.4434094,-0.082982816,0.09170585,-0.9485656,0.08314404,0.082895145,-0.0002488941,0.0,-0.0002488941,1.0,2.40243,0.0,0.0
1.4494368,0.000997331,5.4319525,-0.092310175,0.011880143,1.4020485,0.09242061,0.09241103,-9.581447e-06,0.0,-9.581447e-06,1.0,1.692156,0.0,0.0
0.82082367,0.000997331,0.104581326,0.8041301,0.7492333,0.6514819,-0.80383587,-0.8043165,-0.00048065186,0.0,-0.00048065186,1.0,0.82082367,0.0,0.0
1.1759876,0.000997331,0.7819998,1.305475,-0.54382116,0.0042758863,-1.305465,-1.3050925,0.00037252903,0.0,0.00037252903,1.0,1.965605,0.0,0.0
0.13844313,0.000997331,1.9749528,0.072713114,-0.52036405,-0.18057422,-0.072305635,-0.07307555,-0.0007699132,0.0,-0.0007699132,1.0,3.0031495,0.0,0.0
1.390066,0.000997331,3.9075775,-1.3908174,0.25342685,-0.027362375,1.3880206,1.3879812,-3.9458275e-05,0.0,-3.9458275e-05,1.0,1.7515267,0.0,0.0
0.66093355,0.000997331,1.1193894,0.8204084,-1.0546926,-0.28446734,-0.82234395,-0.8227472,-0.00040322542,0.0,-0.00040322542,1.0,2.480659,0.0,0.0
0.9433159,0.000997331,5.159272,-0.38009673,0.27645233,1.0804362,0.37892327,0.37861392,-0.0003093481,0.0,-0.0003093481,1.0,2.1982768,0.0,0.0
1.0311897,0.000997331,2.634667,-0.33374262,0.2007541,-1.1666627,0.33512837,0.33538258,0.0002542138,0.0,0.0002542138,1.0,2.110403,0.0,0.0
1.409753,0.000997331,3.8918824,-1.3949354,0.2259751,-0.04928572,1.3920096,1.391959,-5.0663948e-05,0.0,-5.0663948e-05,1.0,1.7318397,0.0,0.0
0.998477,0.000997331,5.952056,0.521824,0.33840713,1.0678015,-0.52413565,-0.5239024,0.00023323298,0.0,0.00023323298,1.0,0.998477,0.0,0.0
0.82942426,0.000997331,0.77918255,1.0431179,-0.9549282,0.0069034435,-1.0427612,-1.0425699,0.00019133091,0.0,0.00019133091,1.0,2.3121684,0.0,0.0
0.39190823,0.000997331,2.5367603,-0.097164735,-0.23468295,-0.53125155,0.09774943,0.09766304,-8.638948e-05,0.0,-8.638948e-05,1.0,0.39190823,0.0,0.0
0.20470746,0.000997331,1.4420356,0.22762007,-1.0971582,-0.17575058,-0.2256994,-0.2258998,-0.00020040572,0.0,-0.00020040572,1.0,2.936885,0.0,0.0
1.1099422,0.000997331,1.7095068,0.7630218,0.37947643,-1.0113883,-0.7618216,-0.76214635,-0.0003247261,0.0,-0.0003247261,1.0,1.1099422,0.0,0.0
1.4706453,0.000997331,4.947199,-0.7366366,-0.07440925,1.199299,0.7386022,0.7387982,0.00019598007,0.0,0.00019598007,1.0,1.4706453,0.0,0.0
0.8302936,0.000997331,0.58653414,1.0233256,-0.9354487,0.20650733,-1.0220612,-1.0224042,-0.00034296513,0.0,-0.00034296513,1.0,2.311299,0.0,0.0
0.7666259,0.000997331,0.38646373,0.9039999,-0.9386904,0.381091,-0.90265894,-0.9022065,0.00045245886,0.0,0.00045245886,1.0,2.3749669,0.0,0.0
1.351052,0.000997331,4.71004,-0.9787785,0.21859804,0.9735706,0.9818668,0.9821312,0.0002644062,0.0,0.0002644062,1.0,1.7905406,0.0,0.0
1.4129889,0.000997331,4.273015,-1.313869,-0.20949212,0.4728681,1.3127301,1.312866,0.00013589859,0.0,0.00013589859,1.0,1.4129889,0.0,0.0
1.0432737,0.000997331,2.1838012,0.20957956,-0.12245335,-1.2044393,-0.20995535,-0.20970425,0.00025109947,0.0,0.00025109947,1.0,2.098319,0.0,0.0
0.08310841,0.000997331,0.16155626,0.09536933,1.1440451,0.06865206,-0.09900062,-0.09811905,0.0008815676,0.0,0.0008815676,1.0,0.08310841,0.0,0.0
0.22710104,0.000997331,2.9847028,-0.18717015,0.8093674,-0.25864878,0.1859647,0.1852875,-0.0006771982,0.0,-0.0006771982,1.0,2.9144917,0.0,0.0
0.70661116,0.000997331,1.2698452,0.8123732,0.95235145,-0.42797247,-0.81225294,-0.8121538,9.9122524e-05,0.0,9.9122524e-05,1.0,0.70661116,0.0,0.0
0.9568435,0.000997331,5.2669725,-0.26438946,-0.1877248,1.1255124,0.26542836,0.2657225,0.00029414892,0.0,0.00029414892,1.0,0.9568435,0.0,0.0
1.0869272,0.000997331,5.180135,-0.39101294,0.20625448,1.1902301,0.390688,0.39021814,-0.00046986341,0.0,-0.00046986341,1.0,2.0546656,0.0,0.0
0.24672489,0.000997331,3.3456502,-0.2890504,1.1460073,-0.19081035,0.2910557,0.29068342,-0.0003722906,0.0,-0.0003722906,1.0,2.8948677,0.0,0.0
1.518971,0.000997331,0.24191792,1.2088891,0.06273307,0.73020947,-1.2088791,-1.2087655,0.00011360645,0.0,0.00011360645,1.0,1.518971,0.0,0.0
0.8140745,0.000997331,2.6354842,-0.28350347,-0.2675766,-0.98786694,0.28193307,0.28188777,-4.529953e-05,0.0,-4.529953e-05,1.0,0.8140745,0.0,0.0
1.5173959,0.000997331,4.6330285,-1.0749933,-0.058253754,0.9156336,1.0767422,1.0771358,0.00039362907,0.0,0.00039362907,1.0,1.5173959,0.0,0.0
0.48286346,0.000997331,2.97122,-0.3788792,-0.7221662,-0.53616434,0.37720084,0.37713546,-6.5386295e-05,0.0,-6.5386295e-05,1.0,0.48286346,0.0,0.0
1.0355268,0.000997331,2.1663043,0.2293185,0.13661014,-1.1941303,-0.22823143,-0.22793376,0.0002976656,0.0,0.0002976656,1.0,1.0355268,0.0,0.0
1.3674688,0.000997331,4.060741,-1.3725924,-0.28275338,0.18440926,1.370069,1.3701844,0.00011539459,0.0,0.00011539459,1.0,1.3674688,0.0,0.0
0.5109332,0.000997331,4.615548,-0.5337268,-0.9525118,0.4407544,0.5335693,0.5334553,-0.00011396408,0.0,-0.00011396408,1.0,0.5109332,0.0,0.0
0.1640835,0.000997331,5.1803427,-0.07220508,0.4348079,0.2188653,0.07409406,0.073801145,-0.00029291213,0.0,-0.00029291213,1.0,2.9775093,0.0,0.0
1.2617669,0.000997331,2.7586958,-0.52795565,-0.16929501,-1.239915,0.52757645,0.5273901,-0.00018632412,0.0,-0.00018632412,1.0,1.2617669,0.0,0.0
0.363602,0.000997331,1.9897218,0.18002154,0.47321445,-0.46932608,-0.18116198,-0.18100882,0.00015316904,0.0,0.00015316904,1.0,0.363602,0.0,0.0
0.34416655,0.000997331,1.2569458,0.42482862,1.1859461,-0.21722351,-0.4227573,-0.42330095,-0.00054365396,0.0,-0.00054365396,1.0,0.34416655,0.0,0.0
0.8008156,0.000997331,5.929732,0.4248252,-0.4126467,0.92210186,-0.41896197,-0.41948962,-0.0005276501,0.0,-0.0005276501,1.0,2.3407772,0.0,0.0
1.2489849,0.000997331,5.825756,0.43250793,-0.1450992,1.2701576,-0.4343005,-0.43407595,0.0002245605,0.0,0.0002245605,1.0,1.8926077,0.0,0.0
0.3707077,0.000997331,1.6007134,0.35121283,-0.9041204,-0.3732994,-0.34980404,-0.34955144,0.00025260448,0.0,0.00025260448,1.0,2.770885,0.0,0.0
0.37512016,0.000997331,4.4462433,-0.44984826,-1.1423559,0.25845805,0.45194107,0.45185673,-8.434057e-05,0.0,-8.434057e-05,1.0,0.37512016,0.0,0.0
0.18399382,0.000997331,3.015266,-0.15847565,0.8506664,-0.20563044,0.15796953,0.1571703,-0.0007992387,0.0,-0.0007992387,1.0,2.957599,0.0,0.0
0.2450305,0.000997331,3.2400436,-0.2653654,-1.0603724,-0.21743818,0.26459432,0.26450616,-8.815527e-05,0.0,-8.815527e-05,1.0,0.2450305,0.0,0.0
0.37350863,0.000997331,2.685853,-0.16718614,-0.4259109,-0.48804694,0.16772562,0.16766691,-5.8710575e-05,0.0,-5.8710575e-05,1.0,0.37350863,0.0,0.0
0.8168846,0.000997331,6.158571,0.63237286,0.5957935,0.81416976,-0.62490934,-0.62512463,-0.00021529198,0.0,-0.00021529198,1.0,0.8168846,0.0,0.0
0.81258535,0.000997331,0.25978026,0.8882086,-0.8412709,0.51502794,-0.88789284,-0.88717663,0.0007162094,0.0,0.0007162094,1.0,2.3290074,0.0,0.0
0.38317803,0.000997331,2.554075,-0.104101576,-0.25779566,-0.51829195,0.10470612,0.10461674,-8.9384615e-05,0.0,-8.9384615e-05,1.0,0.38317803,0.0,0.0
0.078845575,0.000997331,5.47811,-0.0023698453,-0.02760272,0.11073433,0.008212263,0.008104403,-0.00010786019,0.0,-0.00010786019,1.0,0.078845575,0.0,0.0
1.3238114,0.000997331,3.1340046,-0.96260774,-0.24298005,-0.9768169,0.9645367,0.964653,0.00011628866,0.0,0.00011628866,1.0,1.3238114,0.0,0.0
0.33832553,0.000997331,1.3592153,0.39390415,1.1202819,-0.2550583,-0.3913919,-0.39209002,-0.0006981194,0.0,-0.0006981194,1.0,0.33832553,0.0,0.0
1.4740165,0.000997331,2.971173,-0.81252986,0.07899277,-1.1492327,0.81448716,0.8146126,0.00012546778,0.0,0.00012546778,1.0,1.6675761,0.0,0.0
0.14828463,0.000997331,4.4057393,-0.18544579,-1.241974,0.097146906,0.1879771,0.18772833,-0.0002487749,0.0,-0.0002487749,1.0,0.14828463,0.0,0.0
0.41058365,0.000997331,3.162987,-0.40768102,0.93588334,-0.39196682,0.4063955,0.40677145,0.0003759563,0.0,0.0003759563,1.0,2.731009,0.0,0.0
1.5603652,0.000997331,2.4417188,-0.12103355,-0.0015479475,-1.4098126,0.12163228,0.12151258,-0.00011970103,0.0,-0.00011970103,1.0,1.5603652,0.0,0.0
0.062359918,0.000997331,6.131796,0.05258686,0.8370471,0.06896808,-0.0878153,-0.08757993,0.00023537129,0.0,0.00023537129,1.0,0.062359918,0.0,0.0
0.7192181,0.000997331,4.105825,-0.9170779,-1.0464672,0.16667214,0.9184111,0.9186119,0.00020080805,0.0,0.00020080805,1.0,0.7192181,0.0,0.0
1.4404612,0.000997331,2.9934092,-0.8346622,-0.10972406,-1.1269698,0.8367121,0.8366044,-0.00010770559,0.0,-0.00010770559,1.0,1.4404612,0.0,0.0
0.16844009,0.000997331,4.4313555,-0.20755069,1.2208468,0.11528981,0.20521802,0.20564824,0.00043022633,0.0,0.00043022633,1.0,2.9731526,0.0,0.0
0.02048373,0.000997331,6.081816,0.016417405,0.7801591,0.022306673,-0.050947875,-0.05021807,0.000729803,0.0,0.000729803,1.0,0.02048373,0.0,0.0
0.122344516,0.000997331,5.6752796,0.030224895,0.24607396,0.17025866,-0.021971315,-0.02163286,0.00033845566,0.0,0.00033845566,1.0,0.122344516,0.0,0.0
0.7913865,0.000997331,1.8535331,0.48428497,0.47879276,-0.88179886,-0.48274288,-0.48307008,-0.0003271997,0.0,-0.0003271997,1.0,0.7913865,0.0,0.0
1.3711078,0.000997331,3.4063556,-1.2026523,-0.24303396,-0.68867373,1.203279,1.2035458,0.0002667904,0.0,0.0002667904,1.0,1.3711078,0.0,0.0
1.5546777,0.000997331,1.5983782,0.9720114,-0.015163835,-1.026817,-0.97254544,-0.9723259,0.0002195239,0.0,0.0002195239,1.0,1.586915,0.0,0.0
0.16647002,0.000997331,4.0337405,-0.23335686,1.387752,0.025897123,0.23444964,0.23409301,-0.0003566295,0.0,-0.0003566295,1.0,2.9751227,0.0,0.0
1.0721453,0.000997331,1.1608919,1.1554859,0.6294569,-0.45561796,-1.1567233,-1.1568192,-9.596348e-05,0.0,-9.596348e-05,1.0,1.0721453,0.0,0.0
1.2852275,0.000997331,6.140728,0.8139093,-0.24058646,1.0856817,-0.81385094,-0.8143901,-0.0005391836,0.0,-0.0005391836,1.0,1.8563651,0.0,0.0
0.777554,0.000997331,2.3871522,-0.030919807,-0.03108419,-0.9909627,0.03170464,0.031297665,-0.00040697306,0.0,-0.00040697306,1.0,0.777554,0.0,0.0
1.2889799,0.000997331,4.4375644,-1.1852299,-0.34389788,0.66324854,1.1843388,1.1845545,0.0002156496,0.0,0.0002156496,1.0,1.2889799,0.0,0.0
0.070906155,0.000997331,4.550803,-0.081266835,1.1445465,0.05862169,0.07881423,0.07888378,6.955117e-05,0.0,6.955117e-05,1.0,3.0706866,0.0,0.0
0.47384185,0.000997331,3.226337,-0.49333188,-0.96178746,-0.41641313,0.49156016,0.49122912,-0.0003310442,0.0,-0.0003310442,1.0,0.47384185,0.0,0.0
1.1866266,0.000997331,6.100279,0.7435194,0.30234975,1.0797522,-0.7487252,-0.74877465,-4.9471855e-05,0.0,-4.9471855e-05,1.0,1.1866266,0.0,0.0
0.5134164,0.000997331,6.0011454,0.33517396,-0.5918635,0.61115706,-0.32684463,-0.32736194,-0.0005173087,0.0,-0.0005173087,1.0,2.6281762,0.0,0.0
0.027880896,0.000997331,2.552934,-0.007850656,-0.27639034,-0.039067395,0.007333759,0.007126973,-0.00020678621,0.0,-0.00020678621,1.0,0.027880896,0.0,0.0
0.38986224,0.000997331,4.818001,-0.3376242,0.82207847,0.41829357,0.3336972,0.33362406,-7.31349e-05,0.0,-7.31349e-05,1.0,2.7517304,0.0,0.0
1.3897079,0.000997331,5.2091904,-0.39611027,0.07314238,1.3347733,0.39680743,0.3966148,-0.00019264221,0.0,-0.00019264221,1.0,1.7518847,0.0,0.0
1.1469651,0.000997331,5.6873174,0.24312764,0.10997963,1.2671086,-0.2447122,-0.24460094,0.00011126697,0.0,0.00011126697,1.0,1.1469651,0.0,0.0
0.46651986,0.000997331,2.2143981,0.08967596,0.17802474,-0.6295766,-0.08973618,-0.08972831,7.867813e-06,0.0,7.867813e-06,1.0,0.46651986,0.0,0.0
1.4113821,0.000997331,3.908749,-1.395935,0.22378927,-0.025807127,1.393024,1.3929493,-7.4625015e-05,0.0,-7.4625015e-05,1.0,1.7302105,0.0,0.0
0.21349226,0.000997331,3.3849342,-0.25678548,-1.1838939,-0.15450561,0.25562847,0.25563475,6.28829e-06,0.0,6.28829e-06,1.0,0.21349226,0.0,0.0
1.281892,0.000997331,5.819431,0.4290469,0.12795164,1.2873905,-0.43205124,-0.43210924,-5.799532e-05,0.0,-5.799532e-05,1.0,1.281892,0.0,0.0
1.2589304,0.000997331,2.1757338,0.24160653,-0.07799833,-1.3251121,-0.24311936,-0.24323873,-0.0001193732,0.0,-0.0001193732,1.0,1.8826623,0.0,0.0
0.50583273,0.000997331,3.2332547,-0.52689034,-0.9510825,-0.43859687,0.5250754,0.52473557,-0.00033980608,0.0,-0.00033980608,1.0,0.50583273,0.0,0.0
0.313816,0.000997331,2.4902081,-0.058069855,0.17988195,-0.4322381,0.055924956,0.056353837,0.0004288815,0.0,0.0004288815,1.0,2.8277767,0.0,0.0
1.2451477,0.000997331,2.3163347,0.053269014,-0.017988265,-1.3399022,-0.053286433,-0.053373758,-8.732453e-05,0.0,-8.732453e-05,1.0,1.8964449,0.0,0.0
0.17090458,0.000997331,3.4636288,-0.21565017,1.2470924,-0.10815239,0.21868756,0.21804595,-0.0006416142,0.0,-0.0006416142,1.0,2.970688,0.0,0.0
1.0158106,0.000997331,2.057566,0.3533027,0.21970743,-1.1485574,-0.35144147,-0.35123485,0.0002066195,0.0,0.0002066195,1.0,1.0158106,0.0,0.0
0.2375442,0.000997331,5.9383655,0.14165871,0.58318853,0.30279016,-0.1342926,-0.13386995,0.00042265654,0.0,0.00042265654,1.0,0.2375442,0.0,0.0
0.65650916,0.000997331,3.8515584,-0.86113906,-1.1170386,-0.06493575,0.8640326,0.86430454,0.0002719164,0.0,0.0002719164,1.0,0.65650916,0.0,0.0
1.0555277,0.000997331,5.5859294,0.10847856,0.061350033,1.2265756,-0.10939598,-0.109263636,0.00013234466,0.0,0.00013234466,1.0,1.0555277,0.0,0.0
1.3082594,0.000997331,4.958299,-0.7019287,-0.18933761,1.1715895,0.7039482,0.7039599,1.168251e-05,0.0,1.168251e-05,1.0,1.3082594,0.0,0.0
0.4624923,0.000997331,5.8706264,0.22976221,-0.4592404,0.5896558,-0.22077544,-0.22087853,-0.00010308623,0.0,-0.00010308623,1.0,2.6791003,0.0,0.0
0.17516564,0.000997331,4.3426867,-0.22552812,1.2744994,0.10040887,0.22376277,0.22412148,0.00035871565,0.0,0.00035871565,1.0,2.966427,0.0,0.0
0.41748053,0.000997331,5.0163946,-0.26525494,0.5980501,0.507688,0.26156014,0.26113844,-0.00042170286,0.0,-0.00042170286,1.0,2.724112,0.0,0.0
1.4161212,0.000997331,4.8765697,-0.813692,-0.12751919,1.1360933,0.81539464,0.8156041,0.00020945072,0.0,0.00020945072,1.0,1.4161212,0.0,0.0
1.3268602,0.000997331,2.6697388,-0.42351416,-0.10609539,-1.3058245,0.42313197,0.42301506,-0.00011691451,0.0,-0.00011691451,1.0,1.3268602,0.0,0.0
0.14541149,0.000997331,2.5715032,-0.04354187,0.29848316,-0.20042348,0.04177253,0.04179355,2.1021813e-05,0.0,2.1021813e-05,1.0,2.9961812,0.0,0.0
1.1788559,0.000997331,1.397446,1.0696952,0.44236314,-0.75131696,-1.0703046,-1.0706074,-0.0003027916,0.0,-0.0003027916,1.0,1.1788559,0.0,0.0
1.2468933,0.000997331,3.9960423,-1.3374186,-0.44830763,0.092654794,1.3354864,1.3357897,0.00030326843,0.0,0.00030326843,1.0,1.2468933,0.0,0.0
1.09931,0.000997331,4.874741,-0.73548603,0.37591827,1.0239227,0.73739743,0.73736304,-3.439188e-05,0.0,-3.439188e-05,1.0,2.0422826,0.0,0.0
1.288608,0.000997331,5.876462,0.5025342,-0.14672433,1.2621696,-0.5042028,-0.50416076,4.2021275e-05,0.0,4.2021275e-05,1.0,1.8529848,0.0,0.0
1.3599057,0.000997331,3.679505,-1.340723,-0.28632626,-0.3380513,1.3387966,1.338995,0.00019836426,0.0,0.00019836426,1.0,1.3599057,0.0,0.0
0.18813108,0.000997331,5.2141533,-0.07369637,-0.38704765,0.25248665,0.0693611,0.069611154,0.0002500564,0.0,0.0002500564,1.0,0.18813108,0.0,0.0
0.7866234,0.000997331,4.9677553,-0.50604975,0.5059595,0.8643201,0.50377965,0.503825,4.5359135e-05,0.0,4.5359135e-05,1.0,2.3549693,0.0,0.0
1.0391026,0.000997331,5.8113074,0.37604752,-0.22242472,1.1589779,-0.37660187,-0.37644887,0.00015300512,0.0,0.00015300512,1.0,2.1024902,0.0,0.0
1.2927954,0.000997331,5.8152075,0.42483875,-0.12200892,1.2922404,-0.42674607,-0.42653114,0.00021493435,0.0,0.00021493435,1.0,1.8487972,0.0,0.0
0.9848944,0.000997331,2.2877486,0.08049104,-0.053491738,-1.1759658,-0.080148384,-0.07999712,0.00015126169,0.0,0.00015126169,1.0,2.1566982,0.0,0.0
0.1522827,0.000997331,3.6860106,-0.20842104,-1.3580828,-0.05131916,0.20744464,0.20727548,-0.00016915798,0.0,-0.00016915798,1.0,0.1522827,0.0,0.0
0.2679542,0.000997331,2.1022596,0.093921505,0.3422389,-0.3622542,-0.09526616,-0.09529261,-2.6449561e-05,0.0,-2.6449561e-05,1.0,0.2679542,0.0,0.0
1.2256801,0.000997331,5.4485517,-0.06554259,-0.023896586,1.3304691,0.06803985,0.06795789,-8.195639e-05,0.0,-8.195639e-05,1.0,1.2256801,0.0,0.0
1.0779932,0.000997331,5.3594837,-0.17161982,0.09247579,1.2346922,0.16953896,0.16916499,-0.00037397444,0.0,-0.00037397444,1.0,2.0635996,0.0,0.0
1.0786343,0.000997331,5.5051947,0.009310862,0.0045483448,1.2472255,-0.008897731,-0.008799981,9.7749755e-05,0.0,9.7749755e-05,1.0,1.0786343,0.0,0.0
0.48797542,0.000997331,3.393878,-0.571411,1.0753219,-0.33824208,0.57230854,0.5729605,0.0006519556,0.0,0.0006519556,1.0,2.6536171,0.0,0.0
0.6488328,0.000997331,2.3610988,-0.0044202413,-0.0056067253,-0.85402715,0.0055405274,0.0051748753,-0.00036565214,0.0,-0.00036565214,1.0,0.6488328,0.0,0.0
0.11396157,0.000997331,2.7415445,-0.060306177,0.52725655,-0.14964563,0.05921594,0.058776848,-0.00043909252,0.0,-0.00043909252,1.0,3.027631,0.0,0.0
0.37835202,0.000997331,3.8867295,-0.5226034,1.3135595,-0.020572333,0.524942,0.52504474,0.00010275841,0.0,0.00010275841,1.0,2.7632406,0.0,0.0
1.0648019,0.000997331,2.8188443,-0.5523591,0.3069814,-1.106726,0.5539388,0.5541895,0.00025069714,0.0,0.00025069714,1.0,2.0767908,0.0,0.0
1.1041596,0.000997331,4.331558,-1.1609926,-0.5850149,0.49729267,1.1591043,1.1592709,0.00016653538,0.0,0.00016653538,1.0,1.1041596,0.0,0.0
1.2110262,0.000997331,2.4999874,-0.18981674,-0.07164279,-1.3100008,0.18826604,0.18834037,7.432699e-05,0.0,7.432699e-05,1.0,1.2110262,0.0,0.0
1.3568319,0.000997331,5.851347,0.478946,-0.10485341,1.2969438,-0.48087317,-0.4808398,3.33786e-05,0.0,3.33786e-05,1.0,1.7847607,0.0,0.0
1.1054734,0.000997331,4.587505,-0.99799824,-0.5019796,0.7750548,0.99646676,0.99640656,-6.020069e-05,0.0,-6.020069e-05,1.0,1.1054734,0.0,0.0
0.03654703,0.000997331,2.0928416,0.01336124,0.3677974,-0.049703058,-0.014154308,-0.014344851,-0.00019054301,0.0,-0.00019054301,1.0,0.03654703,0.0,0.0
0.16695601,0.000997331,0.507437,0.22612095,-1.3411016,0.06495297,-0.22852302,-0.22877532,-0.00025230646,0.0,-0.00025230646,1.0,2.9746366,0.0,0.0
0.27552176,0.000997331,4.957983,-0.197142,-0.69868076,0.330315,0.19095954,0.1914579,0.00049835443,0.0,0.00049835443,1.0,0.27552176,0.0,0.0
0.98522836,0.000997331,2.4694104,-0.13327646,-0.0882216,-1.1704911,0.13220537,0.13205898,-0.00014638901,0.0,-0.00014638901,1.0,0.98522836,0.0,0.0
0.99277043,0.000997331,5.533756,0.042720936,0.027561732,1.1841509,-0.043655645,-0.043516606,0.00013903901,0.0,0.00013903901,1.0,0.99277043,0.0,0.0
0.4478781,0.000997331,0.75423515,0.6122807,-1.273881,0.019403605,-0.6127584,-0.61213654,0.00062185526,0.0,0.00062185526,1.0,2.6937146,0.0,0.0
0.31776208,0.000997331,2.376565,-0.008798862,0.027791582,-0.4411884,0.0074530244,0.00802735,0.0005743252,0.0,0.0005743252,1.0,2.8238306,0.0,0.0
0.32655168,0.000997331,0.029674582,0.33021846,0.9746113,0.31106246,-0.331088,-0.33195785,-0.0008698404,0.0,-0.0008698404,1.0,0.32655168,0.0,0.0
0.17662822,0.000997331,0.4245899,0.23249874,1.3025385,0.08736192,-0.23188537,-0.23217507,-0.00028969347,0.0,-0.00028969347,1.0,0.17662822,0.0,0.0
1.1823487,0.000997331,1.9703617,0.49271795,-0.20196219,-1.2131479,-0.49503136,-0.49465224,0.00037911534,0.0,0.00037911534,1.0,1.9592439,0.0,0.0
1.1032147,0.000997331,0.87464666,1.2574589,-0.63462865,-0.112518296,-1.2572438,-1.2565309,0.00071287155,0.0,0.00071287155,1.0,2.038378,0.0,0.0
1.1389112,0.000997331,1.246913,1.1500026,0.5302085,-0.5721753,-1.1512611,-1.1513894,-0.0001282692,0.0,-0.0001282692,1.0,1.1389112,0.0,0.0
1.2365721,0.000997331,1.9228668,0.5611546,-0.19501951,-1.2128689,-0.5638126,-0.5634474,0.00036519766,0.0,0.00036519766,1.0,1.9050206,0.0,0.0
0.5285284,0.000997331,4.1252446,-0.69970524,1.1977487,0.14130934,0.701938,0.7017429,-0.000195086,0.0,-0.000195086,1.0,2.6130643,0.0,0.0
0.7520056,0.000997331,3.2662177,-0.7628132,-0.8157763,-0.59366244,0.761601,0.7613903,-0.00021064281,0.0,-0.00021064281,1.0,0.7520056,0.0,0.0
0.3386932,0.000997331,5.210199,-0.13275439,-0.37752062,0.44925764,0.12644364,0.12666066,0.00021702051,0.0,0.00021702051,1.0,0.3386932,0.0,0.0
1.5396545,0.000997331,5.0467763,-0.61654806,-0.019213352,1.2727334,0.6185429,0.61864734,0.00010442734,0.0,0.00010442734,1.0,1.5396545,0.0,0.0
1.2829659,0.000997331,5.065661,-0.5682447,-0.16882145,1.2314453,0.5710068,0.5709462,-6.055832e-05,0.0,-6.055832e-05,1.0,1.2829659,0.0,0.0
1.5175505,0.000997331,1.2202189,1.2808135,0.06818864,-0.5948451,-1.2803161,-1.2803391,-2.3007393e-05,0.0,-2.3007393e-05,1.0,1.5175505,0.0,0.0
1.0711731,0.000997331,0.2118923,1.0428051,0.56917,0.67334986,-1.0430318,-1.0439044,-0.000872612,0.0,-0.000872612,1.0,1.0711731,0.0,0.0
0.12056447,0.000997331,0.46216774,0.16137968,-1.331393,0.054567456,-0.16318455,-0.16327606,-9.150803e-05,0.0,-9.150803e-05,1.0,3.0210283,0.0,0.0
0.92829746,0.000997331,2.2517223,0.11779611,0.088631526,-1.1254524,-0.116667174,-0.11673534,-6.816536e-05,0.0,-6.816536e-05,1.0,0.92829746,0.0,0.0
1.5673981,0.000997331,3.0824916,-0.9395678,0.0033333953,-1.0567561,0.9414341,0.94139546,-3.862381e-05,0.0,-3.862381e-05,1.0,1.5741946,0.0,0.0
1.0083369,0.000997331,2.4723449,-0.13876571,-0.08734827,-1.1877637,0.1375636,0.13745008,-0.000113517046,0.0,-0.000113517046,1.0,1.0083369,0.0,0.0
1.1975222,0.000997331,2.1269288,0.29932156,-0.11747106,-1.2832015,-0.30105644,-0.30094188,0.00011456013,0.0,0.00011456013,1.0,1.9440706,0.0,0.0
1.4011726,0.000997331,0.88731325,1.3867184,0.23743844,-0.14179026,-1.387264,-1.3869324,0.00033164024,0.0,0.00033164024,1.0,1.4011726,0.0,0.0
0.0776308,0.000997331,0.08754,0.08410722,1.0806255,0.070706636,-0.08585341,-0.08489174,0.00096167624,0.0,0.00096167624,1.0,0.0776308,0.0,0.0
0.7456918,0.000997331,2.4881523,-0.12639336,-0.13654059,-0.950483,0.12645358,0.1261465,-0.00030708313,0.0,-0.00030708313,1.0,0.7456918,0.0,0.0
1.3565382,0.000997331,2.6411934,-0.38895586,0.08465643,-1.3266298,0.3918408,0.3921981,0.00035730004,0.0,0.00035730004,1.0,1.7850544,0.0,0.0
0.11916402,0.000997331,2.4967558,-0.02368663,-0.19685629,-0.16677907,0.023195494,0.022977674,-0.00021781959,0.0,-0.00021781959,1.0,0.11916402,0.0,0.0
1.2793701,0.000997331,1.3828403,1.1199352,0.33609837,-0.7622701,-1.1203232,-1.1204712,-0.00014805794,0.0,-0.00014805794,1.0,1.2793701,0.0,0.0
0.5562332,0.000997331,5.284191,-0.15781024,-0.2549143,0.72853804,0.15304261,0.15283449,-0.00020812452,0.0,-0.00020812452,1.0,0.5562332,0.0,0.0
1.461154,0.000997331,2.3939507,-0.053276382,0.005749628,-1.4057933,0.05410794,0.053823642,-0.00028429925,0.0,-0.00028429925,1.0,1.6804386,0.0,0.0
0.6394306,0.000997331,4.9326067,-0.45148948,-0.60881853,0.7130899,0.4491896,0.44941196,0.00022235513,0.0,0.00022235513,1.0,0.6394306,0.0,0.0
0.7901375,0.000997331,6.250033,0.6861613,0.6807194,0.73481125,-0.6767788,-0.67720693,-0.00042814016,0.0,-0.00042814016,1.0,0.7901375,0.0,0.0
0.75845456,0.000997331,2.5792415,-0.215112,0.22805196,-0.9482108,0.2142083,0.21396251,-0.00024579465,0.0,-0.00024579465,1.0,2.3831382,0.0,0.0
1.2922196,0.000997331,5.961745,0.6088508,-0.1754715,1.215918,-0.61012924,-0.61040485,-0.00027561188,0.0,-0.00027561188,1.0,1.849373,0.0,0.0
0.8696223,0.000997331,3.7369792,-1.0614973,-0.89535284,-0.20407131,1.064121,1.0641999,7.891655e-05,0.0,7.891655e-05,1.0,0.8696223,0.0,0.0
0.16151202,0.000997331,0.096653745,0.17548206,-1.0772324,0.14474466,-0.17212626,-0.17289701,-0.00077074766,0.0,-0.00077074766,1.0,2.9800806,0.0,0.0
0.8160162,0.000997331,5.537681,0.04110971,-0.039654236,1.0285869,-0.04214843,-0.042188812,-4.0382147e-05,0.0,-4.0382147e-05,1.0,2.3255765,0.0,0.0
1.1556388,0.000997331,5.4323783,-0.084402576,0.037478954,1.2920117,0.082040966,0.08185852,-0.00018244237,0.0,-0.00018244237,1.0,1.9859538,0.0,0.0
1.3381206,0.000997331,1.9982613,0.48200905,0.115105376,-1.2889946,-0.48220032,-0.48210287,9.7453594e-05,0.0,9.7453594e-05,1.0,1.3381206,0.0,0.0
1.3303347,0.000997331,5.2570996,-0.32768455,-0.08053246,1.334705,0.33106503,0.33091325,-0.00015178323,0.0,-0.00015178323,1.0,1.3303347,0.0,0.0
0.31401432,0.000997331,5.9029355,0.17255369,-0.52696973,0.4047201,-0.16602331,-0.16590369,0.00011962652,0.0,0.00011962652,1.0,2.8275783,0.0,0.0
1.3645118,0.000997331,1.9777006,0.5114337,0.107914716,-1.2863832,-0.51177615,-0.511752,2.4139881e-05,0.0,2.4139881e-05,1.0,1.3645118,0.0,0.0
1.091552,0.000997331,3.2084615,-0.9448798,-0.49143863,-0.8263021,0.94537234,0.9457218,0.00034946203,0.0,0.00034946203,1.0,1.091552,0.0,0.0
1.1702571,0.000997331,6.2286863,0.8694746,-0.36943042,0.9697096,-0.86548495,-0.8653182,0.0001667738,0.0,0.0001667738,1.0,1.9713355,0.0,0.0
1.114701,0.000997331,3.0807574,-0.84174395,-0.41362292,-0.9510114,0.8419656,0.8422824,0.0003167987,0.0,0.0003167987,1.0,1.114701,0.0,0.0
1.2028601,0.000997331,1.5416421,0.9600691,-0.36985677,-0.9051984,-0.9610011,-0.96092457,7.6532364e-05,0.0,7.6532364e-05,1.0,1.9387326,0.0,0.0
0.67721456,0.000997331,1.0547671,0.8544687,-1.0622729,-0.23554495,-0.8560562,-0.85647935,-0.00042313337,0.0,-0.00042313337,1.0,2.464378,0.0,0.0
0.64179623,0.000997331,3.6849473,-0.8224825,1.0990667,-0.20354968,0.8244717,0.82432884,-0.00014287233,0.0,-0.00014287233,1.0,2.4997964,0.0,0.0
0.7143735,0.000997331,2.9283543,-0.5015446,0.57928026,-0.7793311,0.49923095,0.4991606,-7.036328e-05,0.0,-7.036328e-05,1.0,2.4272192,0.0,0.0
1.2263571,0.000997331,0.34003443,1.2013752,-0.43108982,0.57363605,-1.2022508,-1.2015818,0.00066900253,0.0,0.00066900253,1.0,1.9152355,0.0,0.0
0.24219087,0.000997331,4.1568136,-0.33055332,1.3377217,0.0783401,0.33061826,0.33077997,0.0001617074,0.0,0.0001617074,1.0,2.8994017,0.0,0.0
1.0256418,0.000997331,3.5589583,-1.1285162,-0.6837477,-0.43506733,1.1296976,1.1297284,3.0875206e-05,0.0,3.0875206e-05,1.0,1.0256418,0.0,0.0
0.50617224,0.000997331,3.1190343,-0.4737741,-0.8543593,-0.4958315,0.47165486,0.47140965,-0.0002452135,0.0,-0.0002452135,1.0,0.50617224,0.0,0.0
0.45700222,0.000997331,5.736969,0.1473355,0.3011973,0.6044929,-0.14097047,-0.14081764,0.00015282631,0.0,0.00015282631,1.0,0.45700222,0.0,0.0
0.9749758,0.000997331,0.32888538,1.0507126,0.7122899,0.51583993,-1.050824,-1.0509672,-0.00014317036,0.0,-0.00014317036,1.0,0.9749758,0.0,0.0
1.2483301,0.000997331,4.049431,-1.3313897,0.44377524,0.163147,1.330065,1.3300753,1.0251999e-05,0.0,1.0251999e-05,1.0,1.8932625,0.0,0.0
0.69687456,0.000997331,2.972805,-0.5248352,-0.62714076,-0.7405773,0.5219574,0.52223206,0.0002746582,0.0,0.0002746582,1.0,0.69687456,0.0,0.0
1.4562169,0.000997331,4.6025004,-1.0968801,0.12579077,0.8778849,1.0994405,1.0997432,0.0003027916,0.0,0.0003027916,1.0,1.6853757,0.0,0.0
0.6646585,0.000997331,0.544197,0.84703356,-1.080806,0.20865387,-0.84501886,-0.84564435,-0.00062549114,0.0,-0.00062549114,1.0,2.4769342,0.0,0.0
0.47850993,0.000997331,4.550292,-0.5287266,1.019887,0.38137224,0.5272131,0.5273943,0.00018119812,0.0,0.00018119812,1.0,2.6630828,0.0,0.0
0.6885461,0.000997331,4.119927,-0.88219863,-1.0712838,0.17324641,0.8835939,0.8837523,0.00015836954,0.0,0.00015836954,1.0,0.6885461,0.0,0.0
1.031702,0.000997331,0.88707745,1.2073845,0.7223741,-0.12313463,-1.2071944,-1.2074876,-0.00029313564,0.0,-0.00029313564,1.0,1.031702,0.0,0.0
0.9929464,0.000997331,5.825197,0.38099146,-0.2497468,1.121029,-0.3807159,-0.38065872,5.7190657e-05,0.0,5.7190657e-05,1.0,2.1486464,0.0,0.0
0.41515604,0.000997331,5.0320854,-0.25590798,0.58056074,0.5090334,0.25234962,0.25190574,-0.0004438758,0.0,-0.0004438758,1.0,2.7264366,0.0,0.0
0.8218217,0.000997331,6.049227,0.542297,0.5067161,0.8816835,-0.53741884,-0.53737533,4.351139e-05,0.0,4.351139e-05,1.0,0.8218217,0.0,0.0
1.282444,0.000997331,1.382492,1.1213453,-0.33224562,-0.76188314,-1.1209267,-1.1210716,-0.00014483929,0.0,-0.00014483929,1.0,1.8591487,0.0,0.0
0.055895492,0.000997331,2.1653676,0.014904002,0.26770806,-0.077461325,-0.016124442,-0.016305517,-0.00018107519,0.0,-0.00018107519,1.0,0.055895492,0.0,0.0
0.24085969,0.000997331,4.0909734,-0.33304647,-1.3557267,0.05519993,0.33558637,0.33549318,-9.319186e-05,0.0,-9.319186e-05,1.0,0.24085969,0.0,0.0
0.12355084,0.000997331,0.38279063,0.16037509,1.291113,0.06782836,-0.16124454,-0.1610606,0.00018393993,0.0,0.00018393993,1.0,0.12355084,0.0,0.0
0.12884584,0.000997331,2.1886985,0.030203573,0.23361413,-0.17909548,-0.031570885,-0.03178042,-0.0002095364,0.0,-0.0002095364,1.0,0.12884584,0.0,0.0
0.97428393,0.000997331,1.5929562,0.8085693,0.54950327,-0.84603435,-0.80821294,-0.80876327,-0.0005503297,0.0,-0.0005503297,1.0,0.97428393,0.0,0.0
0.4391861,0.000997331,4.598153,-0.4708154,1.0028038,0.37508798,0.46858817,0.4688129,0.00022473931,0.0,0.00022473931,1.0,2.7024066,0.0,0.0
0.8554941,0.000997331,4.492162,-0.901887,0.7838502,0.57254446,0.9024259,0.9023138,-0.00011205673,0.0,-0.00011205673,1.0,2.2860985,0.0,0.0
1.4197801,0.000997331,4.515003,-1.1635182,-0.17794238,0.77473354,1.1640116,1.1643076,0.00029599667,0.0,0.00029599667,1.0,1.4197801,0.0,0.0
1.5122572,0.000997331,0.6928654,1.4058027,-0.082277395,0.13027611,-1.4057789,-1.4061999,-0.0004210472,0.0,-0.0004210472,1.0,1.6293354,0.0,0.0
0.6414457,0.000997331,5.173264,-0.2696211,0.36123046,0.80140764,0.26665935,0.2665469,-0.00011244416,0.0,-0.00011244416,1.0,2.5001469,0.0,0.0
0.55932415,0.000997331,0.92265046,0.7435454,-1.1873922,-0.102237515,-0.74450666,-0.7445656,-5.8948994e-05,0.0,-5.8948994e-05,1.0,2.5822685,0.0,0.0
0.3424722,0.000997331,3.4149942,-0.41447905,1.1610627,-0.2338146,0.41644207,0.4167288,0.00028672814,0.0,0.00028672814,1.0,2.7991204,0.0,0.0
0.7429552,0.000997331,5.0384245,-0.42397317,0.46251056,0.85766673,0.42112195,0.42112255,5.9604645e-07,0.0,5.9604645e-07,1.0,2.3986375,0.0,0.0
0.13276632,0.000997331,5.6922593,0.03652312,-0.26753637,0.18640737,-0.029543268,-0.029405557,0.00013771094,0.0,0.00013771094,1.0,3.0088263,0.0,0.0
0.1213554,0.000997331,3.3844554,-0.14673246,-1.2020648,-0.088083476,0.1460993,0.14590311,-0.00019618869,0.0,-0.00019618869,1.0,0.1213554,0.0,0.0
1.2598251,0.000997331,4.6958013,-0.9682087,0.31142464,0.93611544,0.97110856,0.9712831,0.0001745224,0.0,0.0001745224,1.0,1.8817675,0.0,0.0
1.0653079,0.000997331,1.619913,0.831131,-0.4600414,-0.9169169,-0.8323552,-0.8323355,1.9729137e-05,0.0,1.9729137e-05,1.0,2.076285,0.0,0.0
0.9542299,0.000997331,1.816763,0.5923325,0.42032254,-0.9903592,-0.5904431,-0.59075433,-0.00031125546,0.0,-0.00031125546,1.0,0.9542299,0.0,0.0
0.37763754,0.000997331,3.0866787,-0.34792712,0.8766649,-0.389763,0.34602237,0.34614164,0.000119268894,0.0,0.000119268894,1.0,2.763955,0.0,0.0
0.22667344,0.000997331,0.94980246,0.313423,1.3598093,-0.052412305,-0.31414706,-0.31426603,-0.00011897087,0.0,-0.00011897087,1.0,0.22667344,0.0,0.0
0.20760961,0.000997331,2.3833284,-0.008030662,-0.03779741,-0.2915594,0.00742333,0.0071177594,-0.00030557066,0.0,-0.00030557066,1.0,0.20760961,0.0,0.0
0.63711834,0.000997331,0.3148506,0.7499032,1.0133604,0.38164145,-0.7503313,-0.74956894,0.0007623434,0.0,0.0007623434,1.0,0.63711834,0.0,0.0
0.2183381,0.000997331,0.55069673,0.29807538,-1.3427453,0.07159717,-0.3006724,-0.300842,-0.00016957521,0.0,-0.00016957521,1.0,2.9232545,0.0,0.0
0.60269433,0.000997331,5.23068,-0.21145135,0.3071354,0.7723161,0.2091121,0.20895737,-0.00015471876,0.0,-0.00015471876,1.0,2.5388982,0.0,0.0
0.6296847,0.000997331,5.5007925,0.002374662,-0.0043543167,0.8317678,-0.0010229871,-0.0009980612,2.4925917e-05,0.0,2.4925917e-05,1.0,2.511908,0.0,0.0
1.1253891,0.000997331,3.1182072,-0.88131374,-0.42134193,-0.9235513,0.8817967,0.8821292,0.0003324747,0.0,0.0003324747,1.0,1.1253891,0.0,0.0
0.08981775,0.000997331,5.259221,-0.029901559,-0.33097166,0.12195059,0.029670274,0.029366685,-0.0003035888,0.0,-0.0003035888,1.0,0.08981775,0.0,0.0
0.84506303,0.000997331,4.71605,-0.74504375,-0.6620096,0.7508637,0.743575,0.7437469,0.0001718998,0.0,0.0001718998,1.0,0.84506303,0.0,0.0
1.1981508,0.000997331,4.5665812,-1.0572733,0.41342515,0.78589803,1.0592892,1.0593531,6.389618e-05,0.0,6.389618e-05,1.0,1.943442,0.0,0.0
0.34462273,0.000997331,4.3284907,-0.43992424,-1.2253062,0.18773201,0.44284597,0.4427545,-9.146333e-05,0.0,-9.146333e-05,1.0,0.34462273,0.0,0.0
0.9840361,0.000997331,0.11443276,0.92240477,-0.6132397,0.7321713,-0.9223329,-0.9231626,-0.00082969666,0.0,-0.00082969666,1.0,2.1575565,0.0,0.0
0.10877149,0.000997331,4.6055703,-0.119306296,-1.0942544,0.097304106,0.11897135,0.11886242,-0.00010892749,0.0,-0.00010892749,1.0,0.10877149,0.0,0.0
0.51868683,0.000997331,5.9987698,0.3360411,0.5895673,0.6154847,-0.3247159,-0.32427275,0.00044316053,0.0,0.00044316053,1.0,0.51868683,0.0,0.0
0.13959609,0.000997331,3.9167507,-0.1971899,1.4015203,-0.0012765625,0.19930434,0.1987001,-0.0006042421,0.0,-0.0006042421,1.0,3.0019965,0.0,0.0
1.1279114,0.000997331,6.002437,0.6182208,0.29506117,1.1183238,-0.6226991,-0.6225804,0.00011867285,0.0,0.00011867285,1.0,1.1279114,0.0,0.0
0.017426686,0.000997331,1.1955193,0.022489475,-1.2972834,-0.010110516,-0.021196455,-0.021156736,3.9719045e-05,0.0,3.9719045e-05,1.0,3.124166,0.0,0.0
1.2023607,0.000997331,4.658205,-0.98214006,-0.38020903,0.8804349,0.9816072,0.98161167,4.4703484e-06,0.0,4.4703484e-06,1.0,1.2023607,0.0,0.0
0.93908083,0.000997331,1.9310559,0.4703668,0.34470928,-1.0398294,-0.4680876,-0.4682196,-0.00013199449,0.0,-0.00013199449,1.0,0.93908083,0.0,0.0
1.4385825,0.000997331,5.375815,-0.17072079,-0.022460226,1.392709,0.17348509,0.17332576,-0.00015932322,0.0,-0.00015932322,1.0,1.4385825,0.0,0.0
0.94575495,0.000997331,2.1778812,0.2033481,-0.14710973,-1.1289889,-0.20280057,-0.2026324,0.0001681745,0.0,0.0001681745,1.0,2.1958377,0.0,0.0
0.7248193,0.000997331,2.1819735,0.16242112,-0.18348175,-0.92317885,-0.16014825,-0.16027507,-0.00012682378,0.0,-0.00012682378,1.0,2.4167733,0.0,0.0
0.59128,0.000997331,1.8354495,0.39190146,0.5838763,-0.68384933,-0.3918239,-0.3918739,-5.0008297e-05,0.0,-5.0008297e-05,1.0,0.59128,0.0,0.0
1.1797173,0.000997331,3.672109,-1.2653267,-0.5207695,-0.32915783,1.2649527,1.2651968,0.00024414062,0.0,0.00024414062,1.0,1.1797173,0.0,0.0
0.3932163,0.000997331,4.8656564,-0.31990886,0.77151716,0.43725145,0.31587476,0.3157016,-0.0001731515,0.0,-0.0001731515,1.0,2.7483764,0.0,0.0
1.2253234,0.000997331,4.9073434,-0.7412205,0.2673985,1.1061405,0.7438211,0.74378407,-3.7014484e-05,0.0,-3.7014484e-05,1.0,1.9162692,0.0,0.0
1.0994527,0.000997331,4.830356,-0.7799791,-0.39867735,0.98912036,0.78040105,0.7803832,-1.7821789e-05,0.0,-1.7821789e-05,1.0,1.0994527,0.0,0.0
0.5497222,0.000997331,0.2894951,0.64987946,1.060741,0.35176113,-0.6494465,-0.648805,0.0006414652,0.0,0.0006414652,1.0,0.5497222,0.0,0.0
0.7718416,0.000997331,0.08536358,0.7544085,-0.77523434,0.6353731,-0.7558495,-0.7562228,-0.0003733039,0.0,-0.0003733039,1.0,2.369751,0.0,0.0
0.41167644,0.000997331,4.978862,-0.28039798,0.6423058,0.49100038,0.27650577,0.2761318,-0.00037395954,0.0,-0.00037395954,1.0,2.7299163,0.0,0.0
1.0089539,0.000997331,4.789486,-0.7788441,0.49133593,0.90958685,0.7799057,0.7799678,6.210804e-05,0.0,6.210804e-05,1.0,2.1326387,0.0,0.0
0.822211,0.000997331,5.8725085,0.3790445,0.35443982,0.9631261,-0.3782205,-0.37808546,0.00013503432,0.0,0.00013503432,1.0,0.822211,0.0,0.0
1.4201224,0.000997331,6.059488,0.7454946,0.11335431,1.183555,-0.7517815,-0.7523153,-0.0005337596,0.0,-0.0005337596,1.0,1.4201224,0.0,0.0
0.7170122,0.000997331,5.566126,0.0635318,0.07336408,0.92571187,-0.06572802,-0.06594406,-0.00021603703,0.0,-0.00021603703,1.0,0.7170122,0.0,0.0
0.20094863,0.000997331,6.1709332,0.17628841,0.86246824,0.22176999,-0.19295079,-0.19319305,-0.00024226308,0.0,-0.00024226308,1.0,0.20094863,0.0,0.0
1.5083177,0.000997331,1.2546653,1.2588952,-0.07869615,-0.63810873,-1.2578018,-1.2579721,-0.00017035007,0.0,-0.00017035007,1.0,1.6332749,0.0,0.0
0.17857392,0.000997331,3.697872,-0.24519941,1.3562293,-0.05694292,0.24871536,0.24803102,-0.0006843358,0.0,-0.0006843358,1.0,2.9630187,0.0,0.0
1.4091958,0.000997331,3.922402,-1.3956199,-0.22711655,-0.006377762,1.3924923,1.3925254,3.3140182e-05,0.0,3.3140182e-05,1.0,1.4091958,0.0,0.0
1.4694043,0.000997331,5.226135,-0.3778247,-0.038242597,1.3562217,0.3803607,0.38025513,-0.000105559826,0.0,-0.000105559826,1.0,1.4694043,0.0,0.0
0.64277977,0.000997331,5.495244,-0.0020048898,-0.0025439728,0.8460132,-0.0007253103,-0.0010302672,-0.00030495692,0.0,-0.00030495692,1.0,0.64277977,0.0,0.0
0.32406148,0.000997331,6.2223673,0.29865113,0.88650715,0.3397253,-0.3058688,-0.3057417,0.0001271069,0.0,0.0001271069,1.0,0.32406148,0.0,0.0
0.8196114,0.000997331,2.557273,-0.20645756,0.19374135,-1.0125132,0.2061264,0.20595223,-0.00017417967,0.0,-0.00017417967,1.0,2.3219812,0.0,0.0
0.49855596,0.000997331,0.20194174,0.5643125,-1.0367975,0.37272787,-0.5644944,-0.5643975,9.685755e-05,0.0,9.685755e-05,1.0,2.6430366,0.0,0.0
1.5656883,0.000997331,2.5394213,-0.25798914,-0.0017526299,-1.3912637,0.25919276,0.25921762,2.4855137e-05,0.0,2.4855137e-05,1.0,1.5656883,0.0,0.0
0.55589694,0.000997331,4.2982464,-0.6955793,-1.1190317,0.27185577,0.69701374,0.6968422,-0.00017154217,0.0,-0.00017154217,1.0,0.55589694,0.0,0.0
0.16399124,0.000997331,0.96952575,0.22705469,-1.372308,-0.042653263,-0.22753108,-0.2272037,0.0003273785,0.0,0.0003273785,1.0,2.9776015,0.0,0.0
0.98844516,0.000997331,1.2196786,1.0716542,-0.7051461,-0.49674094,-1.072107,-1.0720272,7.9751015e-05,0.0,7.9751015e-05,1.0,2.1531475,0.0,0.0
1.4094933,0.000997331,4.0975738,-1.3754857,-0.22376946,0.23646128,1.3730425,1.3730863,4.386902e-05,0.0,4.386902e-05,1.0,1.4094933,0.0,0.0
1.2735995,0.000997331,1.7224187,0.80099595,-0.24519229,-1.0895073,-0.80312735,-0.80268764,0.00043970346,0.0,0.00043970346,1.0,1.8679932,0.0,0.0
0.9380002,0.000997331,2.2571318,0.11251675,0.082992606,-1.1341987,-0.111491546,-0.1115367,-4.515052e-05,0.0,-4.515052e-05,1.0,0.9380002,0.0,0.0
1.088024,0.000997331,4.9156966,-0.6887341,-0.36219245,1.0458815,0.6899495,0.68999344,4.3928623e-05,0.0,4.3928623e-05,1.0,1.088024,0.0,0.0
1.2897661,0.000997331,5.80849,0.41578394,-0.120765924,1.293938,-0.4177109,-0.41747752,0.00023338199,0.0,0.00023338199,1.0,1.8518265,0.0,0.0
0.96162325,0.000997331,5.480537,-0.019840913,0.013436884,1.1595215,0.017268784,0.017116506,-0.00015227869,0.0,-0.00015227869,1.0,2.1799693,0.0,0.0
1.0039973,0.000997331,1.7574884,0.67210144,0.4283226,-0.9860296,-0.6705218,-0.67088985,-0.00036805868,0.0,-0.00036805868,1.0,1.0039973,0.0,0.0
1.3783053,0.000997331,4.2192526,-1.3291903,-0.25928646,0.39928603,1.3275864,1.3277392,0.00015282631,0.0,0.00015282631,1.0,1.3783053,0.0,0.0
0.92163414,0.000997331,2.6918654,-0.37119594,0.28281993,-1.0635908,0.37147173,0.37150443,3.2693148e-05,0.0,3.2693148e-05,1.0,2.2199585,0.0,0.0
1.2898726,0.000997331,4.6340714,-1.0335376,0.29828143,0.8824136,1.0362868,1.0364656,0.00017881393,0.0,0.00017881393,1.0,1.8517201,0.0,0.0
0.04366974,0.000997331,1.0883152,0.058743425,1.3485992,-0.018364081,-0.058992982,-0.05897454,1.8440187e-05,0.0,1.8440187e-05,1.0,0.04366974,0.0,0.0
0.15530312,0.000997331,4.125453,-0.21470952,1.3707112,0.044105746,0.21482515,0.21465844,-0.00016671419,0.0,-0.00016671419,1.0,2.9862895,0.0,0.0
0.001973466,0.000997331,4.9508605,-0.0012839083,-0.7332605,0.0018272167,-0.0022605974,-0.0015301555,0.0007304419,0.0,0.0007304419,1.0,0.001973466,0.0,0.0
1.5666467,0.000997331,1.093706,1.3475256,-0.005718462,-0.4291271,-1.3467298,-1.346746,-1.6212463e-05,0.0,-1.6212463e-05,1.0,1.574946,0.0,0.0
0.34241912,0.000997331,3.3059194,-0.38625354,-1.0831908,-0.2764991,0.38492686,0.38477147,-0.00015538931,0.0,-0.00015538931,1.0,0.34241912,0.0,0.0
1.0738358,0.000997331,1.1611646,1.1564238,0.62743324,-0.45635203,-1.1576653,-1.157759,-9.36985e-05,0.0,-9.36985e-05,1.0,1.0738358,0.0,0.0
1.5215517,0.000997331,4.2428546,-1.3426496,-0.06664115,0.4377527,1.3415046,1.3414514,-5.3167343e-05,0.0,-5.3167343e-05,1.0,1.5215517,0.0,0.0
0.017937241,0.000997331,0.7523737,0.02517567,1.4136629,0.000524506,-0.022635609,-0.023154683,-0.0005190745,0.0,-0.0005190745,1.0,0.017937241,0.0,0.0
0.8944431,0.000997331,2.281761,0.08175237,0.066044085,-1.0991998,-0.08066593,-0.08085417,-0.00018823892,0.0,-0.00018823892,1.0,0.8944431,0.0,0.0
0.36700743,0.000997331,0.20632301,0.42474774,1.1046212,0.27755204,-0.4231512,-0.42384017,-0.0006889701,0.0,-0.0006889701,1.0,0.36700743,0.0,0.0
0.9497043,0.000997331,3.0837908,-0.76498425,0.54789233,-0.85871935,0.76443166,0.76410496,-0.00032669306,0.0,-0.00032669306,1.0,2.1918883,0.0,0.0
0.99553853,0.000997331,5.709828,0.24991071,0.16283226,1.1601737,-0.25246388,-0.25226772,0.00019615889,0.0,0.00019615889,1.0,0.99553853,0.0,0.0
0.47844934,0.000997331,6.269443,0.45401764,0.87332326,0.47014207,-0.451792,-0.45129076,0.00050124526,0.0,0.00050124526,1.0,0.47844934,0.0,0.0
0.80449426,0.000997331,5.8517175,0.35293978,-0.34077775,0.9554223,-0.34878063,-0.34907782,-0.00029718876,0.0,-0.00029718876,1.0,2.3370984,0.0,0.0
0.947272,0.000997331,3.1737618,-0.8375869,0.60260606,-0.78525364,0.8366011,0.83617634,-0.0004247427,0.0,-0.0004247427,1.0,2.1943207,0.0,0.0
0.8249347,0.000997331,0.2763727,0.9071096,0.8380798,0.50627387,-0.9076574,-0.90759325,6.41346e-05,0.0,6.41346e-05,1.0,0.8249347,0.0,0.0
0.35597587,0.000997331,1.5680114,0.34915933,0.9398311,-0.34738255,-0.3473587,-0.3479489,-0.0005902052,0.0,-0.0005902052,1.0,0.35597587,0.0,0.0
1.3210034,0.000997331,2.7349737,-0.5071797,0.1295819,-1.2732984,0.5101478,0.51061547,0.00046765804,0.0,0.00046765804,1.0,1.8205892,0.0,0.0
1.0528207,0.000997331,0.6171239,1.2113497,0.69022316,0.20575109,-1.2103109,-1.2105324,-0.00022149086,0.0,-0.00022149086,1.0,1.0528207,0.0,0.0
0.086877525,0.000997331,4.4656215,-0.10529532,1.2093304,0.06330574,0.10283543,0.102999166,0.00016373396,0.0,0.00016373396,1.0,3.0547152,0.0,0.0
1.3339387,0.000997331,0.10305596,1.0670218,0.25751573,0.86676574,-1.0675783,-1.0684414,-0.00086307526,0.0,-0.00086307526,1.0,1.3339387,0.0,0.0
0.7829421,0.000997331,2.5108433,-0.15365338,0.15525058,-0.9852408,0.15340152,0.15317464,-0.00022688508,0.0,-0.00022688508,1.0,2.3586504,0.0,0.0
0.88416076,0.000997331,4.691065,-0.7895035,-0.64805865,0.7567477,0.78793705,0.7880405,0.00010347366,0.0,0.00010347366,1.0,0.88416076,0.0,0.0
0.94355595,0.000997331,4.9773917,-0.56937265,0.4139105,0.9941934,0.56914055,0.569062,-7.855892e-05,0.0,-7.855892e-05,1.0,2.1980367,0.0,0.0
0.6279777,0.000997331,4.705621,-0.5911323,-0.81502616,0.5844208,0.58989835,0.58996814,6.979704e-05,0.0,6.979704e-05,1.0,0.6279777,0.0,0.0
0.3916406,0.000997331,3.8690922,-0.5392333,-1.3056266,-0.031442907,0.5407835,0.54098845,0.00020492077,0.0,0.00020492077,1.0,0.3916406,0.0,0.0
0.21841337,0.000997331,2.6197982,-0.07958165,0.3593008,-0.2960003,0.077306174,0.07733227,2.6099384e-05,0.0,2.6099384e-05,1.0,2.9231794,0.0,0.0
0.20642845,0.000997331,3.334855,-0.24062517,-1.1483064,-0.16164108,0.23968114,0.23965162,-2.95192e-05,0.0,-2.95192e-05,1.0,0.20642845,0.0,0.0
1.0829892,0.000997331,5.9343615,0.52833116,-0.2817406,1.1315863,-0.52732515,-0.5274531,-0.00012797117,0.0,-0.00012797117,1.0,2.0586033,0.0,0.0
1.0846183,0.000997331,2.893029,-0.6395671,-0.33875418,-1.0747728,0.6384898,0.6386148,0.00012499094,0.0,0.00012499094,1.0,1.0846183,0.0,0.0
1.2274321,0.000997331,5.130031,-0.4789404,0.17195508,1.2438202,0.47977936,0.47940618,-0.00037318468,0.0,-0.00037318468,1.0,1.9141605,0.0,0.0
1.3996724,0.000997331,1.4706354,1.0789936,0.18675905,-0.8820087,-1.0788727,-1.0788994,-2.670288e-05,0.0,-2.670288e-05,1.0,1.3996724,0.0,0.0
1.2718974,0.000997331,4.210835,-1.2973728,-0.39977974,0.378206,1.295668,1.2959458,0.00027775764,0.0,0.00027775764,1.0,1.2718974,0.0,0.0
1.5503904,0.000997331,3.5827787,-1.3309405,-0.026830086,-0.4762701,1.3292191,1.3293247,0.00010561943,0.0,0.00010561943,1.0,1.5503904,0.0,0.0
0.68057966,0.000997331,0.25771514,0.76882935,-0.94969606,0.44794863,-0.7688001,-0.7681259,0.00067418814,0.0,0.00067418814,1.0,2.461013,0.0,0.0
0.70139486,0.000997331,0.8938131,0.90720415,1.0740254,-0.09918179,-0.9071672,-0.9077163,-0.000549078,0.0,-0.000549078,1.0,0.70139486,0.0,0.0
0.6698043,0.000997331,4.68607,-0.6366464,-0.80465066,0.60506546,0.6353552,0.63545775,0.000102579594,0.0,0.000102579594,1.0,0.6698043,0.0,0.0
1.4896097,0.000997331,4.5083737,-1.1782484,-0.09668794,0.77320987,1.1792479,1.1795464,0.00029850006,0.0,0.00029850006,1.0,1.4896097,0.0,0.0
0.40795687,0.000997331,3.4243908,-0.49213716,1.1372702,-0.2714552,0.49373257,0.49430692,0.00057435036,0.0,0.00057435036,1.0,2.7336357,0.0,0.0
0.3644794,0.000997331,5.066677,-0.21000707,-0.55179787,0.45772296,0.20343775,0.20366938,0.00023163855,0.0,0.00023163855,1.0,0.3644794,0.0,0.0
1.317945,0.000997331,0.65088624,1.3568902,0.35071352,0.18370146,-1.3565135,-1.3563225,0.00019097328,0.0,0.00019097328,1.0,1.317945,0.0,0.0
0.8439327,0.000997331,4.4050922,-0.9386693,0.83470404,0.4869649,0.9397078,0.9395266,-0.00018119812,0.0,-0.00018119812,1.0,2.2976599,0.0,0.0
0.31838426,0.000997331,6.148387,0.26811302,0.81080323,0.3550074,-0.26827237,-0.26806086,0.00021150708,0.0,0.00021150708,1.0,0.31838426,0.0,0.0
1.4150324,0.000997331,0.5402899,1.3553594,0.2130283,0.3390056,-1.354856,-1.3547137,0.00014233589,0.0,0.00014233589,1.0,1.4150324,0.0,0.0
0.053706214,0.000997331,1.3563151,0.0637532,-1.1885414,-0.041086424,-0.062374067,-0.061795857,0.00057820976,0.0,0.00057820976,1.0,3.0878863,0.0,0.0
0.4305043,0.000997331,1.7216382,0.34959003,0.7617603,-0.4750729,-0.3494119,-0.34953955,-0.00012764335,0.0,-0.00012764335,1.0,0.4305043,0.0,0.0
1.385056,0.000997331,0.8696984,1.3849874,0.26020703,-0.11698626,-1.3855495,-1.3852153,0.00033426285,0.0,0.00033426285,1.0,1.385056,0.0,0.0
1.1117896,0.000997331,5.9964523,0.60673165,0.30175012,1.1132438,-0.6109645,-0.6108222,0.00014227629,0.0,0.00014227629,1.0,1.1117896,0.0,0.0
1.1287187,0.000997331,3.6407704,-1.2263043,0.5795672,-0.36118993,1.2242745,1.2247286,0.00045406818,0.0,0.00045406818,1.0,2.012874,0.0,0.0
0.048122764,0.000997331,2.7215946,-0.024521131,-0.50465906,-0.06390341,0.025195941,0.02514182,-5.4121017e-05,0.0,-5.4121017e-05,1.0,0.048122764,0.0,0.0
0.05061532,0.000997331,5.3095016,-0.013508076,0.26501095,0.070978865,0.01907584,0.019414537,0.00033869594,0.0,0.00033869594,1.0,3.0909774,0.0,0.0
0.5951635,0.000997331,0.31174204,0.7056185,1.0422785,0.36188978,-0.7057612,-0.70499057,0.00077062845,0.0,0.00077062845,1.0,0.5951635,0.0,0.0
0.25076297,0.000997331,4.7424545,-0.24039182,0.9386116,0.25568342,0.23708004,0.23726292,0.00018288195,0.0,0.00018288195,1.0,2.8908298,0.0,0.0
0.765836,0.000997331,2.5687613,-0.20688938,-0.21488887,-0.9575279,0.2061216,0.20595554,-0.00016605854,0.0,-0.00016605854,1.0,0.765836,0.0,0.0
0.45522282,0.000997331,0.20958988,0.5214758,-1.0655754,0.33885795,-0.5213865,-0.5213101,7.6413155e-05,0.0,7.6413155e-05,1.0,2.68637,0.0,0.0
0.8628064,0.000997331,1.5573086,0.769637,0.65933204,-0.74988765,-0.7697054,-0.7701595,-0.00045406818,0.0,-0.00045406818,1.0,0.8628064,0.0,0.0
1.0996953,0.000997331,6.129281,0.7439933,-0.38030493,1.0170531,-0.73971474,-0.74017906,-0.00046432018,0.0,-0.00046432018,1.0,2.0418973,0.0,0.0
1.2412896,0.000997331,0.112804055,1.0467302,-0.35802937,0.833861,-1.0461829,-1.0468006,-0.00061774254,0.0,-0.00061774254,1.0,1.9003031,0.0,0.0
1.5099854,0.000997331,1.7146568,0.84480983,0.05214139,-1.1308575,-0.8455695,-0.84545535,0.000114142895,0.0,0.000114142895,1.0,1.5099854,0.0,0.0
0.4057051,0.000997331,1.2881198,0.48921016,-1.1393341,-0.26946044,-0.49027216,-0.4903079,-3.5732985e-05,0.0,-3.5732985e-05,1.0,2.7358875,0.0,0.0
0.5825657,0.000997331,0.034859475,0.5690198,0.8635719,0.53061604,-0.56770575,-0.5681647,-0.00045895576,0.0,-0.00045895576,1.0,0.5825657,0.0,0.0
1.434838,0.000997331,5.517057,0.027156591,-0.0032172408,1.4021411,-0.027538622,-0.02743332,0.00010530092,0.0,0.00010530092,1.0,1.7067547,0.0,0.0
0.33779123,0.000997331,1.7469505,0.26810524,-0.76346123,-0.38434148,-0.26609462,-0.2662797,-0.00018507242,0.0,-0.00018507242,1.0,2.8038015,0.0,0.0
1.2704281,0.000997331,5.443479,-0.073174104,0.02313881,1.3498763,0.07144241,0.071385995,-5.6415796e-05,0.0,-5.6415796e-05,1.0,1.8711647,0.0,0.0
0.82096285,0.000997331,3.3725107,-0.8800293,0.81880844,-0.54557496,0.87936234,0.8789309,-0.00043141842,0.0,-0.00043141842,1.0,2.3206298,0.0,0.0
1.1725252,0.000997331,3.056783,-0.8405878,-0.35434103,-0.99675626,0.8412677,0.8414908,0.00022310019,0.0,0.00022310019,1.0,1.1725252,0.0,0.0
0.9294834,0.000997331,1.0397407,1.0969318,-0.81839585,-0.28483844,-1.0974269,-1.0970812,0.00034570694,0.0,0.00034570694,1.0,2.2121093,0.0,0.0
1.4948844,0.000997331,5.0928736,-0.55588514,0.042576008,1.2970082,0.5575644,0.5575786,1.424551e-05,0.0,1.424551e-05,1.0,1.6467084,0.0,0.0
0.40978065,0.000997331,4.384072,-0.5056696,-1.16384,0.249877,0.50803435,0.50785685,-0.00017750263,0.0,-0.00017750263,1.0,0.40978065,0.0,0.0
0.46028847,0.000997331,5.30716,-0.11905639,0.23939073,0.61554825,0.119268626,0.11890889,-0.00035973638,0.0,-0.00035973638,1.0,2.6813042,0.0,0.0
1.1043097,0.000997331,2.366277,-0.012890296,0.0066172667,-1.263782,0.01329239,0.013459556,0.00016716588,0.0,0.00016716588,1.0,2.037283,0.0,0.0
0.111095846,0.000997331,4.943481,-0.08253792,0.73853636,0.13276741,0.08192907,0.081792295,-0.00013677776,0.0,-0.00013677776,1.0,3.0304968,0.0,0.0
0.1863981,0.000997331,5.8204875,0.083656475,-0.43712264,0.25181398,-0.07841108,-0.07828358,0.00012750179,0.0,0.00012750179,1.0,2.9551945,0.0,0.0
0.87886417,0.000997331,4.855928,-0.6519983,0.5414831,0.87298536,0.65126795,0.65134704,7.909536e-05,0.0,7.909536e-05,1.0,2.2627285,0.0,0.0
0.0035812894,0.000997331,4.730915,-0.0035515185,0.9801918,0.0031785737,0.0028722584,0.0024039191,-0.0004683393,0.0,-0.0004683393,1.0,3.1380115,0.0,0.0
1.0874168,0.000997331,3.926192,-1.2522924,-0.65627414,-0.0005129054,1.2521856,1.2525573,0.00037169456,0.0,0.00037169456,1.0,1.0874168,0.0,0.0
0.953166,0.000997331,2.1367493,0.25065744,0.17860231,-1.124906,-0.24886712,-0.2487947,7.241964e-05,0.0,7.241964e-05,1.0,0.953166,0.0,0.0
0.9195761,0.000997331,4.113327,-1.1057848,0.84162956,0.20835,1.1074321,1.107406,-2.6106834e-05,0.0,-2.6106834e-05,1.0,2.2220166,0.0,0.0
1.1477598,0.000997331,2.087321,0.34232137,0.15489338,-1.2430314,-0.34149864,-0.34105843,0.0004402101,0.0,0.0004402101,1.0,1.1477598,0.0,0.0
0.45891857,0.000997331,2.4059608,-0.031349413,-0.063263685,-0.62550235,0.03184642,0.031751826,-9.459257e-05,0.0,-9.459257e-05,1.0,0.45891857,0.0,0.0
0.59002525,0.000997331,4.243919,-0.7481083,1.117022,0.24626815,0.7501195,0.7498778,-0.00024169683,0.0,-0.00024169683,1.0,2.5515673,0.0,0.0
0.827912,0.000997331,0.11915808,0.8188933,0.75221086,0.643893,-0.8187125,-0.8192401,-0.0005276203,0.0,-0.0005276203,1.0,0.827912,0.0,0.0
0.7174232,0.000997331,0.6726232,0.92392576,1.0586326,0.10443698,-0.9246365,-0.9252686,-0.00063210726,0.0,-0.00063210726,1.0,0.7174232,0.0,0.0
1.4350055,0.000997331,2.8330832,-0.64364254,0.08791472,-1.2447293,0.6461724,0.6464864,0.00031399727,0.0,0.00031399727,1.0,1.7065871,0.0,0.0
0.66271216,0.000997331,5.465704,-0.027708707,-0.03565789,0.8681746,0.024674749,0.024407953,-0.00026679598,0.0,-0.00026679598,1.0,0.66271216,0.0,0.0
0.6725607,0.000997331,1.5904574,0.61070454,-0.76717305,-0.6357986,-0.6110635,-0.6108642,0.00019925833,0.0,0.00019925833,1.0,2.469032,0.0,0.0
1.4908023,0.000997331,0.806638,1.4094045,0.11297092,-0.029989472,-1.4095137,-1.4094508,6.2942505e-05,0.0,6.2942505e-05,1.0,1.4908023,0.0,0.0
0.7907909,0.000997331,1.800467,0.53040373,-0.52527976,-0.85467625,-0.5294405,-0.52960736,-0.0001668334,0.0,-0.0001668334,1.0,2.3508017,0.0,0.0
1.4646956,0.000997331,1.8128265,0.7272495,-0.07694979,-1.2037039,-0.7294605,-0.7293085,0.00015199184,0.0,0.00015199184,1.0,1.676897,0.0,0.0
1.5497727,0.000997331,3.134671,-0.99319386,-0.02069456,-1.0060474,0.99499965,0.9949592,-4.0471554e-05,0.0,-4.0471554e-05,1.0,1.5497727,0.0,0.0
0.2068036,0.000997331,3.6932335,-0.282615,-1.3471239,-0.06750099,0.28171873,0.28178892,7.018447e-05,0.0,7.018447e-05,1.0,0.2068036,0.0,0.0
0.33285958,0.000997331,1.8281448,0.232739,-0.6731348,-0.39897573,-0.2307639,-0.23104818,-0.00028428435,0.0,-0.00028428435,1.0,2.808733,0.0,0.0
1.3844488,0.000997331,1.6320941,0.9206265,0.17418846,-1.0411379,-0.9205113,-0.9205121,-7.748604e-07,0.0,-7.748604e-07,1.0,1.3844488,0.0,0.0
0.9627913,0.000997331,4.7318325,-0.80455506,-0.56099755,0.83634305,0.8034706,0.8035226,5.197525e-05,0.0,5.197525e-05,1.0,0.9627913,0.0,0.0
1.2952704,0.000997331,0.77017975,1.3607383,0.38477215,0.020829823,-1.360928,-1.3606712,0.00025689602,0.0,0.00025689602,1.0,1.2952704,0.0,0.0
0.5052289,0.000997331,2.2104266,0.09939953,-0.17919365,-0.67657834,-0.09787994,-0.09766819,0.0002117455,0.0,0.0002117455,1.0,2.6363637,0.0,0.0
0.7476361,0.000997331,3.6195328,-0.9168667,0.9874395,-0.29178894,0.91786957,0.9175965,-0.00027304888,0.0,-0.00027304888,1.0,2.3939567,0.0,0.0
0.064416096,0.000997331,0.5088759,0.08768184,-1.3579879,0.025219366,-0.08964657,-0.090032645,-0.00038607419,0.0,-0.00038607419,1.0,3.0771766,0.0,0.0
0.9021122,0.000997331,3.5596216,-1.0358272,0.8172602,-0.39920288,1.0350972,1.0349286,-0.00016868114,0.0,-0.00016868114,1.0,2.2394805,0.0,0.0
1.4340869,0.000997331,3.9851677,-1.3985529,0.19174877,0.08090286,1.3957434,1.3955514,-0.00019192696,0.0,-0.00019192696,1.0,1.7075057,0.0,0.0
1.2067393,0.000997331,1.7764187,0.72420233,-0.27603763,-1.1056535,-0.7264502,-0.72599006,0.00046014786,0.0,0.00046014786,1.0,1.9348533,0.0,0.0
1.3454005,0.000997331,3.971333,-1.3769647,-0.31521955,0.06109587,1.3742671,1.3744113,0.00014424324,0.0,0.00014424324,1.0,1.3454005,0.0,0.0
0.48647028,0.000997331,3.0697346,-0.4327387,-0.8178294,-0.4999111,0.43075472,0.43055764,-0.00019708276,0.0,-0.00019708276,1.0,0.48647028,0.0,0.0
1.2493777,0.000997331,2.0442553,0.4116312,0.13790864,-1.277019,-0.4113248,-0.41099635,0.0003284514,0.0,0.0003284514,1.0,1.2493777,0.0,0.0
0.34620422,0.000997331,3.1022942,-0.32580796,-0.9024116,-0.35231394,0.32482108,0.3245908,-0.00023028255,0.0,-0.00023028255,1.0,0.34620422,0.0,0.0
1.3208462,0.000997331,3.4221733,-1.199364,0.3063494,-0.6620916,1.1974846,1.1976495,0.00016486645,0.0,0.00016486645,1.0,1.8207464,0.0,0.0
0.11364243,0.000997331,6.2602143,0.11083061,0.97520727,0.11079973,-0.16191268,-0.16221336,-0.00030067563,0.0,-0.00030067563,1.0,0.11364243,0.0,0.0
0.9071903,0.000997331,1.7863009,0.6011787,-0.47060955,-0.9385315,-0.6012,-0.6012419,-4.1902065e-05,0.0,-4.1902065e-05,1.0,2.2344024,0.0,0.0
0.05106978,0.000997331,3.3664377,-0.0612797,-1.1960064,-0.03791997,0.06118483,0.060918003,-0.00026682764,0.0,-0.00026682764,1.0,0.05106978,0.0,0.0
0.44625014,0.000997331,2.3571675,-0.0007839557,-0.0015317095,-0.61021435,0.0010994673,0.0010233652,-7.610209e-05,0.0,-7.610209e-05,1.0,0.44625014,0.0,0.0
0.3755636,0.000997331,5.851858,0.17990915,-0.45374107,0.4890503,-0.17117718,-0.17108944,8.773804e-05,0.0,8.773804e-05,1.0,2.7660291,0.0,0.0
0.87251145,0.000997331,0.8545338,1.0806252,0.90703225,-0.07498003,-1.0799344,-1.080668,-0.00073361397,0.0,-0.00073361397,1.0,0.87251145,0.0,0.0
1.0309707,0.000997331,5.565767,0.08259792,-0.050005898,1.2101754,-0.08537861,-0.08533546,4.3146312e-05,0.0,4.3146312e-05,1.0,2.110622,0.0,0.0
1.0440533,0.000997331,4.0973673,-1.2048658,-0.6999638,0.20788117,1.2042515,1.204627,0.00037550926,0.0,0.00037550926,1.0,1.0440533,0.0,0.0
1.1479573,0.000997331,3.8902204,-1.2888495,-0.57890034,-0.046983927,1.2881341,1.2884778,0.00034368038,0.0,0.00034368038,1.0,1.1479573,0.0,0.0
0.41546232,0.000997331,2.307197,0.027771186,0.06299458,-0.5700313,-0.02782755,-0.027860565,-3.3015385e-05,0.0,-3.3015385e-05,1.0,0.41546232,0.0,0.0
0.11072923,0.000997331,0.021170406,0.11274117,-1.0140849,0.10811335,-0.11128186,-0.11099693,0.0002849251,0.0,0.0002849251,1.0,3.0308635,0.0,0.0
0.13713859,0.000997331,0.7997752,0.19344121,-1.4012239,-0.0031102858,-0.19515236,-0.19454311,0.0006092489,0.0,0.0006092489,1.0,3.0044541,0.0,0.0
1.0018313,0.000997331,1.42118,0.9585347,0.6133947,-0.70797503,-0.95928943,-0.9597485,-0.00045907497,0.0,-0.00045907497,1.0,1.0018313,0.0,0.0
0.103096455,0.000997331,4.7395997,-0.09976105,-0.96642625,0.10634982,0.09722777,0.09721063,-1.7136335e-05,0.0,-1.7136335e-05,1.0,0.103096455,0.0,0.0
0.5643347,0.000997331,4.373111,-0.68241113,-1.0775717,0.3275577,0.68338394,0.6831914,-0.000192523,0.0,-0.000192523,1.0,0.5643347,0.0,0.0
0.14918873,0.000997331,1.6310812,0.13932703,-0.9273048,-0.15702873,-0.13710496,-0.1374159,-0.00031094253,0.0,-0.00031094253,1.0,2.992404,0.0,0.0
0.25577557,0.000997331,5.1911855,-0.10753112,-0.41160312,0.3397946,0.101568855,0.10195054,0.0003816858,0.0,0.0003816858,1.0,0.25577557,0.0,0.0
1.3588009,0.000997331,4.2338653,-1.3179274,-0.2838924,0.41703182,1.3163912,1.3165772,0.00018596649,0.0,0.00018596649,1.0,1.3588009,0.0,0.0
0.16618463,0.000997331,1.2254409,0.21162808,-1.2625897,-0.10006854,-0.21055233,-0.21136111,-0.0008087754,0.0,-0.0008087754,1.0,2.975408,0.0,0.0
1.1755221,0.000997331,1.4667178,1.0137188,0.42327395,-0.82247305,-1.0139574,-1.0143201,-0.00036275387,0.0,-0.00036275387,1.0,1.1755221,0.0,0.0
0.13181345,0.000997331,5.4577904,-0.007515827,0.057525888,0.18665938,0.014645793,0.014714837,6.904453e-05,0.0,6.904453e-05,1.0,3.0097792,0.0,0.0
0.85992354,0.000997331,0.89519346,1.065366,-0.9169698,-0.117030315,-1.0656601,-1.0653033,0.0003567934,0.0,0.0003567934,1.0,2.2816691,0.0,0.0
0.41166475,0.000997331,1.7960533,0.30055305,-0.68854463,-0.47948524,-0.2986279,-0.29866338,-3.5464764e-05,0.0,-3.5464764e-05,1.0,2.729928,0.0,0.0
1.3682904,0.000997331,5.7750306,0.37958786,-0.07837352,1.3330915,-0.38140768,-0.38120222,0.00020545721,0.0,0.00020545721,1.0,1.7733022,0.0,0.0
0.12658426,0.000997331,3.938568,-0.17891797,1.4039643,0.0028398456,0.1807628,0.18019766,-0.00056514144,0.0,-0.00056514144,1.0,3.0150084,0.0,0.0
0.78077424,0.000997331,2.9792624,-0.5807792,0.58699006,-0.8086382,0.5792529,0.5790891,-0.00016379356,0.0,-0.00016379356,1.0,2.3608184,0.0,0.0
0.71849966,0.000997331,1.0278597,0.9039142,-1.0332811,-0.22314419,-0.905217,-0.9055393,-0.0003222823,0.0,-0.0003222823,1.0,2.423093,0.0,0.0
0.821479,0.000997331,3.392675,-0.8913187,-0.82924867,-0.52805597,0.8917158,0.89144516,-0.0002706647,0.0,-0.0002706647,1.0,0.821479,0.0,0.0
0.5625202,0.000997331,0.01500485,0.54121995,-0.85899353,0.5254079,-0.54192245,-0.54000604,0.0019164085,0.0,0.0019164085,1.0,2.5790725,0.0,0.0
1.1616781,0.000997331,0.02795718,0.9428551,0.40890872,0.8914638,-0.9435939,-0.94292295,0.0006709695,0.0,0.0006709695,1.0,1.1616781,0.0,0.0
1.5357231,0.000997331,2.342597,0.019067079,0.0006053485,-1.4140222,-0.01922657,-0.019476775,-0.0002502054,0.0,-0.0002502054,1.0,1.5357231,0.0,0.0
0.71321505,0.000997331,4.2394323,-0.8806022,-1.0172014,0.2855004,0.88082767,0.88087845,5.0783157e-05,0.0,5.0783157e-05,1.0,0.71321505,0.0,0.0
1.4750056,0.000997331,5.5653043,0.09517564,-0.008743018,1.4058385,-0.09530999,-0.09518937,0.00012061745,0.0,0.00012061745,1.0,1.666587,0.0,0.0
1.0525546,0.000997331,2.395826,-0.048835866,0.02808886,-1.2280965,0.049401198,0.049580056,0.00017885864,0.0,0.00017885864,1.0,2.0890381,0.0,0.0
1.2444751,0.000997331,1.2210974,1.2144642,0.41102403,-0.56553656,-1.2155486,-1.2155007,4.7922134e-05,0.0,4.7922134e-05,1.0,1.2444751,0.0,0.0
1.3271238,0.000997331,1.4499665,1.0804863,-0.2682748,-0.8459792,-1.0804583,-1.0804737,-1.5377998e-05,0.0,-1.5377998e-05,1.0,1.8144689,0.0,0.0
0.9418387,0.000997331,3.4811692,-1.0320921,-0.7505492,-0.49350673,1.0333261,1.0332055,-0.0001206398,0.0,-0.0001206398,1.0,0.9418387,0.0,0.0
0.57771826,0.000997331,1.774213,0.42422727,0.65103453,-0.645195,-0.42425758,-0.42430675,-4.9173832e-05,0.0,-4.9173832e-05,1.0,0.57771826,0.0,0.0
0.66766405,0.000997331,3.156951,-0.6285899,-0.7973727,-0.61008334,0.6262367,0.6261146,-0.00012207031,0.0,-0.00012207031,1.0,0.66766405,0.0,0.0
1.330868,0.000997331,2.991908,-0.81601024,0.20001757,-1.1046519,0.8174146,0.81766325,0.00024867058,0.0,0.00024867058,1.0,1.8107246,0.0,0.0
0.6612916,0.000997331,1.5891728,0.60247004,0.77478695,-0.62554455,-0.602422,-0.6025554,-0.0001333952,0.0,-0.0001333952,1.0,0.6612916,0.0,0.0
1.392323,0.000997331,2.0409648,0.43162814,-0.07766702,-1.3238256,-0.43408975,-0.43438646,-0.00029671192,0.0,-0.00029671192,1.0,1.7492696,0.0,0.0
1.3081065,0.000997331,0.3184439,1.21957,-0.32798752,0.6149783,-1.2204425,-1.2197707,0.00067186356,0.0,0.00067186356,1.0,1.8334861,0.0,0.0
1.1098635,0.000997331,5.468146,-0.037509635,-0.019164138,1.2670516,0.038755395,0.038816787,6.1392784e-05,0.0,6.1392784e-05,1.0,1.1098635,0.0,0.0
1.2643573,0.000997331,5.2971067,-0.26877284,0.085698545,1.3224577,0.26809394,0.2677729,-0.00032103062,0.0,-0.00032103062,1.0,1.8772354,0.0,0.0
0.049006514,0.000997331,5.2133512,-0.01939112,-0.39430234,0.0653817,0.019390658,0.018997777,-0.0003928803,0.0,-0.0003928803,1.0,0.049006514,0.0,0.0
0.14349444,0.000997331,3.383691,-0.17322746,-1.1979833,-0.10429105,0.17244254,0.17231081,-0.00013172626,0.0,-0.00013172626,1.0,0.14349444,0.0,0.0
1.0747646,0.000997331,2.2688878,0.10836784,-0.058775693,-1.2397147,-0.10855393,-0.108364746,0.00018918514,0.0,0.00018918514,1.0,2.066828,0.0,0.0
0.541315,0.000997331,2.2032316,0.11077521,0.18422148,-0.7199906,-0.11019925,-0.110319495,-0.00012024492,0.0,-0.00012024492,1.0,0.541315,0.0,0.0
1.1094395,0.000997331,4.9202213,-0.69154006,-0.3449516,1.0605241,0.6928881,0.69290936,2.1278858e-05,0.0,2.1278858e-05,1.0,1.1094395,0.0,0.0
0.36543635,0.000997331,6.21314,0.33152536,0.86395943,0.38446534,-0.33348507,-0.33318868,0.0002963841,0.0,0.0002963841,1.0,0.36543635,0.0,0.0
1.0702908,0.000997331,5.2910743,-0.25472903,-0.14037326,1.2148466,0.25710166,0.25724065,0.00013899803,0.0,0.00013899803,1.0,1.0702908,0.0,0.0
1.0055089,0.000997331,1.0479895,1.1532834,0.7318307,-0.31003726,-1.1538732,-1.1540583,-0.00018513203,0.0,-0.00018513203,1.0,1.0055089,0.0,0.0
1.2710217,0.000997331,4.169757,-1.311704,0.40452993,0.32396722,1.3108692,1.3107116,-0.00015759468,0.0,-0.00015759468,1.0,1.870571,0.0,0.0
0.6350679,0.000997331,5.0034556,-0.3977852,0.5405812,0.73851824,0.39403856,0.39397648,-6.207824e-05,0.0,-6.207824e-05,1.0,2.5065248,0.0,0.0
1.1789454,0.000997331,1.4037367,1.0651737,-0.43976355,-0.7573092,-1.0652624,-1.0654061,-0.0001436472,0.0,-0.0001436472,1.0,1.9626472,0.0,0.0
1.1322689,0.000997331,6.2750635,0.8982202,0.4231991,0.91152066,-0.89951897,-0.8995144,4.5895576e-06,0.0,4.5895576e-06,1.0,1.1322689,0.0,0.0
0.6496606,0.000997331,5.4739666,-0.020457873,0.025906371,0.8541825,0.021044362,0.021052897,8.53464e-06,0.0,8.53464e-06,1.0,2.4919322,0.0,0.0
0.08787129,0.000997331,2.2452953,0.013979463,-0.15552652,-0.12317047,-0.015402272,-0.015472073,-6.9800764e-05,0.0,-6.9800764e-05,1.0,3.0537214,0.0,0.0
0.74105644,0.000997331,4.002687,-0.95254636,1.0398432,0.07226977,0.955242,0.9549284,-0.00031358004,0.0,-0.00031358004,1.0,2.4005363,0.0,0.0
0.023696966,0.000997331,0.78191733,0.03358312,-1.4143934,-0.00027743727,-0.034634378,-0.035098735,-0.00046435744,0.0,-0.00046435744,1.0,3.1178956,0.0,0.0
0.8579723,0.000997331,3.0961297,-0.7213882,0.62402695,-0.790324,0.720483,0.720132,-0.00035101175,0.0,-0.00035101175,1.0,2.2836204,0.0,0.0
0.16849828,0.000997331,6.018848,0.118187286,0.6908157,0.20775712,-0.12094195,-0.120774135,0.00016781688,0.0,0.00016781688,1.0,0.16849828,0.0,0.0
0.15915254,0.000997331,3.0629258,-0.14573118,-0.90612227,-0.17023452,0.14652279,0.1464437,-7.909536e-05,0.0,-7.909536e-05,1.0,0.15915254,0.0,0.0
1.2964938,0.000997331,5.6366305,0.18871255,-0.05312557,1.3488932,-0.1908221,-0.19049715,0.00032494962,0.0,0.00032494962,1.0,1.8450989,0.0,0.0
0.5695032,0.000997331,3.3607404,-0.6438401,1.0045779,-0.4103551,0.64414686,0.6446111,0.00046426058,0.0,0.00046426058,1.0,2.5720894,0.0,0.0
0.90960944,0.000997331,5.709899,0.23508203,0.18395446,1.090723,-0.23743111,-0.23729943,0.00013168156,0.0,0.00013168156,1.0,0.90960944,0.0,0.0
1.4070563,0.000997331,0.78034145,1.3953104,0.23056313,0.007095349,-1.3955811,-1.395391,0.00019013882,0.0,0.00019013882,1.0,1.4070563,0.0,0.0
0.13097699,0.000997331,6.260081,0.12769325,0.97214866,0.1293535,-0.1745277,-0.17490724,-0.00037953258,0.0,-0.00037953258,1.0,0.13097699,0.0,0.0
0.8530813,0.000997331,2.160616,0.20693982,-0.18102622,-1.0451369,-0.2054512,-0.20543444,1.6763806e-05,0.0,1.6763806e-05,1.0,2.2885113,0.0,0.0
0.07088829,0.000997331,3.2888067,-0.08061702,-1.132669,-0.05924426,0.08096476,0.080698535,-0.00026622415,0.0,-0.00026622415,1.0,0.07088829,0.0,0.0
0.9850267,0.000997331,3.623911,-1.1250275,-0.7455946,-0.3517422,1.1266224,1.1266263,3.8146973e-06,0.0,3.8146973e-06,1.0,0.9850267,0.0,0.0
0.04313302,0.000997331,0.15687971,0.04940123,1.1431971,0.0360018,-0.0514375,-0.051564194,-0.0001266934,0.0,-0.0001266934,1.0,0.04313302,0.0,0.0
1.1223978,0.000997331,2.7621531,-0.5033771,-0.24282256,-1.1710377,0.5019653,0.5018605,-0.000104784966,0.0,-0.000104784966,1.0,1.1223978,0.0,0.0
0.6803493,0.000997331,4.5363436,-0.72933733,-0.90136284,0.5101255,0.72831845,0.7282897,-2.8729439e-05,0.0,-2.8729439e-05,1.0,0.6803493,0.0,0.0
0.9998286,0.000997331,2.6465325,-0.34083542,0.21988349,-1.1401496,0.3419411,0.34213763,0.00019654632,0.0,0.00019654632,1.0,2.1417642,0.0,0.0
0.474843,0.000997331,5.852537,0.22445345,-0.43535888,0.60807014,-0.2154643,-0.21555606,-9.176135e-05,0.0,-9.176135e-05,1.0,2.6667497,0.0,0.0
1.1846195,0.000997331,2.2321732,0.16187438,0.066332206,-1.2997481,-0.16223164,-0.1617563,0.00047533214,0.0,0.00047533214,1.0,1.1846195,0.0,0.0
0.76149905,0.000997331,0.82788396,0.9750626,-1.0225447,-0.04093133,-0.9748348,-0.9747928,4.2021275e-05,0.0,4.2021275e-05,1.0,2.3800936,0.0,0.0
0.5460172,0.000997331,0.95585704,0.7239554,-1.1910887,-0.12420807,-0.72523904,-0.72537607,-0.00013703108,0.0,-0.00013703108,1.0,2.5955753,0.0,0.0
0.47271723,0.000997331,1.2855996,0.5651827,-1.1054527,-0.30932277,-0.5667738,-0.56670123,7.253885e-05,0.0,7.253885e-05,1.0,2.6688755,0.0,0.0
0.02479317,0.000997331,4.2266436,-0.03355906,1.3514141,0.010955563,0.03193821,0.03212876,0.0001905486,0.0,0.0001905486,1.0,3.1167996,0.0,0.0
0.2583846,0.000997331,0.66532946,0.35892323,-1.357358,0.04337052,-0.36137313,-0.36086038,0.00051274896,0.0,0.00051274896,1.0,2.883208,0.0,0.0
0.038084704,0.000997331,3.366763,-0.0457538,-1.1969452,-0.028129673,0.045677274,0.045463413,-0.00021386147,0.0,-0.00021386147,1.0,0.038084704,0.0,0.0
1.0757395,0.000997331,0.62559515,1.2285709,0.6632402,0.1980058,-1.227541,-1.2277067,-0.00016570091,0.0,-0.00016570091,1.0,1.0757395,0.0,0.0
0.4683216,0.000997331,0.75265604,0.6381606,-1.261025,0.021254038,-0.63840556,-0.63790643,0.0004991293,0.0,0.0004991293,1.0,2.6732712,0.0,0.0
0.79928666,0.000997331,4.9885325,-0.49412355,0.48171222,0.8856021,0.4919664,0.49199408,2.7686357e-05,0.0,2.7686357e-05,1.0,2.342306,0.0,0.0
1.1127945,0.000997331,5.373611,-0.15695867,0.07771836,1.2594213,0.15486847,0.15453021,-0.00033825636,0.0,-0.00033825636,1.0,2.028798,0.0,0.0
0.81224656,0.000997331,4.55135,-0.8326384,-0.7894171,0.60059804,0.8307072,0.8307278,2.0623207e-05,0.0,2.0623207e-05,1.0,0.81224656,0.0,0.0
0.53576833,0.000997331,1.9175582,0.30649754,-0.51640195,-0.6537098,-0.3041173,-0.30414897,-3.167987e-05,0.0,-3.167987e-05,1.0,2.6058242,0.0,0.0
0.385373,0.000997331,0.3327902,0.47808644,-1.1784511,0.23298067,-0.47835666,-0.4778676,0.0004890561,0.0,0.0004890561,1.0,2.7562196,0.0,0.0
1.4979587,0.000997331,4.058094,-1.3982289,-0.102130964,0.18381438,1.3953996,1.3952689,-0.00013065338,0.0,-0.00013065338,1.0,1.4979587,0.0,0.0
1.3594425,0.000997331,2.1469054,0.28718725,0.062227435,-1.3527482,-0.28786618,-0.2877362,0.00012996793,0.0,0.00012996793,1.0,1.3594425,0.0,0.0
1.5132538,0.000997331,1.5695075,0.99968433,0.05807461,-0.99691516,-0.9998386,-0.9996995,0.00013911724,0.0,0.00013911724,1.0,1.5132538,0.0,0.0
1.2543306,0.000997331,1.3203702,1.1562183,0.37872142,-0.6854495,-1.1569443,-1.1570508,-0.000106573105,0.0,-0.000106573105,1.0,1.2543306,0.0,0.0
0.17608818,0.000997331,4.623112,-0.18986422,-1.0682136,0.16006774,0.18927148,0.18948066,0.0002091825,0.0,0.0002091825,1.0,0.17608818,0.0,0.0
0.5044323,0.000997331,2.5883343,-0.15699732,0.28531253,-0.6646732,0.15446785,0.15444995,-1.7896295e-05,0.0,-1.7896295e-05,1.0,2.6371603,0.0,0.0
0.5798025,0.000997331,4.619756,-0.59615767,0.91107094,0.49605316,0.5943775,0.59442985,5.2332878e-05,0.0,5.2332878e-05,1.0,2.5617902,0.0,0.0
1.0527134,0.000997331,4.768201,-0.81928194,0.4679273,0.91643405,0.8208324,0.8208979,6.5505505e-05,0.0,6.5505505e-05,1.0,2.0888793,0.0,0.0
0.1957734,0.000997331,3.0130239,-0.16799423,0.8462836,-0.21895412,0.16734949,0.16657281,-0.0007766783,0.0,-0.0007766783,1.0,2.9458194,0.0,0.0
0.2827545,0.000997331,0.53887606,0.3826401,1.3173583,0.09623989,-0.3820891,-0.3827001,-0.0006109774,0.0,-0.0006109774,1.0,0.2827545,0.0,0.0
1.3764517,0.000997331,1.5802218,0.9720487,-0.19096163,-0.9900062,-0.97298855,-0.9727154,0.0002731681,0.0,0.0002731681,1.0,1.7651409,0.0,0.0
0.97844344,0.000997331,0.76660484,1.173072,0.7894008,0.022030946,-1.1721969,-1.1727781,-0.0005812645,0.0,-0.0005812645,1.0,0.97844344,0.0,0.0
0.37362802,0.000997331,5.796149,0.15114766,0.38652292,0.49259764,-0.14166978,-0.1412392,0.00043058395,0.0,0.00043058395,1.0,0.37362802,0.0,0.0
0.9536645,0.000997331,4.759867,-0.7761326,0.55180293,0.8540121,0.7765694,0.77664936,7.992983e-05,0.0,7.992983e-05,1.0,2.1879282,0.0,0.0
0.692912,0.000997331,1.100934,0.85902613,-1.0342543,-0.2801482,-0.8607926,-0.8611711,-0.0003785491,0.0,-0.0003785491,1.0,2.4486806,0.0,0.0
0.18581147,0.000997331,4.2390957,-0.24878654,-1.3234735,0.08072368,0.25200826,0.25174153,-0.00026673079,0.0,-0.00026673079,1.0,0.18581147,0.0,0.0
0.15140241,0.000997331,2.9108899,-0.1122917,0.7354363,-0.18220875,0.11150195,0.11075211,-0.0007498339,0.0,-0.0007498339,1.0,2.9901903,0.0,0.0
0.9960125,0.000997331,5.155683,-0.39820725,-0.25936615,1.1182582,0.40008906,0.40038243,0.00029337406,0.0,0.00029337406,1.0,0.9960125,0.0,0.0
0.338758,0.000997331,4.033135,-0.4676212,-1.3269122,0.049897883,0.46993196,0.46997035,3.838539e-05,0.0,3.838539e-05,1.0,0.338758,0.0,0.0
0.53254884,0.000997331,2.2753963,0.057718657,0.09796835,-0.7154622,-0.05705273,-0.057208437,-0.00015570596,0.0,-0.00015570596,1.0,0.53254884,0.0,0.0
1.3644012,0.000997331,1.2384256,1.2445962,0.2605318,-0.60595584,-1.2450638,-1.2449826,8.1181526e-05,0.0,8.1181526e-05,1.0,1.3644012,0.0,0.0
0.75120556,0.000997331,0.49477673,0.92474866,-0.99030524,0.2767841,-0.9229037,-0.92321557,-0.0003118515,0.0,-0.0003118515,1.0,2.390387,0.0,0.0
1.1668444,0.000997331,0.3492585,1.1786929,0.5037843,0.54906654,-1.1780736,-1.1779807,9.2983246e-05,0.0,9.2983246e-05,1.0,1.1668444,0.0,0.0
1.3871285,0.000997331,4.1541963,-1.3547649,0.2509017,0.31223196,1.3532765,1.3530209,-0.00025558472,0.0,-0.00025558472,1.0,1.7544641,0.0,0.0
0.99357045,0.000997331,6.1325407,0.7026671,-0.45840982,0.9545676,-0.6960513,-0.69656104,-0.0005097389,0.0,-0.0005097389,1.0,2.1480222,0.0,0.0
0.69689506,0.000997331,5.9455614,0.39277524,-0.46920946,0.819016,-0.38496977,-0.38560814,-0.00063836575,0.0,-0.00063836575,1.0,2.4446976,0.0,0.0
1.3877311,0.000997331,0.05115989,1.032388,0.19103836,0.9316391,-1.0331454,-1.0330904,5.507469e-05,0.0,5.507469e-05,1.0,1.3877311,0.0,0.0
1.3154085,0.000997331,5.875947,0.505802,0.1325037,1.2728305,-0.50967366,-0.50982535,-0.00015169382,0.0,-0.00015169382,1.0,1.3154085,0.0,0.0
0.71307904,0.000997331,5.812252,0.28582326,0.33261758,0.8782301,-0.28349328,-0.28348732,5.9604645e-06,0.0,5.9604645e-06,1.0,0.71307904,0.0,0.0
1.3938167,0.000997331,2.373628,-0.024423538,-0.0044577755,-1.392321,0.023653917,0.02376041,0.00010649301,0.0,0.00010649301,1.0,1.3938167,0.0,0.0
0.2228569,0.000997331,2.745141,-0.11830259,0.5223473,-0.28969824,0.11607237,0.11574787,-0.0003245026,0.0,-0.0003245026,1.0,2.9187357,0.0,0.0
0.092746876,0.000997331,4.762696,-0.08752006,-0.9433886,0.09770378,0.08468908,0.08464852,-4.056096e-05,0.0,-4.056096e-05,1.0,0.092746876,0.0,0.0
0.29926348,0.000997331,3.5388014,-0.38649026,1.2509296,-0.15849042,0.38954127,0.38954878,7.5101852e-06,0.0,7.5101852e-06,1.0,2.8423293,0.0,0.0
1.1954148,0.000997331,4.4820566,-1.1182027,-0.44141707,0.6930039,1.1167996,1.116896,9.6440315e-05,0.0,9.6440315e-05,1.0,1.1954148,0.0,0.0
1.4903966,0.000997331,2.689498,-0.46155354,-0.037801273,-1.3325249,0.46272913,0.46274495,1.5825033e-05,0.0,1.5825033e-05,1.0,1.4903966,0.0,0.0
0.013796604,0.000997331,0.1590756,0.015797503,-1.1450839,0.01147962,-0.0155585725,-0.014773991,0.0007845815,0.0,0.0007845815,1.0,3.127796,0.0,0.0
0.353827,0.000997331,2.455135,-0.048170082,0.13136503,-0.48705748,0.04636786,0.046825036,0.00045717508,0.0,0.00045717508,1.0,2.7877657,0.0,0.0
0.35985693,0.000997331,0.99677306,0.4870995,-1.2946051,-0.1045289,-0.48882753,-0.4884669,0.0003606379,0.0,0.0003606379,1.0,2.7817357,0.0,0.0
1.0994961,0.000997331,0.37751406,1.1566939,0.5893487,0.49957547,-1.1561286,-1.1560478,8.08239e-05,0.0,8.08239e-05,1.0,1.0994961,0.0,0.0
0.99272215,0.000997331,1.7252579,0.6984285,0.45619318,-0.9569221,-0.6970575,-0.69748867,-0.00043118,0.0,-0.00043118,1.0,0.99272215,0.0,0.0
1.0118726,0.000997331,1.5199654,0.8896689,0.55687344,-0.804242,-0.8898015,-0.89034045,-0.0005389452,0.0,-0.0005389452,1.0,1.0118726,0.0,0.0
0.89884245,0.000997331,1.8035735,0.5810363,-0.4627549,-0.94256073,-0.5809009,-0.58094037,-3.9458275e-05,0.0,-3.9458275e-05,1.0,2.2427502,0.0,0.0
0.28147054,0.000997331,1.9254203,0.16384342,0.5670088,-0.35660136,-0.1646422,-0.16468072,-3.85195e-05,0.0,-3.85195e-05,1.0,0.28147054,0.0,0.0
0.40418163,0.000997331,0.10783546,0.43321928,-1.013374,0.34900284,-0.43185592,-0.43251923,-0.0006633103,0.0,-0.0006633103,1.0,2.737411,0.0,0.0
1.5251621,0.000997331,0.099789076,1.0935781,-0.05008979,0.8945159,-1.0936494,-1.0940738,-0.00042438507,0.0,-0.00042438507,1.0,1.6164305,0.0,0.0
1.3186812,0.000997331,3.9710603,-1.3680692,-0.3518281,0.060381364,1.3655529,1.365744,0.00019109249,0.0,0.00019109249,1.0,1.3186812,0.0,0.0
0.8342675,0.000997331,0.52265924,1.0117576,0.91712743,0.27202523,-1.0119859,-1.0122671,-0.0002812147,0.0,-0.0002812147,1.0,0.8342675,0.0,0.0
0.5037483,0.000997331,1.7384483,0.3953173,-0.71760046,-0.55690056,-0.3938381,-0.39369118,0.00014692545,0.0,0.00014692545,1.0,2.6378443,0.0,0.0
1.4197316,0.000997331,2.6258676,-0.37276515,-0.057383634,-1.3480647,0.3729918,0.37297514,-1.6659498e-05,0.0,-1.6659498e-05,1.0,1.4197316,0.0,0.0
1.412054,0.000997331,0.61516356,1.3762718,0.22048903,0.23659652,-1.3759737,-1.3759112,6.246567e-05,0.0,6.246567e-05,1.0,1.412054,0.0,0.0
0.40238348,0.000997331,4.0215073,-0.55168605,-1.2958803,0.052453965,0.55408466,0.55413175,4.708767e-05,0.0,4.708767e-05,1.0,0.40238348,0.0,0.0
0.7917906,0.000997331,0.0028313312,0.71364236,0.70470047,0.70967275,-0.7126769,-0.7115408,0.0011360645,0.0,0.0011360645,1.0,0.7917906,0.0,0.0
1.1180179,0.000997331,4.868123,-0.74898994,-0.36551625,1.0273399,0.74986315,0.74985117,-1.1980534e-05,0.0,-1.1980534e-05,1.0,1.1180179,0.0,0.0
1.3141109,0.000997331,1.9282589,0.5675522,0.14990024,-1.244632,-0.5673764,-0.5672853,9.10759e-05,0.0,9.10759e-05,1.0,1.3141109,0.0,0.0
0.4008711,0.000997331,5.003098,-0.2617599,0.61762553,0.48517734,0.2580758,0.25765595,-0.00041985512,0.0,-0.00041985512,1.0,2.7407215,0.0,0.0
1.4410709,0.000997331,0.2686846,1.2193135,0.1591155,0.692581,-1.2190579,-1.2189515,0.000106453896,0.0,0.000106453896,1.0,1.4410709,0.0,0.0
1.4819221,0.000997331,0.6846957,1.4015311,0.12500621,0.14158717,-1.4015166,-1.4016106,-9.405613e-05,0.0,-9.405613e-05,1.0,1.4819221,0.0,0.0
1.1958879,0.000997331,5.867788,0.4761621,-0.18854275,1.2267094,-0.47736147,-0.47723234,0.00012913346,0.0,0.00012913346,1.0,1.9457047,0.0,0.0
1.5658853,0.000997331,3.3328485,-1.1720326,0.006180078,-0.7907115,1.1725212,1.1725714,5.018711e-05,0.0,5.018711e-05,1.0,1.5757073,0.0,0.0
1.171017,0.000997331,0.53333265,1.2615325,0.5330271,0.32483464,-1.260479,-1.2602684,0.0002105236,0.0,0.0002105236,1.0,1.171017,0.0,0.0
0.45302916,0.000997331,2.3815742,-0.015572179,0.03284173,-0.61800987,0.015033118,0.015356207,0.00032308884,0.0,0.00032308884,1.0,2.6885636,0.0,0.0
0.68306893,0.000997331,3.1957471,-0.6644796,0.81637746,-0.59707046,0.6633363,0.6633812,4.4941902e-05,0.0,4.4941902e-05,1.0,2.4585238,0.0,0.0
0.30317086,0.000997331,2.3403687,0.0065364894,0.021033024,-0.42221746,-0.0069902614,-0.0071451496,-0.00015488826,0.0,-0.00015488826,1.0,0.30317086,0.0,0.0
0.8551161,0.000997331,0.8969655,1.0607374,-0.9218983,-0.11841607,-1.06104,-1.0607033,0.00033676624,0.0,0.00033676624,1.0,2.2864766,0.0,0.0
0.7381427,0.000997331,0.69545656,0.9478617,-1.0418363,0.08593123,-0.9465432,-0.9468427,-0.00029945374,0.0,-0.00029945374,1.0,2.40345,0.0,0.0
1.5303133,0.000997331,5.3588996,-0.19572705,0.0085179955,1.4007158,0.19694272,0.19685847,-8.4251165e-05,0.0,-8.4251165e-05,1.0,1.6112794,0.0,0.0
0.0013302934,0.000997331,4.8258815,-0.0012592692,0.8790786,0.00094438763,0.0016374402,0.0011421635,-0.00049527665,0.0,-0.00049527665,1.0,3.1402624,0.0,0.0
1.4821069,0.000997331,2.5160005,-0.22441685,-0.020422202,-1.391347,0.22475244,0.22477254,2.0101666e-05,0.0,2.0101666e-05,1.0,1.4821069,0.0,0.0
0.75417435,0.000997331,0.13137603,0.7685093,0.8181962,0.5892484,-0.76811945,-0.7683888,-0.0002693534,0.0,-0.0002693534,1.0,0.75417435,0.0,0.0
0.32879236,0.000997331,1.957409,0.17727107,-0.51914084,-0.42042673,-0.1756991,-0.17587252,-0.00017341971,0.0,-0.00017341971,1.0,2.8128002,0.0,0.0
0.20407298,0.000997331,4.1627197,-0.27886268,-1.3473575,0.06722678,0.2818425,0.28162175,-0.0002207458,0.0,-0.0002207458,1.0,0.20407298,0.0,0.0
1.5255451,0.000997331,5.094082,-0.5553579,0.025393791,1.3000319,0.5571071,0.5571389,3.182888e-05,0.0,3.182888e-05,1.0,1.6160476,0.0,0.0
0.9199271,0.000997331,2.4993951,-0.16067562,-0.12218589,-1.1129467,0.15971108,0.15947698,-0.00023409724,0.0,-0.00023409724,1.0,0.9199271,0.0,0.0
0.31894612,0.000997331,0.8548889,0.4425492,-1.3398309,-0.030792931,-0.44431227,-0.44297665,0.0013356209,0.0,0.0013356209,1.0,2.8226466,0.0,0.0
0.8670536,0.000997331,0.30468774,0.9560922,0.8113873,0.49858028,-0.9566119,-0.95661694,-5.066395e-06,0.0,-5.066395e-06,1.0,0.8670536,0.0,0.0
0.37879914,0.000997331,5.649699,0.07876934,0.19925383,0.5149473,-0.0737534,-0.07353316,0.00022023916,0.0,0.00022023916,1.0,0.37879914,0.0,0.0
1.3867562,0.000997331,5.4356112,-0.086304426,0.016674073,1.3888416,0.08571014,0.08570242,-7.7188015e-06,0.0,-7.7188015e-06,1.0,1.7548364,0.0,0.0
1.5265083,0.000997331,1.2232796,1.2795427,-0.056698307,-0.5989201,-1.2784739,-1.2786257,-0.00015187263,0.0,-0.00015187263,1.0,1.6150843,0.0,0.0
0.29806027,0.000997331,3.961094,-0.41533783,-1.3518354,0.014045966,0.41697967,0.4170723,9.262562e-05,0.0,9.262562e-05,1.0,0.29806027,0.0,0.0
1.0494248,0.000997331,0.4584831,1.1613877,0.6669299,0.3936293,-1.1606627,-1.1606123,5.030632e-05,0.0,5.030632e-05,1.0,1.0494248,0.0,0.0
1.1464005,0.000997331,3.6690905,-1.2461749,0.56219643,-0.329001,1.2441769,1.2446661,0.0004892349,0.0,0.0004892349,1.0,1.9951923,0.0,0.0
1.4590578,0.000997331,0.743201,1.4041754,0.15761532,0.059277207,-1.4042827,-1.4042497,3.3020973e-05,0.0,3.3020973e-05,1.0,1.4590578,0.0,0.0
0.86328787,0.000997331,1.3749,0.8936038,-0.7639384,-0.5976669,-0.89499784,-0.8950224,-2.4557114e-05,0.0,-2.4557114e-05,1.0,2.2783048,0.0,0.0
0.62288517,0.000997331,6.2332172,0.5531496,0.7697027,0.6143583,-0.54315066,-0.5430113,0.00013935566,0.0,0.00013935566,1.0,0.62288517,0.0,0.0
1.0774349,0.000997331,5.1104994,-0.470493,0.25387263,1.1543155,0.47077763,0.47037667,-0.00040096045,0.0,-0.00040096045,1.0,2.0641577,0.0,0.0
0.20397766,0.000997331,2.2369273,0.034271218,-0.16421211,-0.28397942,-0.035249505,-0.034973998,0.00027550757,0.0,0.00027550757,1.0,2.937615,0.0,0.0
0.13003427,0.000997331,2.4714007,-0.02083003,0.16098313,-0.1822545,0.019088682,0.019267976,0.0001792945,0.0,0.0001792945,1.0,3.0115583,0.0,0.0
0.28288332,0.000997331,5.083784,-0.15871052,0.5453435,0.36052552,0.15710856,0.15657955,-0.0005290061,0.0,-0.0005290061,1.0,2.8587093,0.0,0.0
1.1167958,0.000997331,0.58956206,1.2466589,0.60832405,0.24728775,-1.2456177,-1.2456112,6.556511e-06,0.0,6.556511e-06,1.0,1.1167958,0.0,0.0
0.9865094,0.000997331,1.5868688,0.82078743,-0.5428647,-0.8476071,-0.8218179,-0.8219505,-0.00013262033,0.0,-0.00013262033,1.0,2.1550832,0.0,0.0
1.2098143,0.000997331,1.8010012,0.6976193,-0.26347917,-1.124472,-0.6999638,-0.6994939,0.00046992302,0.0,0.00046992302,1.0,1.9317784,0.0,0.0
1.2893155,0.000997331,2.843123,-0.6361164,0.18430088,-1.2003443,0.63862336,0.6390707,0.00044733286,0.0,0.00044733286,1.0,1.8522772,0.0,0.0
0.8667485,0.000997331,5.321084,-0.18930997,-0.16209677,1.0611321,0.18860105,0.18884547,0.00024442375,0.0,0.00024442375,1.0,0.8667485,0.0,0.0
0.3137465,0.000997331,5.5028734,0.0021300483,0.007628109,0.43418232,-0.000994958,-0.0007362608,0.0002586972,0.0,0.0002586972,1.0,0.3137465,0.0,0.0
0.5942821,0.000997331,4.608068,-0.6149288,-0.9103253,0.49969274,0.6143359,0.6142741,-6.181002e-05,0.0,-6.181002e-05,1.0,0.5942821,0.0,0.0
0.17205742,0.000997331,6.230673,0.16230366,0.9331268,0.17871898,-0.19407171,-0.19448462,-0.00041291118,0.0,-0.00041291118,1.0,0.17205742,0.0,0.0
0.9144973,0.000997331,3.2256534,-0.85604715,0.6592654,-0.72309786,0.8549293,0.8544556,-0.00047373772,0.0,-0.00047373772,1.0,2.2270954,0.0,0.0
0.6427106,0.000997331,0.67408675,0.8424645,1.1249105,0.09396382,-0.84392214,-0.8443569,-0.00043475628,0.0,-0.00043475628,1.0,0.6427106,0.0,0.0
1.3050971,0.000997331,4.617078,-1.0525371,-0.2874431,0.8680632,1.0525162,1.0526904,0.00017416477,0.0,0.00017416477,1.0,1.3050971,0.0,0.0
1.457459,0.000997331,1.1233248,1.325672,-0.15087968,-0.4657549,-1.3242078,-1.3243756,-0.00016784668,0.0,-0.00016784668,1.0,1.6841338,0.0,0.0
1.239835,0.000997331,0.58364064,1.3104293,-0.4502533,0.26792192,-1.3114216,-1.3117849,-0.0003632307,0.0,-0.0003632307,1.0,1.9017576,0.0,0.0
0.926089,0.000997331,2.7144704,-0.3963834,-0.29827672,-1.0583367,0.3941477,0.39418322,3.552437e-05,0.0,3.552437e-05,1.0,0.926089,0.0,0.0
0.24390975,0.000997331,1.0134141,0.33254966,1.3370372,-0.077674046,-0.33294868,-0.33314827,-0.00019958615,0.0,-0.00019958615,1.0,0.24390975,0.0,0.0
1.0981827,0.000997331,2.539799,-0.23015647,0.11823473,-1.238493,0.2317168,0.23200656,0.00028976798,0.0,0.00028976798,1.0,2.0434098,0.0,0.0
1.0960544,0.000997331,3.3981037,-1.0859993,0.55785644,-0.63455915,1.0836861,1.0836623,-2.3841858e-05,0.0,-2.3841858e-05,1.0,2.0455382,0.0,0.0
1.251527,0.000997331,4.540552,-1.0979114,-0.3638752,0.7725656,1.0971243,1.0972531,0.00012874603,0.0,0.00012874603,1.0,1.251527,0.0,0.0
0.26586744,0.000997331,4.144195,-0.3631835,1.3333399,0.08115396,0.3634584,0.36364397,0.00018557906,0.0,0.00018557906,1.0,2.8757253,0.0,0.0
0.91108525,0.000997331,2.0957794,0.28737774,0.22339173,-1.0795047,-0.2852251,-0.28527093,-4.5835972e-05,0.0,-4.5835972e-05,1.0,0.91108525,0.0,0.0
1.006321,0.000997331,0.16631584,0.9731512,0.61626256,0.6932981,-0.9734862,-0.9745343,-0.0010480881,0.0,-0.0010480881,1.0,1.006321,0.0,0.0
0.45517978,0.000997331,3.8007936,-0.6174476,1.2601461,-0.07822535,0.6200203,0.62017435,0.000154078,0.0,0.000154078,1.0,2.6864128,0.0,0.0
0.797229,0.000997331,4.402488,-0.8998863,0.8788394,0.46405286,0.900964,0.9007671,-0.00019693375,0.0,-0.00019693375,1.0,2.3443637,0.0,0.0
1.3272984,0.000997331,3.7220864,-1.3436985,0.33324623,-0.27923763,1.3411552,1.3414392,0.00028407574,0.0,0.00028407574,1.0,1.8142942,0.0,0.0
1.1205798,0.000997331,0.8400817,1.2714053,0.6145904,-0.06947321,-1.2713728,-1.2714119,-3.9100647e-05,0.0,-3.9100647e-05,1.0,1.1205798,0.0,0.0
0.96769834,0.000997331,5.396827,-0.11730658,-0.081750646,1.1591564,0.117499635,0.11769341,0.0001937747,0.0,0.0001937747,1.0,0.96769834,0.0,0.0
0.27402118,0.000997331,6.116035,0.2218385,0.78627104,0.3143712,-0.22310703,-0.22298294,0.00012408197,0.0,0.00012408197,1.0,0.27402118,0.0,0.0
0.31579256,0.000997331,0.2736004,0.3829586,1.1718433,0.2149381,-0.38139525,-0.38200757,-0.0006123185,0.0,-0.0006123185,1.0,0.31579256,0.0,0.0
0.91403925,0.000997331,3.303062,-0.90908587,0.7004801,-0.65463436,0.90781426,0.9073403,-0.00047397614,0.0,-0.00047397614,1.0,2.2275534,0.0,0.0
0.98532873,0.000997331,2.366161,-0.01187413,0.008060046,-1.1789556,0.012360905,0.012485217,0.000124312,0.0,0.000124312,1.0,2.1562638,0.0,0.0
0.66987044,0.000997331,0.59232986,0.8618318,1.0878763,0.16842368,-0.86324674,-0.8634838,-0.00023704767,0.0,-0.00023704767,1.0,0.66987044,0.0,0.0
0.95587814,0.000997331,1.223636,1.0461943,-0.73832446,-0.48999488,-1.0468868,-1.0468202,6.663799e-05,0.0,6.663799e-05,1.0,2.1857145,0.0,0.0
0.910582,0.000997331,0.42692024,1.046072,0.8120149,0.39180446,-1.0461541,-1.0461931,-3.8981438e-05,0.0,-3.8981438e-05,1.0,0.910582,0.0,0.0
0.20797405,0.000997331,5.1421237,-0.101714835,0.48094097,0.27292818,0.1021907,0.10175979,-0.00043091178,0.0,-0.00043091178,1.0,2.9336185,0.0,0.0
0.55377144,0.000997331,4.2687564,-0.700886,-1.1329067,0.25033063,0.7024776,0.70232385,-0.00015372038,0.0,-0.00015372038,1.0,0.55377144,0.0,0.0
0.35865018,0.000997331,1.1615318,0.4618496,-1.2323403,-0.18270165,-0.46319926,-0.46360248,-0.00040322542,0.0,-0.00040322542,1.0,2.7829425,0.0,0.0
1.44063,0.000997331,2.1185968,0.33011517,-0.042985067,-1.3636816,-0.331963,-0.3324973,-0.00053429604,0.0,-0.00053429604,1.0,1.7009628,0.0,0.0
1.156628,0.000997331,5.430937,-0.08630247,0.03822075,1.2924578,0.08395429,0.08376923,-0.00018505752,0.0,-0.00018505752,1.0,1.9849646,0.0,0.0
0.8127964,0.000997331,1.0523766,0.99058664,0.9380858,-0.27121162,-0.99042225,-0.99071157,-0.00028932095,0.0,-0.00028932095,1.0,0.8127964,0.0,0.0
1.479141,0.000997331,0.9043951,1.3983458,0.12841919,-0.16722724,-1.3985193,-1.3983078,0.00021147728,0.0,0.00021147728,1.0,1.479141,0.0,0.0
1.3547381,0.000997331,3.663884,-1.3337876,-0.29205522,-0.35852754,1.3320152,1.3322258,0.00021064281,0.0,0.00021064281,1.0,1.3547381,0.0,0.0
1.2787912,0.000997331,1.8099704,0.7037621,-0.21149871,-1.1573575,-0.70633125,-0.7058935,0.0004377365,0.0,0.0004377365,1.0,1.8628014,0.0,0.0
1.5656317,0.000997331,1.660042,0.90697896,0.005279217,-1.0849457,-0.90778244,-0.9075764,0.00020605326,0.0,0.00020605326,1.0,1.5656317,0.0,0.0
1.1360221,0.000997331,2.0024378,0.4440798,0.20706412,-1.2031746,-0.4427583,-0.44244367,0.00031462312,0.0,0.00031462312,1.0,1.1360221,0.0,0.0
1.3317076,0.000997331,5.86598,0.49497548,-0.12154718,1.2822179,-0.49683928,-0.49681604,2.3245811e-05,0.0,2.3245811e-05,1.0,1.809885,0.0,0.0
0.8218703,0.000997331,0.5230203,1.0003583,-0.93007684,0.26888672,-0.99890894,-0.99919593,-0.00028699636,0.0,-0.00028699636,1.0,2.3197224,0.0,0.0
0.81381243,0.000997331,2.9840524,-0.6038455,0.57128704,-0.8321704,0.6026399,0.60243714,-0.000202775,0.0,-0.000202775,1.0,2.3277802,0.0,0.0
0.024145909,0.000997331,6.1403856,0.021751596,-0.8515092,0.022993447,-0.06531127,-0.06666262,-0.001351349,0.0,-0.001351349,1.0,3.1174467,0.0,0.0
1.442353,0.000997331,3.6497152,-1.3489413,-0.17371356,-0.38314363,1.3468823,1.347024,0.00014162064,0.0,0.00014162064,1.0,1.442353,0.0,0.0
0.7832164,0.000997331,5.289458,-0.20609146,-0.20844911,0.9759277,0.20425482,0.20443805,0.00018322468,0.0,0.00018322468,1.0,0.7832164,0.0,0.0
0.083285816,0.000997331,5.4629054,-0.0040996093,0.051010467,0.11899599,0.011126645,0.011421573,0.00029492844,0.0,0.00029492844,1.0,3.058307,0.0,0.0
0.5919323,0.000997331,2.728649,-0.2871876,-0.42671466,-0.73450327,0.28608325,0.2862648,0.00018155575,0.0,0.00018155575,1.0,0.5919323,0.0,0.0
1.4659696,0.000997331,4.1096954,-1.3829393,-0.14562245,0.25488013,1.3805093,1.3804498,-5.9485435e-05,0.0,-5.9485435e-05,1.0,1.4659696,0.0,0.0
0.7839127,0.000997331,1.0051892,0.97469735,-0.977113,-0.21730722,-0.9756712,-0.9757664,-9.524822e-05,0.0,-9.524822e-05,1.0,2.3576798,0.0,0.0
0.88918215,0.000997331,5.406483,-0.09998836,0.080828056,1.0934262,0.09772105,0.09750576,-0.00021528453,0.0,-0.00021528453,1.0,2.2524104,0.0,0.0
0.011199764,0.000997331,1.7258581,0.009177247,0.83300227,-0.012694189,-0.008341588,-0.008535864,-0.00019427575,0.0,-0.00019427575,1.0,0.011199764,0.0,0.0
0.16322996,0.000997331,0.70980406,0.229318,-1.3916831,0.017218951,-0.23182714,-0.23145515,0.0003719926,0.0,0.0003719926,1.0,2.9783628,0.0,0.0
0.8977285,0.000997331,5.9916253,0.52403045,0.42039293,0.9728949,-0.523016,-0.5228671,0.0001488924,0.0,0.0001488924,1.0,0.8977285,0.0,0.0
1.3098853,0.000997331,1.0488157,1.3192306,-0.35201097,-0.35571802,-1.3176067,-1.3175778,2.8848648e-05,0.0,2.8848648e-05,1.0,1.8317075,0.0,0.0
1.2569615,0.000997331,1.8381807,0.66627467,-0.21627976,-1.1688275,-0.6688916,-0.66845363,0.00043797493,0.0,0.00043797493,1.0,1.8846312,0.0,0.0
0.29900083,0.000997331,1.095052,0.39658722,1.28724,-0.1275355,-0.39612395,-0.39646912,-0.0003451705,0.0,-0.0003451705,1.0,0.29900083,0.0,0.0
0.30990237,0.000997331,5.586771,0.038053818,0.12008128,0.42758694,-0.033895843,-0.033565532,0.00033031031,0.0,0.00033031031,1.0,0.30990237,0.0,0.0
1.034582,0.000997331,3.38053,-1.0389266,-0.617378,-0.6319876,1.0396502,1.0397822,0.00013196468,0.0,0.00013196468,1.0,1.034582,0.0,0.0
0.96786,0.000997331,1.7011296,0.7093778,0.48886678,-0.924291,-0.7082043,-0.7086834,-0.00047904253,0.0,-0.00047904253,1.0,0.96786,0.0,0.0
0.57544357,0.000997331,5.87221,0.2812527,-0.43314356,0.7174438,-0.27288276,-0.27320307,-0.00032031536,0.0,-0.00032031536,1.0,2.566149,0.0,0.0
0.70477957,0.000997331,6.212745,0.60022163,0.7064029,0.6934868,-0.5897673,-0.5898864,-0.000119149685,0.0,-0.000119149685,1.0,0.70477957,0.0,0.0
1.0346905,0.000997331,5.9161468,0.4941761,0.2955212,1.1107299,-0.49739107,-0.49713686,0.0002542138,0.0,0.0002542138,1.0,1.0346905,0.0,0.0
0.6805133,0.000997331,5.296047,-0.17791156,-0.2210938,0.8710248,0.17455426,0.17451842,-3.5837293e-05,0.0,-3.5837293e-05,1.0,0.6805133,0.0,0.0
0.0068951347,0.000997331,3.3586578,-0.008367546,-1.1916449,-0.0047179423,0.00822705,0.008321517,9.446684e-05,0.0,9.446684e-05,1.0,0.0068951347,0.0,0.0
1.5553949,0.000997331,4.3949566,-1.2622325,-0.020111118,0.63674414,1.2627473,1.2628572,0.000109910965,0.0,0.000109910965,1.0,1.5553949,0.0,0.0
0.73683053,0.000997331,1.0378987,0.920369,-1.0139408,-0.23705564,-0.92167205,-0.921954,-0.00028192997,0.0,-0.00028192997,1.0,2.404762,0.0,0.0
0.40796956,0.000997331,4.786611,-0.36574444,-0.8474145,0.4263076,0.36316496,0.36329007,0.00012511015,0.0,0.00012511015,1.0,0.40796956,0.0,0.0
0.6220671,0.000997331,1.6132722,0.55748856,-0.7779205,-0.6076158,-0.55747724,-0.55719906,0.00027817488,0.0,0.00027817488,1.0,2.5195255,0.0,0.0
0.3878615,0.000997331,6.0366454,0.27400222,0.66968286,0.46101254,-0.2640723,-0.26355627,0.0005160272,0.0,0.0005160272,1.0,0.3878615,0.0,0.0
1.2686017,0.000997331,3.2643218,-1.0646703,-0.33197212,-0.83029914,1.0661714,1.0664763,0.00030493736,0.0,0.00030493736,1.0,1.2686017,0.0,0.0
1.3101542,0.000997331,5.644905,0.20054816,0.053552873,1.3533638,-0.20019671,-0.20028606,-8.934736e-05,0.0,-8.934736e-05,1.0,1.3101542,0.0,0.0
0.26126477,0.000997331,0.2300325,0.31033954,-1.1608975,0.1932034,-0.30895352,-0.30891895,3.4570694e-05,0.0,3.4570694e-05,1.0,2.880328,0.0,0.0
0.13789986,0.000997331,4.6681805,-0.14312834,-1.0329051,0.13225672,0.1417213,0.14180712,8.583069e-05,0.0,8.583069e-05,1.0,0.13789986,0.0,0.0
0.091104634,0.000997331,4.7566204,-0.08655232,-0.9498879,0.095472716,0.08380965,0.08376485,-4.480034e-05,0.0,-4.480034e-05,1.0,0.091104634,0.0,0.0
0.67145926,0.000997331,2.7452874,-0.33376607,-0.41976678,-0.8135961,0.33201438,0.33224788,0.0002335012,0.0,0.0002335012,1.0,0.67145926,0.0,0.0
1.1035498,0.000997331,3.955166,-1.2623475,0.6355349,0.035050474,1.261947,1.2622991,0.00035202503,0.0,0.00035202503,1.0,2.0380428,0.0,0.0
0.23538151,0.000997331,1.3234452,0.2831965,-1.1816039,-0.16947432,-0.2822032,-0.28266445,-0.00046125054,0.0,-0.00046125054,1.0,2.9062111,0.0,0.0
1.2134576,0.000997331,0.87958866,1.3190379,0.49255228,-0.12447872,-1.3196114,-1.319358,0.00025343895,0.0,0.00025343895,1.0,1.2134576,0.0,0.0
1.1167622,0.000997331,1.7871609,0.68456537,0.3348146,-1.0710285,-0.6830592,-0.6832284,-0.00016915798,0.0,-0.00016915798,1.0,1.1167622,0.0,0.0
0.27881533,0.000997331,4.110077,-0.38296208,-1.3375041,0.07109328,0.38565743,0.38561702,-4.041195e-05,0.0,-4.041195e-05,1.0,0.27881533,0.0,0.0
1.2547071,0.000997331,2.9300232,-0.7299496,-0.23945095,-1.1291676,0.7306751,0.7306076,-6.747246e-05,0.0,-6.747246e-05,1.0,1.2547071,0.0,0.0
0.5584247,0.000997331,4.412625,-0.66268325,-1.0603291,0.3509892,0.66351867,0.6633191,-0.00019955635,0.0,-0.00019955635,1.0,0.5584247,0.0,0.0
0.750777,0.000997331,2.0840373,0.25922868,-0.27818805,-0.9293124,-0.25681418,-0.25691912,-0.00010493398,0.0,-0.00010493398,1.0,2.3908157,0.0,0.0
0.4101421,0.000997331,2.9762342,-0.3275131,0.7532783,-0.45999837,0.3243992,0.3244756,7.638335e-05,0.0,7.638335e-05,1.0,2.7314506,0.0,0.0
1.0242361,0.000997331,5.8085256,0.36950266,-0.2260471,1.1497189,-0.36992612,-0.36978966,0.00013646483,0.0,0.00013646483,1.0,2.1173565,0.0,0.0
1.1984186,0.000997331,5.226498,-0.35322782,-0.13866039,1.2696116,0.35663125,0.35657948,-5.1766634e-05,0.0,-5.1766634e-05,1.0,1.1984186,0.0,0.0
0.7896855,0.000997331,1.4954983,0.76133454,0.75542474,-0.65512156,-0.76166725,-0.7619306,-0.00026333332,0.0,-0.00026333332,1.0,0.7896855,0.0,0.0
1.254079,0.000997331,0.3583755,1.2232281,0.40091854,0.55632174,-1.2224506,-1.222197,0.00025355816,0.0,0.00025355816,1.0,1.254079,0.0,0.0
1.3122449,0.000997331,2.5164306,-0.21831787,-0.058151033,-1.3499609,0.21724999,0.21732214,7.215142e-05,0.0,7.215142e-05,1.0,1.3122449,0.0,0.0
0.45166272,0.000997331,3.8437567,-0.61577904,1.268118,-0.051140208,0.6182976,0.61840034,0.00010275841,0.0,0.00010275841,1.0,2.68993,0.0,0.0
1.0887206,0.000997331,3.9242854,-1.2531439,-0.65463674,-0.002904838,1.253029,1.2533998,0.0003708601,0.0,0.0003708601,1.0,1.0887206,0.0,0.0
1.5704244,0.000997331,3.5808702,-1.3302994,0.000793078,-0.47892672,1.328541,1.3286419,0.00010085106,0.0,0.00010085106,1.0,1.5711682,0.0,0.0
1.2050799,0.000997331,2.5576873,-0.2644485,-0.10164961,-1.2940248,0.26288146,0.2628525,-2.8967857e-05,0.0,-2.8967857e-05,1.0,1.2050799,0.0,0.0
0.4055741,0.000997331,6.129137,0.32904378,0.76464075,0.45315593,-0.32198623,-0.3215211,0.00046512485,0.0,0.00046512485,1.0,0.4055741,0.0,0.0
0.5676443,0.000997331,6.0855217,0.42097825,0.66079444,0.63403857,-0.40956447,-0.4091829,0.00038155913,0.0,0.00038155913,1.0,0.5676443,0.0,0.0
1.171508,0.000997331,3.6471875,-1.2523115,0.52764,-0.3600448,1.2501297,1.2506003,0.00047063828,0.0,0.00047063828,1.0,1.9700847,0.0,0.0
1.137787,0.000997331,3.2186403,-0.97498554,0.45095932,-0.83457226,0.9735666,0.9734577,-0.000108897686,0.0,-0.000108897686,1.0,2.0038056,0.0,0.0
0.5657732,0.000997331,5.4407516,-0.043333024,0.06725633,0.7557217,0.04467434,0.044632193,-4.2147934e-05,0.0,-4.2147934e-05,1.0,2.5758195,0.0,0.0
0.026063638,0.000997331,5.6326485,0.004859781,0.18804301,0.037628595,0.002088584,0.0024575675,0.00036898348,0.0,0.00036898348,1.0,0.026063638,0.0,0.0
0.2787381,0.000997331,1.7609997,0.21808067,-0.7620528,-0.3220064,-0.21595408,-0.21639669,-0.0004426092,0.0,-0.0004426092,1.0,2.8628545,0.0,0.0
1.185422,0.000997331,2.423217,-0.08798919,0.035885345,-1.308439,0.08902982,0.089168824,0.00013900548,0.0,0.00013900548,1.0,1.9561707,0.0,0.0
1.1230413,0.000997331,0.22607175,1.0806073,0.5189776,0.6761867,-1.080699,-1.0814581,-0.00075912476,0.0,-0.00075912476,1.0,1.1230413,0.0,0.0
0.33771127,0.000997331,2.8260446,-0.21227288,-0.60357374,-0.41759312,0.2125789,0.21247971,-9.918213e-05,0.0,-9.918213e-05,1.0,0.33771127,0.0,0.0
0.3770668,0.000997331,1.0807145,0.49800238,1.2580601,-0.1522376,-0.49755883,-0.49776345,-0.00020462275,0.0,-0.00020462275,1.0,0.3770668,0.0,0.0
1.4006712,0.000997331,4.558251,-1.125428,-0.19426611,0.82181656,1.1259582,1.1262575,0.00029933453,0.0,0.00029933453,1.0,1.4006712,0.0,0.0
0.043157574,0.000997331,1.7201215,0.036250472,-0.8387379,-0.04841266,-0.035915393,-0.03548412,0.00043127313,0.0,0.00043127313,1.0,3.0984352,0.0,0.0
1.0094337,0.000997331,5.4125786,-0.10170929,0.0639447,1.1930861,0.09919137,0.098910324,-0.00028104335,0.0,-0.00028104335,1.0,2.132159,0.0,0.0
0.7963087,0.000997331,3.3367474,-0.8399856,-0.8220124,-0.5634012,0.83969826,0.83944625,-0.00025200844,0.0,-0.00025200844,1.0,0.7963087,0.0,0.0
0.81947017,0.000997331,0.29841843,0.91340107,0.85316575,0.48368967,-0.91400856,-0.9138602,0.00014835596,0.0,0.00014835596,1.0,0.81947017,0.0,0.0
0.36292017,0.000997331,4.991922,-0.24262491,-0.64040494,0.43940797,0.23661639,0.23688567,0.00026927888,0.0,0.00026927888,1.0,0.36292017,0.0,0.0
0.7785457,0.000997331,3.0267959,-0.61715674,-0.62600565,-0.7783483,0.6144048,0.6147113,0.00030648708,0.0,0.00030648708,1.0,0.7785457,0.0,0.0
1.2692862,0.000997331,1.4874234,1.0312533,-0.3203799,-0.8716605,-1.0316601,-1.0316334,2.670288e-05,0.0,2.670288e-05,1.0,1.8723065,0.0,0.0
0.63326246,0.000997331,1.7078205,0.5050937,0.6884135,-0.66720915,-0.5049822,-0.50511724,-0.00013506413,0.0,-0.00013506413,1.0,0.63326246,0.0,0.0
0.38210693,0.000997331,4.519598,-0.43730643,-1.0883803,0.29598242,0.43863943,0.43860036,-3.9070845e-05,0.0,-3.9070845e-05,1.0,0.38210693,0.0,0.0
0.28696322,0.000997331,4.7712264,-0.26570243,0.9005412,0.29939538,0.26220375,0.26229832,9.456277e-05,0.0,9.456277e-05,1.0,2.8546295,0.0,0.0
0.6630416,0.000997331,4.7327003,-0.60280013,0.7728408,0.62886775,0.60037833,0.6004292,5.0842762e-05,0.0,5.0842762e-05,1.0,2.4785511,0.0,0.0
0.59690744,0.000997331,2.7168345,-0.28026423,0.4134306,-0.7436354,0.27713734,0.27699554,-0.00014179945,0.0,-0.00014179945,1.0,2.5446851,0.0,0.0
0.55931795,0.000997331,5.8854313,0.28345987,-0.4520946,0.6960914,-0.274836,-0.2751667,-0.00033068657,0.0,-0.00033068657,1.0,2.5822747,0.0,0.0
0.984687,0.000997331,3.2548897,-0.9221314,-0.6125937,-0.73402435,0.9220661,0.9222688,0.0002027154,0.0,0.0002027154,1.0,0.984687,0.0,0.0
0.07171977,0.000997331,5.742184,0.024452819,0.33849388,0.09976404,-0.018177815,-0.017751915,0.0004258994,0.0,0.0004258994,1.0,0.07171977,0.0,0.0
0.7581717,0.000997331,4.8009024,-0.6240671,0.660182,0.7464987,0.6220485,0.6221393,9.0777874e-05,0.0,9.0777874e-05,1.0,2.383421,0.0,0.0
0.31819427,0.000997331,5.1223617,-0.1621467,0.4916497,0.4106479,0.1606655,0.16008064,-0.0005848557,0.0,-0.0005848557,1.0,2.8233984,0.0,0.0
0.90765184,0.000997331,2.9353368,-0.60997134,-0.47702968,-0.93296015,0.6076001,0.60799515,0.0003950596,0.0,0.0003950596,1.0,0.90765184,0.0,0.0
1.0571462,0.000997331,0.97740275,1.209105,0.6823075,-0.23500226,-1.209558,-1.2096733,-0.00011527538,0.0,-0.00011527538,1.0,1.0571462,0.0,0.0
0.871199,0.000997331,3.5625467,-1.0112071,0.8498161,-0.3863743,1.0107884,1.0105604,-0.00022804737,0.0,-0.00022804737,1.0,2.2703936,0.0,0.0
1.1227288,0.000997331,1.5217133,0.94462216,-0.45384943,-0.8558111,-0.9455333,-0.94558597,-5.2690506e-05,0.0,-5.2690506e-05,1.0,2.018864,0.0,0.0
1.3837715,0.000997331,0.47497818,1.3232329,-0.25028712,0.42446202,-1.3242362,-1.3244433,-0.00020718575,0.0,-0.00020718575,1.0,1.7578211,0.0,0.0
1.2858047,0.000997331,0.25035474,1.1675619,0.34204328,0.6916841,-1.1672901,-1.1676126,-0.00032246113,0.0,-0.00032246113,1.0,1.2858047,0.0,0.0
0.23671803,0.000997331,0.22956644,0.28167138,-1.1677909,0.17559616,-0.28011072,-0.28006923,4.1484833e-05,0.0,4.1484833e-05,1.0,2.9048746,0.0,0.0
1.0814737,0.000997331,4.142434,-1.2194036,-0.6488163,0.26732448,1.2182984,1.2186556,0.00035715103,0.0,0.00035715103,1.0,1.0814737,0.0,0.0
0.71338785,0.000997331,4.3720617,-0.835666,0.9655849,0.39950028,0.8369795,0.83675456,-0.00022494793,0.0,-0.00022494793,1.0,2.4282048,0.0,0.0
0.3663403,0.000997331,2.8456936,-0.23828883,-0.62023795,-0.44684717,0.23828946,0.23820584,-8.362532e-05,0.0,-8.362532e-05,1.0,0.3663403,0.0,0.0
0.07139804,0.000997331,6.145449,0.061226122,0.852185,0.078281656,-0.097195804,-0.09705934,0.00013646483,0.0,0.00013646483,1.0,0.07139804,0.0,0.0
1.4982405,0.000997331,1.5908927,0.9771741,0.07155132,-1.0170957,-0.977368,-0.9772354,0.00013262033,0.0,0.00013262033,1.0,1.4982405,0.0,0.0
0.1821822,0.000997331,0.92541474,0.25381842,-1.3777679,-0.036099046,-0.25481164,-0.25407028,0.0007413626,0.0,0.0007413626,1.0,2.9594104,0.0,0.0
0.17456436,0.000997331,1.8881536,0.11082913,-0.62760746,-0.21865033,-0.10954817,-0.1103861,-0.000837937,0.0,-0.000837937,1.0,2.9670284,0.0,0.0
0.50341445,0.000997331,3.3530684,-0.5732559,1.0398068,-0.37174731,0.5737009,0.5743445,0.00064361095,0.0,0.00064361095,1.0,2.638178,0.0,0.0
0.6048738,0.000997331,5.171797,-0.25735202,0.37236106,0.76111,0.25439155,0.2542315,-0.00016003847,0.0,-0.00016003847,1.0,2.5367188,0.0,0.0
1.3359038,0.000997331,2.6348374,-0.37853107,-0.09123522,-1.322716,0.37804756,0.3779722,-7.537007e-05,0.0,-7.537007e-05,1.0,1.3359038,0.0,0.0
0.9229067,0.000997331,6.055691,0.5968731,0.45440605,0.9559759,-0.5953746,-0.5953236,5.096197e-05,0.0,5.096197e-05,1.0,0.9229067,0.0,0.0
1.0147905,0.000997331,0.96807426,1.1813135,-0.7336006,-0.21801159,-1.1813037,-1.1806455,0.0006582737,0.0,0.0006582737,1.0,2.1268022,0.0,0.0
1.0254956,0.000997331,5.352862,-0.1744633,0.10607447,1.1969223,0.17231043,0.1719324,-0.00037802756,0.0,-0.00037802756,1.0,2.116097,0.0,0.0
0.89351946,0.000997331,2.442918,-0.09560934,-0.07660037,-1.0972357,0.09528238,0.09500776,-0.00027462095,0.0,-0.00027462095,1.0,0.89351946,0.0,0.0
0.31966898,0.000997331,2.69379,-0.14735524,-0.4443776,-0.41924477,0.14808816,0.14797033,-0.00011782348,0.0,-0.00011782348,1.0,0.31966898,0.0,0.0
0.76980233,0.000997331,2.8422709,-0.45977983,-0.47444758,-0.870092,0.45708734,0.45744976,0.00036242604,0.0,0.00036242604,1.0,0.76980233,0.0,0.0
1.4913415,0.000997331,1.9675908,0.5341898,0.043315023,-1.3048694,-0.5354687,-0.53571194,-0.00024324656,0.0,-0.00024324656,1.0,1.4913415,0.0,0.0
1.2200679,0.000997331,4.122073,-1.3031179,0.47571245,0.25674996,1.3023342,1.3022835,-5.0663948e-05,0.0,-5.0663948e-05,1.0,1.9215248,0.0,0.0
0.43167216,0.000997331,5.5655465,0.039914824,0.08777124,0.58790255,-0.03878957,-0.03883234,-4.2770058e-05,0.0,-4.2770058e-05,1.0,0.43167216,0.0,0.0
1.2317247,0.000997331,4.840113,-0.81548595,-0.2886119,1.0550073,0.8164819,0.81647503,-6.854534e-06,0.0,-6.854534e-06,1.0,1.2317247,0.0,0.0
0.7056394,0.000997331,1.8346648,0.45659438,0.53612995,-0.79541874,-0.45571733,-0.45596337,-0.00024604797,0.0,-0.00024604797,1.0,0.7056394,0.0,0.0
1.0457935,0.000997331,5.0203137,-0.56248397,0.32683128,1.0878049,0.5632071,0.56296265,-0.00024443865,0.0,-0.00024443865,1.0,2.0957992,0.0,0.0
1.390329,0.000997331,4.6263604,-1.064924,-0.19526458,0.8949293,1.0656365,1.0659307,0.00029420853,0.0,0.00029420853,1.0,1.390329,0.0,0.0
0.9360695,0.000997331,6.145658,0.6871106,0.50847846,0.90753007,-0.6841241,-0.68430835,-0.00018423796,0.0,-0.00018423796,1.0,0.9360695,0.0,0.0
0.50676626,0.000997331,0.87327224,0.6839268,-1.2316444,-0.059835218,-0.6847259,-0.6843903,0.00033557415,0.0,0.00033557415,1.0,2.6348264,0.0,0.0
0.68652165,0.000997331,1.7808509,0.48743168,0.59505206,-0.7522976,-0.48690838,-0.4871297,-0.00022131205,0.0,-0.00022131205,1.0,0.68652165,0.0,0.0
0.23668201,0.000997331,3.841691,-0.33059087,-1.3706582,-0.02853924,0.33090037,0.33098245,8.2075596e-05,0.0,8.2075596e-05,1.0,0.23668201,0.0,0.0
0.54524,0.000997331,1.753484,0.41569957,-0.68571913,-0.6046733,-0.4142205,-0.4141223,9.819865e-05,0.0,9.819865e-05,1.0,2.5963526,0.0,0.0
0.7271854,0.000997331,3.5136967,-0.86132246,0.96665597,-0.37848586,0.8619182,0.86167365,-0.00024455786,0.0,-0.00024455786,1.0,2.4144073,0.0,0.0
1.2897383,0.000997331,0.7833621,1.3587705,-0.39214918,0.002509608,-1.3584234,-1.3584199,3.4570694e-06,0.0,3.4570694e-06,1.0,1.8518543,0.0,0.0
0.67266166,0.000997331,0.111408725,0.6884862,-0.86451954,0.5498886,-0.68987375,-0.69013685,-0.0002630949,0.0,-0.0002630949,1.0,2.468931,0.0,0.0
0.38786447,0.000997331,5.6674957,0.08993302,0.22149698,0.5252393,-0.08448431,-0.08426475,0.00021956116,0.0,0.00021956116,1.0,0.38786447,0.0,0.0
1.3463235,0.000997331,1.803634,0.72358835,0.16608895,-1.1736808,-0.7234391,-0.7234428,-3.695488e-06,0.0,-3.695488e-06,1.0,1.3463235,0.0,0.0
0.55143726,0.000997331,3.6809785,-0.71896875,-1.1687915,-0.18097503,0.7208167,0.7209593,0.00014263391,0.0,0.00014263391,1.0,0.55143726,0.0,0.0
0.7416626,0.000997331,5.677311,0.17041333,-0.18728359,0.93923753,-0.16827777,-0.16830274,-2.4974346e-05,0.0,-2.4974346e-05,1.0,2.39993,0.0,0.0
1.058577,0.000997331,0.4589527,1.1676286,0.656384,0.39513403,-1.1668701,-1.1668026,6.747246e-05,0.0,6.747246e-05,1.0,1.058577,0.0,0.0
0.7025668,0.000997331,5.182531,-0.2829263,-0.3359244,0.86850774,0.28028336,0.28046355,0.00018018484,0.0,0.00018018484,1.0,0.7025668,0.0,0.0
0.6666398,0.000997331,2.3149834,0.035994247,-0.04535317,-0.87311614,-0.03466773,-0.03482627,-0.0001585409,0.0,-0.0001585409,1.0,2.474953,0.0,0.0
1.3104959,0.000997331,4.038527,-1.3581221,0.3607587,0.15140513,1.3562913,1.3562114,-7.9870224e-05,0.0,-7.9870224e-05,1.0,1.8310968,0.0,0.0
1.2452968,0.000997331,4.809074,-0.8518281,-0.2884997,1.0340054,0.85262036,0.85263395,1.3589859e-05,0.0,1.3589859e-05,1.0,1.2452968,0.0,0.0
1.1233202,0.000997331,2.309003,0.05996331,0.029153962,-1.2731528,-0.060560115,-0.060215764,0.00034435093,0.0,0.00034435093,1.0,1.1233202,0.0,0.0
0.9173099,0.000997331,3.1659963,-0.81321114,-0.6232103,-0.77490175,0.81206715,0.81231314,0.00024598837,0.0,0.00024598837,1.0,0.9173099,0.0,0.0
0.49902433,0.000997331,5.147467,-0.2320969,0.42571694,0.6347641,0.22924346,0.22887725,-0.00036621094,0.0,-0.00036621094,1.0,2.6425683,0.0,0.0
0.92698467,0.000997331,2.2935317,0.07073264,-0.053112146,-1.129063,-0.0700583,-0.06998719,7.110834e-05,0.0,7.110834e-05,1.0,2.214608,0.0,0.0
0.07417444,0.000997331,2.8439915,-0.049086392,0.66003025,-0.0933567,0.04867787,0.04819207,-0.0004858002,0.0,-0.0004858002,1.0,3.067418,0.0,0.0
1.346405,0.000997331,4.775907,-0.91161156,0.2081565,1.0350244,0.9147378,0.9149805,0.00024265051,0.0,0.00024265051,1.0,1.7951877,0.0,0.0
1.1836132,0.000997331,2.1939104,0.21157826,-0.08647169,-1.2932256,-0.21275395,-0.21267897,7.498264e-05,0.0,7.498264e-05,1.0,1.9579796,0.0,0.0
1.0908995,0.000997331,3.9933972,-1.2517729,-0.6505722,0.083739415,1.2513393,1.2517383,0.0003989935,0.0,0.0003989935,1.0,1.0908995,0.0,0.0
1.3645843,0.000997331,4.316541,-1.2808,0.2673122,0.52463645,1.2809441,1.2807775,-0.00016665459,0.0,-0.00016665459,1.0,1.7770083,0.0,0.0
0.23749906,0.000997331,3.2990878,-0.2693679,-1.1120548,-0.19536233,0.26840574,0.26835865,-4.708767e-05,0.0,-4.708767e-05,1.0,0.23749906,0.0,0.0
1.4913527,0.000997331,0.07676206,1.0704172,-0.08539037,0.9175544,-1.0703607,-1.0706642,-0.00030350685,0.0,-0.00030350685,1.0,1.6502401,0.0,0.0
0.5342279,0.000997331,3.0150387,-0.44082066,-0.74477375,-0.5693496,0.43860298,0.43854624,-5.6743622e-05,0.0,-5.6743622e-05,1.0,0.5342279,0.0,0.0
0.14918539,0.000997331,3.1855688,-0.15519124,-1.0308934,-0.14165919,0.15547696,0.15536517,-0.00011178851,0.0,-0.00011178851,1.0,0.14918539,0.0,0.0
0.49351633,0.000997331,5.7942834,0.19549558,-0.3629724,0.64180386,-0.18689622,-0.18691415,-1.7926097e-05,0.0,-1.7926097e-05,1.0,2.6480763,0.0,0.0
0.88486207,0.000997331,3.1016078,-0.7423277,-0.6081579,-0.80463,0.7405095,0.7408195,0.00031000376,0.0,0.00031000376,1.0,0.88486207,0.0,0.0
0.85836786,0.000997331,0.54811794,1.0402772,-0.8987284,0.25180602,-1.0391612,-1.0394242,-0.0002629757,0.0,-0.0002629757,1.0,2.2832248,0.0,0.0
0.3914762,0.000997331,6.1921124,0.3451998,0.8340051,0.41775653,-0.3431171,-0.34273088,0.0003862083,0.0,0.0003862083,1.0,0.3914762,0.0,0.0
0.26867306,0.000997331,0.8779795,0.37395424,-1.3579731,-0.034844026,-0.37570137,-0.37440324,0.0012981296,0.0,0.0012981296,1.0,2.8729196,0.0,0.0
0.25692925,0.000997331,4.9483166,-0.18709332,-0.71344316,0.3067702,0.18098974,0.18150851,0.000518769,0.0,0.000518769,1.0,0.25692925,0.0,0.0
1.362194,0.000997331,2.6732452,-0.43179187,0.091424584,-1.3149769,0.43473107,0.43512216,0.00039109588,0.0,0.00039109588,1.0,1.7793988,0.0,0.0
0.14597699,0.000997331,0.21827206,0.1735867,1.1799741,0.11031088,-0.1763942,-0.17586198,0.0005322099,0.0,0.0005322099,1.0,0.14597699,0.0,0.0
0.48992947,0.000997331,4.5916195,-0.52377677,0.9827958,0.41165644,0.5218693,0.52202094,0.00015163422,0.0,0.00015163422,1.0,2.651663,0.0,0.0
1.2754761,0.000997331,2.4819605,-0.16986844,-0.051960804,-1.3424449,0.16855833,0.16868407,0.000125736,0.0,0.000125736,1.0,1.2754761,0.0,0.0
1.0665473,0.000997331,4.014659,-1.2335227,-0.67977417,0.1089575,1.2332228,1.233624,0.00040113926,0.0,0.00040113926,1.0,1.0665473,0.0,0.0
0.886016,0.000997331,3.9032264,-1.0953887,-0.89347035,-0.025498003,1.09745,1.0977561,0.00030612946,0.0,0.00030612946,1.0,0.886016,0.0,0.0
0.8046929,0.000997331,5.324292,-0.17578462,0.1690082,1.0034344,0.17363667,0.17347783,-0.00015884638,0.0,-0.00015884638,1.0,2.3368998,0.0,0.0
1.0263714,0.000997331,6.247738,0.8245959,0.501415,0.88452315,-0.82270634,-0.82302636,-0.00032001734,0.0,-0.00032001734,1.0,1.0263714,0.0,0.0
0.3549753,0.000997331,2.4235544,-0.03324703,-0.08946617,-0.4904179,0.033431966,0.033306867,-0.00012509897,0.0,-0.00012509897,1.0,0.3549753,0.0,0.0
0.256385,0.000997331,1.70043,0.21858874,-0.83400947,-0.28409883,-0.21633983,-0.21675302,-0.0004131943,0.0,-0.0004131943,1.0,2.8852077,0.0,0.0
0.16614003,0.000997331,3.2818031,-0.18719873,1.1142925,-0.14167434,0.18892437,0.18823265,-0.0006917268,0.0,-0.0006917268,1.0,2.9754527,0.0,0.0
1.5428933,0.000997331,1.9917569,0.5039693,-0.013486877,-1.3212049,-0.5059468,-0.5063273,-0.00038045645,0.0,-0.00038045645,1.0,1.5986995,0.0,0.0
0.80388635,0.000997331,0.6433668,1.0081037,-0.9715253,0.14450258,-1.0068495,-1.0071573,-0.0003077984,0.0,-0.0003077984,1.0,2.3377063,0.0,0.0
0.51838124,0.000997331,5.177548,-0.22041866,0.3862435,0.6640966,0.21783765,0.21751454,-0.00032310188,0.0,-0.00032310188,1.0,2.6232114,0.0,0.0
1.4173728,0.000997331,4.833673,-0.8619555,0.1332576,1.1008549,0.8648416,0.86512387,0.0002822876,0.0,0.0002822876,1.0,1.7242199,0.0,0.0
1.3479108,0.000997331,4.5323696,-1.13429,-0.2580208,0.7841718,1.1342595,1.1345084,0.000248909,0.0,0.000248909,1.0,1.3479108,0.0,0.0
0.25174668,0.000997331,4.21194,-0.33826786,-1.314974,0.09953539,0.34140927,0.34132296,-8.6307526e-05,0.0,-8.6307526e-05,1.0,0.25174668,0.0,0.0
0.4247576,0.000997331,0.94285965,0.575786,-1.2728002,-0.09121744,-0.5773959,-0.5769234,0.00047254562,0.0,0.00047254562,1.0,2.716835,0.0,0.0
0.9327512,0.000997331,3.2700865,-0.8996449,0.6668938,-0.6938711,0.8983497,0.89788276,-0.0004669428,0.0,-0.0004669428,1.0,2.2088416,0.0,0.0
0.5036415,0.000997331,4.4865656,-0.57851946,1.0503585,0.36364278,0.5778549,0.5779823,0.00012743473,0.0,0.00012743473,1.0,2.6379511,0.0,0.0
0.79867196,0.000997331,5.3619833,-0.13693103,-0.13446853,1.0034642,0.13495916,0.13506351,0.00010435283,0.0,0.00010435283,1.0,0.79867196,0.0,0.0
0.6691583,0.000997331,0.18016347,0.721442,-0.9123573,0.4990021,-0.72224766,-0.7221223,0.00012534857,0.0,0.00012534857,1.0,2.4724343,0.0,0.0
0.7561925,0.000997331,4.7066884,-0.69008565,0.7326449,0.6832078,0.6886251,0.6886845,5.942583e-05,0.0,5.942583e-05,1.0,2.3854,0.0,0.0
0.7965023,0.000997331,2.2223504,0.1348188,-0.13197008,-1.0018475,-0.13308494,-0.13317853,-9.359419e-05,0.0,-9.359419e-05,1.0,2.3450904,0.0,0.0
0.009183854,0.000997331,2.1705403,0.0023206081,0.2609755,-0.012664851,-0.0031043105,-0.0035999715,-0.00049566105,0.0,-0.00049566105,1.0,0.009183854,0.0,0.0
0.15112047,0.000997331,4.767945,-0.14184996,0.9312428,0.15849848,0.13930169,0.13940164,9.995699e-05,0.0,9.995699e-05,1.0,2.990472,0.0,0.0
1.0677259,0.000997331,4.409104,-1.0981872,0.60410976,0.5743656,1.0990995,1.0989956,-0.0001039505,0.0,-0.0001039505,1.0,2.0738668,0.0,0.0
1.1693867,0.000997331,3.7152898,-1.2728534,-0.5392535,-0.27306867,1.2724218,1.2726724,0.00025057793,0.0,0.00025057793,1.0,1.1693867,0.0,0.0
0.64214,0.000997331,2.7179134,-0.2995292,0.40161157,-0.79202044,0.2967279,0.2965491,-0.00017878413,0.0,-0.00017878413,1.0,2.4994526,0.0,0.0
0.8776045,0.000997331,4.664548,-0.8053135,0.66988903,0.7323349,0.80516696,0.80521107,4.4107437e-05,0.0,4.4107437e-05,1.0,2.2639883,0.0,0.0
1.3748379,0.000997331,5.2839932,-0.29457095,-0.058481384,1.3564849,0.2977866,0.29762462,-0.00016197562,0.0,-0.00016197562,1.0,1.3748379,0.0,0.0
1.1887891,0.000997331,0.6819535,1.30534,-0.5243621,0.13534684,-1.3058896,-1.3059098,-2.014637e-05,0.0,-2.014637e-05,1.0,1.9528035,0.0,0.0
1.2504604,0.000997331,4.567698,-1.0765457,0.35717365,0.8019633,1.0787835,1.078879,9.548664e-05,0.0,9.548664e-05,1.0,1.8911322,0.0,0.0
0.8674323,0.000997331,4.9091296,-0.5988728,0.5091268,0.89773345,0.59783196,0.597886,5.4061413e-05,0.0,5.4061413e-05,1.0,2.2741604,0.0,0.0
0.23892052,0.000997331,5.2108574,-0.094785996,0.38817215,0.3201238,0.0960951,0.095583856,-0.00051124394,0.0,-0.00051124394,1.0,2.902672,0.0,0.0
0.9512869,0.000997331,3.9187546,-1.151606,-0.8202106,-0.008912134,1.1530194,1.1533537,0.00033426285,0.0,0.00033426285,1.0,0.9512869,0.0,0.0
1.552028,0.000997331,2.8228912,-0.63665104,0.0116299875,-1.2628273,0.6388428,0.638957,0.0001142025,0.0,0.0001142025,1.0,1.5895647,0.0,0.0
1.37137,0.000997331,4.2801304,-1.300859,0.2622617,0.4783309,1.3006172,1.3004158,-0.0002014637,0.0,-0.0002014637,1.0,1.7702227,0.0,0.0
1.2440197,0.000997331,2.6963708,-0.44707337,-0.15220381,-1.2629262,0.4461847,0.44601697,-0.00016772747,0.0,-0.00016772747,1.0,1.2440197,0.0,0.0
0.81874436,0.000997331,3.8903792,-1.0326074,0.964523,-0.0381684,1.0345321,1.0344188,-0.000113248825,0.0,-0.000113248825,1.0,2.3228483,0.0,0.0
0.889793,0.000997331,2.070999,0.30907297,-0.25102243,-1.0546956,-0.30794758,-0.30784187,0.00010570884,0.0,0.00010570884,1.0,2.2517996,0.0,0.0
0.02418141,0.000997331,3.0515852,-0.022084156,0.90514183,-0.027004596,0.022008367,0.02239247,0.0003841035,0.0,0.0003841035,1.0,3.1174111,0.0,0.0
1.0726699,0.000997331,3.2055342,-0.9330336,-0.5079016,-0.820831,0.9333691,0.93371284,0.00034374,0.0,0.00034374,1.0,1.0726699,0.0,0.0
1.2259327,0.000997331,1.7921883,0.7113302,0.2563498,-1.1250662,-0.71035206,-0.7104023,-5.0246716e-05,0.0,-5.0246716e-05,1.0,1.2259327,0.0,0.0
1.393179,0.000997331,3.859788,-1.3887067,0.24864523,-0.093685254,1.385841,1.385859,1.8000603e-05,0.0,1.8000603e-05,1.0,1.7484136,0.0,0.0
0.76185894,0.000997331,0.1146024,0.76470125,0.8017113,0.60696036,-0.7642334,-0.76455367,-0.00032025576,0.0,-0.00032025576,1.0,0.76185894,0.0,0.0
0.17503236,0.000997331,0.13306676,0.19579118,1.1065587,0.14946198,-0.19881807,-0.19825822,0.0005598515,0.0,0.0005598515,1.0,0.17503236,0.0,0.0
1.173704,0.000997331,5.2122326,-0.36741123,0.15478963,1.2525042,0.36717066,0.3667094,-0.00046125054,0.0,-0.00046125054,1.0,1.9678887,0.0,0.0
1.0249176,0.000997331,5.031924,-0.5430281,0.3309012,1.080774,0.5434693,0.5432236,-0.00024569035,0.0,-0.00024569035,1.0,2.1166751,0.0,0.0
1.0672977,0.000997331,5.198315,-0.3655444,-0.20254079,1.1838309,0.36815467,0.36831772,0.0001630485,0.0,0.0001630485,1.0,1.0672977,0.0,0.0
1.4059861,0.000997331,4.79768,-0.8993659,0.14952466,1.0670736,0.9023672,0.9026651,0.00029790401,0.0,0.00029790401,1.0,1.7356066,0.0,0.0
0.7027706,0.000997331,1.5921844,0.63245845,-0.74702096,-0.66067547,-0.63288486,-0.6327658,0.000119030476,0.0,0.000119030476,1.0,2.438822,0.0,0.0
1.4702227,0.000997331,1.649309,0.9138833,0.09285831,-1.0698612,-0.91417366,-0.9140683,0.00010538101,0.0,0.00010538101,1.0,1.4702227,0.0,0.0
1.5534973,0.000997331,2.6539898,-0.41528863,0.006721787,-1.3522885,0.41717523,0.41731316,0.00013792515,0.0,0.00013792515,1.0,1.5880953,0.0,0.0
0.12349813,0.000997331,4.6824803,-0.12653032,-1.0211163,0.12035751,0.12488812,0.124918185,3.0063093e-05,0.0,3.0063093e-05,1.0,0.12349813,0.0,0.0
0.3126158,0.000997331,4.7635727,-0.29119697,0.90121424,0.3231821,0.28762496,0.28771856,9.3609095e-05,0.0,9.3609095e-05,1.0,2.8289769,0.0,0.0
0.62392795,0.000997331,5.900384,0.32313076,0.4509875,0.7591158,-0.31590182,-0.315732,0.00016981363,0.0,0.00016981363,1.0,0.62392795,0.0,0.0
1.1391641,0.000997331,2.4622679,-0.13612488,-0.06273471,-1.2770387,0.13459669,0.13468283,8.614361e-05,0.0,8.614361e-05,1.0,1.1391641,0.0,0.0
0.95739806,0.000997331,5.959229,0.5149208,0.36488923,1.0348086,-0.5161736,-0.51595914,0.00021445751,0.0,0.00021445751,1.0,0.95739806,0.0,0.0
0.932255,0.000997331,3.66539,-1.0972574,-0.8136361,-0.29374832,1.0993483,1.0993423,-5.9604645e-06,0.0,-5.9604645e-06,1.0,0.932255,0.0,0.0
0.14816977,0.000997331,0.4068904,0.1940141,1.2996352,0.0767223,-0.19405746,-0.19410443,-4.696846e-05,0.0,-4.696846e-05,1.0,0.14816977,0.0,0.0
1.4519688,0.000997331,2.2155137,0.19687685,-0.023379922,-1.3913784,-0.19786021,-0.198439,-0.0005787909,0.0,-0.0005787909,1.0,1.689624,0.0,0.0
1.5025333,0.000997331,4.590289,-1.112112,-0.0768634,0.86799157,1.1136034,1.1139696,0.00036621094,0.0,0.00036621094,1.0,1.5025333,0.0,0.0
0.8429495,0.000997331,3.1827428,-0.77676475,-0.69256026,-0.7158787,0.7752366,0.7753399,0.00010329485,0.0,0.00010329485,1.0,0.8429495,0.0,0.0
0.7105189,0.000997331,1.6487402,0.59952164,-0.69718397,-0.70170677,-0.5994755,-0.5994662,9.298325e-06,0.0,9.298325e-06,1.0,2.4310737,0.0,0.0
0.53589106,0.000997331,0.71575135,0.72046626,-1.2127302,0.05068554,-0.7197952,-0.71979976,-4.529953e-06,0.0,-4.529953e-06,1.0,2.6057017,0.0,0.0
0.07753863,0.000997331,2.8816042,-0.05519151,-0.70686007,-0.09488411,0.056657445,0.056625452,-3.1992793e-05,0.0,-3.1992793e-05,1.0,0.07753863,0.0,0.0
1.3014365,0.000997331,3.9053712,-1.3628144,-0.3754893,-0.029237825,1.3604156,1.3606281,0.00021255016,0.0,0.00021255016,1.0,1.3014365,0.0,0.0
1.4496683,0.000997331,3.4929063,-1.2736484,0.15527108,-0.58963585,1.2721504,1.272279,0.00012862682,0.0,0.00012862682,1.0,1.6919245,0.0,0.0
1.4717662,0.000997331,0.23964927,1.2029318,-0.11952029,0.7305248,-1.2032728,-1.2028755,0.00039732456,0.0,0.00039732456,1.0,1.6698264,0.0,0.0
0.5904534,0.000997331,0.11454338,0.6167034,-0.9205269,0.48952425,-0.61772,-0.6179849,-0.00026488304,0.0,-0.00026488304,1.0,2.5511394,0.0,0.0
1.2460771,0.000997331,3.5056803,-1.2230854,0.41153246,-0.5478484,1.2206773,1.2209656,0.00028836727,0.0,0.00028836727,1.0,1.8955157,0.0,0.0
0.5339982,0.000997331,4.05033,-0.7146888,-1.2080753,0.08909096,0.71712077,0.7171974,7.665157e-05,0.0,7.665157e-05,1.0,0.5339982,0.0,0.0
1.1021888,0.000997331,1.4401296,1.0007751,0.50693446,-0.76884174,-1.0013025,-1.0017395,-0.00043702126,0.0,-0.00043702126,1.0,1.1021888,0.0,0.0
1.0694911,0.000997331,1.7699,0.6859218,0.37653005,-1.0335145,-0.6843452,-0.6846115,-0.00026631355,0.0,-0.00026631355,1.0,1.0694911,0.0,0.0
0.9203325,0.000997331,2.7586799,-0.440846,-0.33577034,-1.0353537,0.43848982,0.43861717,0.00012734532,0.0,0.00012734532,1.0,0.9203325,0.0,0.0
0.6707241,0.000997331,4.24936,-0.83386385,-1.0502732,0.2795773,0.8343963,0.8343945,-1.7881393e-06,0.0,-1.7881393e-06,1.0,0.6707241,0.0,0.0
0.49313426,0.000997331,1.4699531,0.5183338,0.9653007,-0.42341042,-0.5169609,-0.5171433,-0.00018239021,0.0,-0.00018239021,1.0,0.49313426,0.0,0.0
0.17144077,0.000997331,6.09782,0.13650115,0.7844415,0.2006823,-0.14744541,-0.14750582,-6.0409307e-05,0.0,-6.0409307e-05,1.0,0.17144077,0.0,0.0
0.13910283,0.000997331,3.63205,-0.18814836,1.3410085,-0.0570475,0.19149154,0.19083324,-0.0006583035,0.0,-0.0006583035,1.0,3.0024898,0.0,0.0
0.0039643445,0.000997331,0.88628536,0.005372599,1.4074198,-0.0005977843,-0.0028080102,-0.0037579322,-0.000949922,0.0,-0.000949922,1.0,0.0039643445,0.0,0.0
0.34974024,0.000997331,3.0888407,-0.32412174,0.8881171,-0.36159968,0.3224772,0.32246423,-1.296401e-05,0.0,-1.296401e-05,1.0,2.7918525,0.0,0.0
0.57101345,0.000997331,2.1993735,0.11910966,0.18540332,-0.7547593,-0.11827553,-0.118456595,-0.00018106401,0.0,-0.00018106401,1.0,0.57101345,0.0,0.0
1.3812965,0.000997331,0.9960201,1.3582417,0.26039168,-0.290371,-1.358974,-1.3585953,0.0003787279,0.0,0.0003787279,1.0,1.3812965,0.0,0.0
0.3324992,0.000997331,1.5883296,0.32032448,0.92837536,-0.33189172,-0.31855315,-0.3191774,-0.00062423944,0.0,-0.00062423944,1.0,0.3324992,0.0,0.0
1.5548881,0.000997331,4.332165,-1.2997091,0.020066643,0.5562345,1.29969,1.29967,-2.002716e-05,0.0,-2.002716e-05,1.0,1.5867045,0.0,0.0
0.02804106,0.000997331,1.9175938,0.016708804,0.6001068,-0.035656936,-0.016547434,-0.016618013,-7.057935e-05,0.0,-7.057935e-05,1.0,0.02804106,0.0,0.0
1.0400747,0.000997331,1.1397417,1.1439164,0.6716193,-0.42331368,-1.1450219,-1.1451457,-0.00012373924,0.0,-0.00012373924,1.0,1.0400747,0.0,0.0
0.19456865,0.000997331,5.5820546,0.022960788,-0.114740655,0.27383944,-0.014449,-0.014428827,2.0173378e-05,0.0,2.0173378e-05,1.0,2.947024,0.0,0.0
0.37073645,0.000997331,1.4451374,0.404531,1.0415086,-0.31411493,-0.40216637,-0.40279454,-0.00062817335,0.0,-0.00062817335,1.0,0.37073645,0.0,0.0
0.01471662,0.000997331,4.1169024,-0.020425228,-1.389935,0.0040215766,0.020976346,0.021512514,0.000536168,0.0,0.000536168,1.0,0.01471662,0.0,0.0
1.0596809,0.000997331,0.5572834,1.2015281,0.6737238,0.2788582,-1.2005174,-1.2006054,-8.7976456e-05,0.0,-8.7976456e-05,1.0,1.0596809,0.0,0.0
0.5206965,0.000997331,3.6205418,-0.67107344,-1.1701608,-0.21289113,0.67225313,0.6723308,7.766485e-05,0.0,7.766485e-05,1.0,0.5206965,0.0,0.0
1.1154737,0.000997331,3.888912,-1.2693068,-0.6204059,-0.047901347,1.2689962,1.2693443,0.00034809113,0.0,0.00034809113,1.0,1.1154737,0.0,0.0
1.3497181,0.000997331,5.902777,0.54411936,-0.12329891,1.2684817,-0.54602945,-0.54616,-0.00013053417,0.0,-0.00013053417,1.0,1.7918745,0.0,0.0
0.10565692,0.000997331,6.1508427,0.09099427,0.85469526,0.11735615,-0.12092901,-0.12101738,-8.837134e-05,0.0,-8.837134e-05,1.0,0.10565692,0.0,0.0
0.54910797,0.000997331,3.1984835,-0.5508516,0.8998403,-0.49273995,0.54956365,0.5500729,0.0005092621,0.0,0.0005092621,1.0,2.5924847,0.0,0.0
0.30855772,0.000997331,0.2754079,0.37479842,-1.1759794,0.21026984,-0.37441266,-0.37405676,0.00035589933,0.0,0.00035589933,1.0,2.833035,0.0,0.0
0.38459328,0.000997331,2.3665173,-0.0056480914,-0.0138288895,-0.53051925,0.0056920014,0.005614507,-7.749442e-05,0.0,-7.749442e-05,1.0,0.38459328,0.0,0.0
1.4845297,0.000997331,3.583497,-1.3265829,0.1148581,-0.47379345,1.324582,1.3246994,0.00011742115,0.0,0.00011742115,1.0,1.6570629,0.0,0.0
0.122502804,0.000997331,5.3887796,-0.01885466,-0.15156457,0.17038298,0.02110812,0.021052532,-5.5588782e-05,0.0,-5.5588782e-05,1.0,0.122502804,0.0,0.0
1.3034971,0.000997331,3.7713575,-1.3474689,-0.36817437,-0.2109099,1.3453977,1.3456128,0.00021505356,0.0,0.00021505356,1.0,1.3034971,0.0,0.0
0.45948675,0.000997331,0.40126795,0.5815154,1.1753634,0.23525536,-0.581354,-0.58103526,0.00031876564,0.0,0.00031876564,1.0,0.45948675,0.0,0.0
1.2338167,0.000997331,3.9243307,-1.3347226,0.46649295,-0.0040575275,1.3330562,1.3332994,0.00024318695,0.0,0.00024318695,1.0,1.907776,0.0,0.0
1.5581119,0.000997331,1.2776643,1.2462162,-0.015769143,-0.6681808,-1.2453758,-1.2454882,-0.00011241436,0.0,-0.00011241436,1.0,1.5834807,0.0,0.0
0.38645068,0.000997331,2.9298394,-0.28907874,0.71052253,-0.44862556,0.28583068,0.2857837,-4.696846e-05,0.0,-4.696846e-05,1.0,2.755142,0.0,0.0
0.16131642,0.000997331,3.393676,-0.19603935,1.202272,-0.11628649,0.19860601,0.19796216,-0.0006438494,0.0,-0.0006438494,1.0,2.9802763,0.0,0.0
0.05426934,0.000997331,5.27893,-0.016790332,0.30695587,0.07536554,0.021938227,0.022215521,0.00027729385,0.0,0.00027729385,1.0,3.0873234,0.0,0.0
1.0860481,0.000997331,4.2541323,-1.1848795,-0.6238935,0.40241727,1.1832265,1.1834753,0.0002487898,0.0,0.0002487898,1.0,1.0860481,0.0,0.0
0.26421008,0.000997331,2.981482,-0.21631601,-0.7984046,-0.29926062,0.21655726,0.21642213,-0.00013513863,0.0,-0.00013513863,1.0,0.26421008,0.0,0.0
1.4269357,0.000997331,2.0975428,0.35807687,-0.05164659,-1.3538337,-0.3601127,-0.36059636,-0.0004836619,0.0,-0.0004836619,1.0,1.7146571,0.0,0.0
0.07693674,0.000997331,2.806451,-0.04724115,0.61268216,-0.09860373,0.046691813,0.046221234,-0.00047057867,0.0,-0.00047057867,1.0,3.064656,0.0,0.0
0.6838425,0.000997331,1.9343365,0.36549318,0.4485381,-0.81520057,-0.36436248,-0.3645745,-0.00021201372,0.0,-0.00021201372,1.0,0.6838425,0.0,0.0
0.22434914,0.000997331,3.6304553,-0.30101588,-1.3191705,-0.09215929,0.29988402,0.30001813,0.00013411045,0.0,0.00013411045,1.0,0.22434914,0.0,0.0
0.26628825,0.000997331,1.8731822,0.17280284,-0.6331439,-0.32918748,-0.17106126,-0.1715948,-0.0005335361,0.0,-0.0005335361,1.0,2.8753045,0.0,0.0
1.3972201,0.000997331,1.4769961,1.0729029,0.18842965,-0.8884789,-1.0727807,-1.0728087,-2.8014183e-05,0.0,-2.8014183e-05,1.0,1.3972201,0.0,0.0
0.29216447,0.000997331,2.9876006,-0.24035734,0.7987616,-0.32991952,0.23839824,0.23799983,-0.00039841235,0.0,-0.00039841235,1.0,2.8494282,0.0,0.0
0.62733394,0.000997331,3.4374638,-0.7328352,-1.010786,-0.39120507,0.7330135,0.73270124,-0.00031226873,0.0,-0.00031226873,1.0,0.62733394,0.0,0.0
1.3673472,0.000997331,0.33010653,1.2440368,-0.25663018,0.6091854,-1.2449108,-1.2443202,0.00059068203,0.0,0.00059068203,1.0,1.7742454,0.0,0.0
1.1064572,0.000997331,4.447625,-1.0968704,-0.5499376,0.62890065,1.0949128,1.0949496,3.683567e-05,0.0,3.683567e-05,1.0,1.1064572,0.0,0.0
1.2582083,0.000997331,1.7348763,0.78355837,-0.25315273,-1.0941265,-0.78574556,-0.7852986,0.00044697523,0.0,0.00044697523,1.0,1.8833845,0.0,0.0
0.7310799,0.000997331,2.2600117,0.09059593,-0.10089868,-0.93947715,-0.08881371,-0.08897144,-0.00015773624,0.0,-0.00015773624,1.0,2.4105127,0.0,0.0
1.1489676,0.000997331,0.5237187,1.2464085,-0.5594786,0.3338443,-1.2474314,-1.2475713,-0.0001399517,0.0,-0.0001399517,1.0,1.9926251,0.0,0.0
0.27234814,0.000997331,4.4744577,-0.32479754,1.1633732,0.19896793,0.32263678,0.32319355,0.000556767,0.0,0.000556767,1.0,2.8692446,0.0,0.0
0.22486235,0.000997331,4.2366357,-0.30050302,-1.3136674,0.09663602,0.30370435,0.30357367,-0.00013068318,0.0,-0.00013068318,1.0,0.22486235,0.0,0.0
0.5902109,0.000997331,1.4617306,0.6139362,-0.91682094,-0.4932989,-0.6150613,-0.61452293,0.00053834915,0.0,0.00053834915,1.0,2.5513818,0.0,0.0
0.7395722,0.000997331,3.8357625,-0.9495883,-1.0401447,-0.086658046,0.9525645,0.9528134,0.000248909,0.0,0.000248909,1.0,0.7395722,0.0,0.0
0.6759937,0.000997331,1.0376377,0.8567564,1.0685239,-0.22133017,-0.85642767,-0.8565681,-0.00014042854,0.0,-0.00014042854,1.0,0.6759937,0.0,0.0
1.2194616,0.000997331,2.681952,-0.4253372,0.15636212,-1.258225,0.4281346,0.42860162,0.0004670322,0.0,0.0004670322,1.0,1.9221311,0.0,0.0
1.0141913,0.000997331,2.3831766,-0.032565624,-0.019962054,-1.1997201,0.032003053,0.032008097,5.044043e-06,0.0,5.044043e-06,1.0,1.0141913,0.0,0.0
0.8801794,0.000997331,3.901353,-1.0902514,0.8995207,-0.02836118,1.0917292,1.0917919,6.2704086e-05,0.0,6.2704086e-05,1.0,2.2614133,0.0,0.0
0.38205603,0.000997331,0.15169099,0.42480704,-1.0577157,0.31261396,-0.42355502,-0.4241177,-0.00056269765,0.0,-0.00056269765,1.0,2.7595367,0.0,0.0
1.4390775,0.000997331,6.127483,0.82621986,-0.110776976,1.132802,-0.8295475,-0.8302518,-0.0007042885,0.0,-0.0007042885,1.0,1.7025151,0.0,0.0
1.1472907,0.000997331,2.2249742,0.16848949,0.07650103,-1.2778594,-0.16859691,-0.16813222,0.0004646927,0.0,0.0004646927,1.0,1.1472907,0.0,0.0
0.7326898,0.000997331,6.2671466,0.6584212,-0.72893894,0.68273723,-0.6497685,-0.6493243,0.0004441738,0.0,0.0004441738,1.0,2.408903,0.0,0.0
1.3621765,0.000997331,4.631469,-1.0547123,0.22312541,0.8956375,1.057548,1.0577914,0.00024330616,0.0,0.00024330616,1.0,1.7794161,0.0,0.0
0.9345274,0.000997331,4.9338694,-0.60788316,-0.4505589,0.96112615,0.6083,0.6086154,0.00031542778,0.0,0.00031542778,1.0,0.9345274,0.0,0.0
1.1499434,0.000997331,2.513281,-0.20205574,-0.09062553,-1.2747684,0.2003813,0.20038721,5.915761e-06,0.0,5.915761e-06,1.0,1.1499434,0.0,0.0
1.1988114,0.000997331,4.197543,-1.2695137,-0.49514532,0.35212225,1.2678537,1.2681761,0.00032234192,0.0,0.00032234192,1.0,1.1988114,0.0,0.0
0.43782833,0.000997331,5.932717,0.25197187,0.53885686,0.54409176,-0.24075338,-0.24026208,0.0004913062,0.0,0.0004913062,1.0,0.43782833,0.0,0.0
0.22579786,0.000997331,1.098445,0.30130562,-1.3120935,-0.09788461,-0.3016472,-0.30205473,-0.00040754676,0.0,-0.00040754676,1.0,2.9157948,0.0,0.0
1.2304163,0.000997331,1.7640074,0.74431914,-0.26362762,-1.1061121,-0.7465939,-0.7461339,0.00045996904,0.0,0.00045996904,1.0,1.9111763,0.0,0.0
1.159891,0.000997331,1.6335281,0.8573395,0.3741073,-0.9729096,-0.8566221,-0.8569722,-0.00035011768,0.0,-0.00035011768,1.0,1.159891,0.0,0.0
0.0045225914,0.000997331,5.448385,-0.00048980676,-0.06983566,0.006401374,0.00669772,0.006840825,0.00014310516,0.0,0.00014310516,1.0,0.0045225914,0.0,0.0
0.3779202,0.000997331,5.695826,0.10244383,-0.25735942,0.51265204,-0.09348965,-0.0933637,0.00012594461,0.0,0.00012594461,1.0,2.7636724,0.0,0.0
0.34896466,0.000997331,4.862676,-0.28630534,-0.78827107,0.3902017,0.28194997,0.28226882,0.00031885505,0.0,0.00031885505,1.0,0.34896466,0.0,0.0
0.082855694,0.000997331,5.0872393,-0.04683066,0.5615541,0.106899865,0.04867059,0.048591837,-7.875264e-05,0.0,-7.875264e-05,1.0,3.058737,0.0,0.0
1.4044763,0.000997331,3.3201463,-1.145805,0.19276899,-0.7944766,1.1451085,1.1451664,5.7935715e-05,0.0,5.7935715e-05,1.0,1.7371163,0.0,0.0
0.34077454,0.000997331,0.34873644,0.42832217,-1.2077221,0.20048277,-0.42880714,-0.42834604,0.00046110153,0.0,0.00046110153,1.0,2.8008182,0.0,0.0
1.0492669,0.000997331,1.7199769,0.72874284,-0.419017,-0.9865444,-0.73001426,-0.7298552,0.0001590848,0.0,0.0001590848,1.0,2.0923257,0.0,0.0
0.3725829,0.000997331,1.0168328,0.501266,-1.2825173,-0.11813685,-0.50302434,-0.5028419,0.00018244982,0.0,0.00018244982,1.0,2.7690098,0.0,0.0
0.18910639,0.000997331,1.9056883,0.115582764,0.6045488,-0.23896372,-0.11594512,-0.11607093,-0.0001258105,0.0,-0.0001258105,1.0,0.18910639,0.0,0.0
0.75840724,0.000997331,2.501491,-0.14095935,-0.14847936,-0.96170527,0.14084053,0.14055069,-0.0002898425,0.0,-0.0002898425,1.0,0.75840724,0.0,0.0
0.33957,0.000997331,2.0207098,0.15505652,-0.4383582,-0.44432232,-0.15372792,-0.15372618,1.7434359e-06,0.0,1.7434359e-06,1.0,2.8020227,0.0,0.0
0.91631395,0.000997331,5.0549536,-0.48066497,-0.37045503,1.0136607,0.48147637,0.48188496,0.00040858984,0.0,0.00040858984,1.0,0.91631395,0.0,0.0
1.3921114,0.000997331,3.4274843,-1.2218292,-0.2202683,-0.66573495,1.2222106,1.2224603,0.00024962425,0.0,0.00024962425,1.0,1.3921114,0.0,0.0
1.5519785,0.000997331,0.7623035,1.413623,-0.026565928,0.032497894,-1.4134564,-1.4136846,-0.00022816658,0.0,-0.00022816658,1.0,1.5896143,0.0,0.0
0.6692109,0.000997331,3.8907676,-0.87738025,1.1079617,-0.031891927,0.88003635,0.87969714,-0.00033921003,0.0,-0.00033921003,1.0,2.4723818,0.0,0.0
1.2605659,0.000997331,5.023991,-0.6147728,-0.19780108,1.1982609,0.6172793,0.6172345,-4.476309e-05,0.0,-4.476309e-05,1.0,1.2605659,0.0,0.0
0.33404958,0.000997331,0.9677472,0.45589784,1.3141369,-0.08469417,-0.45667827,-0.45688793,-0.00020965934,0.0,-0.00020965934,1.0,0.33404958,0.0,0.0
1.4802855,0.000997331,3.0356104,-0.8853714,-0.080501616,-1.0954131,0.8875165,0.88743275,-8.3744526e-05,0.0,-8.3744526e-05,1.0,1.4802855,0.0,0.0
0.8093945,0.000997331,0.068498015,0.77174604,0.7357199,0.67278206,-0.77118933,-0.7714212,-0.00023186207,0.0,-0.00023186207,1.0,0.8093945,0.0,0.0
0.15447146,0.000997331,0.19153918,0.1804182,1.1579828,0.12160814,-0.18334778,-0.18279678,0.00055100024,0.0,0.00055100024,1.0,0.15447146,0.0,0.0
0.7529464,0.000997331,0.38322657,0.8898545,-0.9496475,0.37852007,-0.888516,-0.88805676,0.0004592538,0.0,0.0004592538,1.0,2.3886464,0.0,0.0
1.5590266,0.000997331,1.8740937,0.65575004,0.008443084,-1.2530385,-0.65741354,-0.6575304,-0.00011688471,0.0,-0.00011688471,1.0,1.5590266,0.0,0.0
1.0538408,0.000997331,3.2301693,-0.9430346,-0.5365389,-0.7893217,0.9433198,0.943635,0.00031518936,0.0,0.00031518936,1.0,1.0538408,0.0,0.0
0.7969658,0.000997331,1.8350378,0.5035982,-0.49267164,-0.8777761,-0.5024307,-0.5025836,-0.00015294552,0.0,-0.00015294552,1.0,2.344627,0.0,0.0
0.6528397,0.000997331,1.5116628,0.6424076,-0.84037066,-0.57113534,-0.64336365,-0.64299166,0.0003719926,0.0,0.0003719926,1.0,2.4887528,0.0,0.0
0.98367375,0.000997331,4.3476663,-1.0751514,0.7150037,0.48097157,1.0761464,1.0760086,-0.00013780594,0.0,-0.00013780594,1.0,2.157919,0.0,0.0
1.2792504,0.000997331,0.8104328,1.3541547,-0.40623355,-0.034146607,-1.3536477,-1.353543,0.000104665756,0.0,0.000104665756,1.0,1.8623424,0.0,0.0
0.8364051,0.000997331,2.6907034,-0.34462878,-0.31116238,-0.9910744,0.34259045,0.34265372,6.327033e-05,0.0,6.327033e-05,1.0,0.8364051,0.0,0.0
0.20963594,0.000997331,0.96832603,0.2894994,-1.3607864,-0.05384782,-0.29044655,-0.28988427,0.0005622804,0.0,0.0005622804,1.0,2.9319568,0.0,0.0
1.4854016,0.000997331,3.0164323,-0.8645919,0.07418056,-1.1123812,0.86637485,0.8664445,6.967783e-05,0.0,6.967783e-05,1.0,1.656191,0.0,0.0
0.59343916,0.000997331,1.8019801,0.4161226,-0.6172907,-0.67292696,-0.41437382,-0.41439766,-2.3841858e-05,0.0,-2.3841858e-05,1.0,2.5481534,0.0,0.0
1.5178008,0.000997331,1.8658615,0.6651226,0.03606987,-1.2459165,-0.6664588,-0.6665618,-0.000102996826,0.0,-0.000102996826,1.0,1.5178008,0.0,0.0
0.026257565,0.000997331,2.5030856,-0.0052299853,0.20643455,-0.037181325,0.00398596,0.0039743707,-1.1589378e-05,0.0,-1.1589378e-05,1.0,3.115335,0.0,0.0
0.12090456,0.000997331,3.5191364,-0.15665948,-1.2889085,-0.06748369,0.15552291,0.15529406,-0.00022885203,0.0,-0.00022885203,1.0,0.12090456,0.0,0.0
0.6392095,0.000997331,0.06475312,0.6339228,0.85284317,0.5567504,-0.6327028,-0.6330105,-0.00030767918,0.0,-0.00030767918,1.0,0.6392095,0.0,0.0
0.09110735,0.000997331,3.4433272,-0.11400793,-1.2467636,-0.05950167,0.11327425,0.1129829,-0.0002913475,0.0,-0.0002913475,1.0,0.09110735,0.0,0.0
0.22103283,0.000997331,5.3820477,-0.03598681,0.15961932,0.3077082,0.04127599,0.040955357,-0.000320632,0.0,-0.000320632,1.0,2.92056,0.0,0.0
0.3114833,0.000997331,1.4062554,0.35222057,1.0947614,-0.25228286,-0.34965432,-0.35045385,-0.0007995367,0.0,-0.0007995367,1.0,0.3114833,0.0,0.0
0.9338825,0.000997331,0.48929635,1.0874937,0.8042459,0.33162767,-1.0871825,-1.0873566,-0.00017404556,0.0,-0.00017404556,1.0,0.9338825,0.0,0.0
0.48028088,0.000997331,0.43431532,0.6135962,1.1779344,0.2249524,-0.6140301,-0.613655,0.00037515163,0.0,0.00037515163,1.0,0.48028088,0.0,0.0
0.28799546,0.000997331,3.7029102,-0.39182755,-1.322814,-0.08962724,0.391412,0.3916509,0.00023889542,0.0,0.00023889542,1.0,0.28799546,0.0,0.0
0.08764227,0.000997331,2.640488,-0.03454207,0.39439502,-0.11931965,0.03336628,0.033152413,-0.00021386892,0.0,-0.00021386892,1.0,3.0539503,0.0,0.0
1.2007536,0.000997331,5.4710994,-0.034982964,0.013846235,1.3187466,0.03262071,0.032573078,-4.763156e-05,0.0,-4.763156e-05,1.0,1.940839,0.0,0.0
1.3773246,0.000997331,4.60188,-1.0838284,-0.21331865,0.8664404,1.0843375,1.0846169,0.00027942657,0.0,0.00027942657,1.0,1.3773246,0.0,0.0
1.5020695,0.000997331,5.496405,-0.0019158702,0.00023065694,1.4123944,0.0037419135,0.003650547,-9.136647e-05,0.0,-9.136647e-05,1.0,1.5020695,0.0,0.0
0.028962508,0.000997331,4.9689484,-0.020787911,0.712029,0.03490893,0.022238467,0.022016168,-0.00022229925,0.0,-0.00022229925,1.0,3.1126301,0.0,0.0
1.0883771,0.000997331,3.5693862,-1.1737955,-0.61398613,-0.43833122,1.1745443,1.1746805,0.00013613701,0.0,0.00013613701,1.0,1.0883771,0.0,0.0
0.88256645,0.000997331,0.23661344,0.93196344,0.76644015,0.56982064,-0.9323803,-0.93271255,-0.0003322363,0.0,-0.0003322363,1.0,0.88256645,0.0,0.0
1.3255552,0.000997331,0.42509508,1.2838283,0.3214121,0.4835211,-1.2829437,-1.2825412,0.00040256977,0.0,0.00040256977,1.0,1.3255552,0.0,0.0
0.60178804,0.000997331,4.587001,-0.63249886,0.9216785,0.4921425,0.6312017,0.6312292,2.7537346e-05,0.0,2.7537346e-05,1.0,2.5398047,0.0,0.0
0.80145013,0.000997331,2.530558,-0.17635027,-0.17052197,-0.9998363,0.17574596,0.17549574,-0.0002502203,0.0,-0.0002502203,1.0,0.80145013,0.0,0.0
1.1653434,0.000997331,0.6509162,1.287821,0.5528112,0.1743015,-1.2870109,-1.2869589,5.197525e-05,0.0,5.197525e-05,1.0,1.1653434,0.0,0.0
0.16175866,0.000997331,3.6027539,-0.21644157,1.3238134,-0.072749004,0.21993007,0.21924815,-0.00068192184,0.0,-0.00068192184,1.0,2.979834,0.0,0.0
0.9877175,0.000997331,1.1504179,1.1027614,0.72769576,-0.42156518,-1.1037192,-1.1039011,-0.00018191338,0.0,-0.00018191338,1.0,0.9877175,0.0,0.0
1.3788861,0.000997331,4.8452945,-0.8432761,-0.16462065,1.1027551,0.8447536,0.84493613,0.00018250942,0.0,0.00018250942,1.0,1.3788861,0.0,0.0
0.7593999,0.000997331,5.2236366,-0.2634297,0.27775013,0.9369928,0.26096576,0.26086164,-0.000104129314,0.0,-0.000104129314,1.0,2.3821929,0.0,0.0
0.38430795,0.000997331,4.079997,-0.52433157,-1.29611,0.081128374,0.5269479,0.5269301,-1.7821789e-05,0.0,-1.7821789e-05,1.0,0.38430795,0.0,0.0
1.5101333,0.000997331,5.815496,0.44152406,0.02669447,1.3424306,-0.44340426,-0.44364685,-0.0002425909,0.0,-0.0002425909,1.0,1.5101333,0.0,0.0
0.018695654,0.000997331,3.370343,-0.022812322,1.2009733,-0.014332354,0.022672603,0.024202168,0.0015295651,0.0,0.0015295651,1.0,3.122897,0.0,0.0
0.4810464,0.000997331,0.8384601,0.65361714,-1.2518563,-0.03433125,-0.6543185,-0.65376765,0.0005508661,0.0,0.0005508661,1.0,2.6605463,0.0,0.0
0.1742258,0.000997331,4.5663996,-0.19662654,1.117455,0.14672193,0.19379267,0.19421583,0.00042316318,0.0,0.00042316318,1.0,2.967367,0.0,0.0
0.9224571,0.000997331,6.040333,0.5819221,0.44349724,0.96467924,-0.5807265,-0.580644,8.249283e-05,0.0,8.249283e-05,1.0,0.9224571,0.0,0.0
1.2304908,0.000997331,3.22463,-1.0177226,0.36071306,-0.8604648,1.0164969,1.0165132,1.6331673e-05,0.0,1.6331673e-05,1.0,1.9111018,0.0,0.0
0.19662754,0.000997331,2.9635043,-0.15762775,0.790678,-0.22789681,0.1566375,0.15588354,-0.00075396895,0.0,-0.00075396895,1.0,2.9449651,0.0,0.0
1.1277043,0.000997331,6.217175,0.8419667,-0.40071908,0.9612535,-0.8370073,-0.8369515,5.5789948e-05,0.0,5.5789948e-05,1.0,2.0138884,0.0,0.0
0.14398202,0.000997331,1.7524078,0.1149988,0.79426265,-0.16675192,-0.11430047,-0.11442785,-0.00012738258,0.0,-0.00012738258,1.0,0.14398202,0.0,0.0
0.19086838,0.000997331,1.881535,0.122438036,0.63434947,-0.23826854,-0.122634724,-0.122779176,-0.00014445186,0.0,-0.00014445186,1.0,0.19086838,0.0,0.0
1.3541024,0.000997331,1.1295214,1.3001777,-0.28604832,-0.46579608,-1.2985075,-1.2986562,-0.0001487732,0.0,-0.0001487732,1.0,1.7874902,0.0,0.0
0.5717976,0.000997331,4.461646,-0.658426,-1.0229568,0.3911843,0.65884626,0.6586687,-0.00017756224,0.0,-0.00017756224,1.0,0.5717976,0.0,0.0
0.3552842,0.000997331,3.15308,-0.3518944,-0.9477687,-0.34383088,0.35068783,0.3504418,-0.00024601817,0.0,-0.00024601817,1.0,0.3552842,0.0,0.0
1.3274726,0.000997331,2.2576077,0.13503638,-0.03352739,-1.3670146,-0.13568404,-0.13602115,-0.00033710897,0.0,-0.00033710897,1.0,1.81412,0.0,0.0
1.001767,0.000997331,1.5247235,0.8805355,-0.56309855,-0.8028148,-0.8815609,-0.88172233,-0.00016140938,0.0,-0.00016140938,1.0,2.1398256,0.0,0.0
1.2091545,0.000997331,1.07934,1.2660502,-0.4785226,-0.38307875,-1.2647668,-1.2645726,0.00019419193,0.0,0.00019419193,1.0,1.9324383,0.0,0.0
0.5668159,0.000997331,3.3918457,-0.65353644,1.0256871,-0.38847426,0.6541209,0.65457666,0.0004557371,0.0,0.0004557371,1.0,2.5747766,0.0,0.0
0.42445177,0.000997331,4.058971,-0.57787937,1.278107,0.077485844,0.57964253,0.57969075,4.8220158e-05,0.0,4.8220158e-05,1.0,2.717141,0.0,0.0
0.98625845,0.000997331,3.470986,-1.0591644,-0.70049554,-0.5196364,1.0602535,1.06022,-3.349781e-05,0.0,-3.349781e-05,1.0,0.98625845,0.0,0.0
0.6268741,0.000997331,5.797877,0.24494305,-0.33868963,0.79274976,-0.23830843,-0.23849441,-0.0001859814,0.0,-0.0001859814,1.0,2.5147185,0.0,0.0
1.4493414,0.000997331,3.3362956,-1.1660607,0.14275682,-0.78090584,1.1656351,1.165685,4.9948692e-05,0.0,4.9948692e-05,1.0,1.6922513,0.0,0.0
0.35444713,0.000997331,4.8336964,-0.3022752,0.81704986,0.38665426,0.29841435,0.29831827,-9.608269e-05,0.0,-9.608269e-05,1.0,2.7871456,0.0,0.0
0.600578,0.000997331,4.3644657,-0.723973,-1.056416,0.3397553,0.7245673,0.72441435,-0.00015294552,0.0,-0.00015294552,1.0,0.600578,0.0,0.0
0.5849932,0.000997331,5.222952,-0.2117894,0.3195899,0.7506579,0.20943676,0.2092535,-0.00018325448,0.0,-0.00018325448,1.0,2.5565994,0.0,0.0
1.3779345,0.000997331,5.9268627,0.5781301,0.11316389,1.2631998,-0.5826239,-0.58294994,-0.0003260374,0.0,-0.0003260374,1.0,1.3779345,0.0,0.0
0.7928476,0.000997331,3.7013645,-0.98232645,0.96633244,-0.2260719,0.9834223,0.9832035,-0.00021880865,0.0,-0.00021880865,1.0,2.348745,0.0,0.0
1.3993852,0.000997331,0.9996656,1.3616579,0.23558223,-0.29630542,-1.3622913,-1.3619329,0.00035846233,0.0,0.00035846233,1.0,1.3993852,0.0,0.0
0.90833324,0.000997331,0.17608745,0.9144332,-0.7133354,0.638018,-0.914478,-0.9145708,-9.280443e-05,0.0,-9.280443e-05,1.0,2.2332594,0.0,0.0
0.2865784,0.000997331,0.26148507,0.3461034,-1.1746016,0.20061305,-0.3453986,-0.3451267,0.0002719164,0.0,0.0002719164,1.0,2.8550143,0.0,0.0
0.2155902,0.000997331,0.40561602,0.28098738,1.2829942,0.111878276,-0.27994597,-0.2804458,-0.00049984455,0.0,-0.00049984455,1.0,0.2155902,0.0,0.0
0.3384274,0.000997331,1.3796573,0.38872126,1.1052021,-0.26309544,-0.38618138,-0.38689628,-0.0007148981,0.0,-0.0007148981,1.0,0.3384274,0.0,0.0
0.69844943,0.000997331,4.402366,-0.80850506,-0.962577,0.4172563,0.80780464,0.80774647,-5.8174133e-05,0.0,-5.8174133e-05,1.0,0.69844943,0.0,0.0
0.016574055,0.000997331,5.8729577,0.008939354,0.5148387,0.02365731,-0.014679028,-0.013782867,0.0008961605,0.0,0.0008961605,1.0,0.016574055,0.0,0.0
1.2966472,0.000997331,1.3834187,1.1251312,0.31656992,-0.7667327,-1.1254594,-1.1255862,-0.00012671947,0.0,-0.00012671947,1.0,1.2966472,0.0,0.0
0.022084482,0.000997331,0.69798446,0.030956091,1.408873,0.0023011006,-0.028607681,-0.02905427,-0.0004465878,0.0,-0.0004465878,1.0,0.022084482,0.0,0.0
1.2817093,0.000997331,3.073896,-0.8917937,-0.26571384,-1.0212009,0.893415,0.8935086,9.36389e-05,0.0,9.36389e-05,1.0,1.2817093,0.0,0.0
0.124946244,0.000997331,2.6506085,-0.050941817,0.40647116,-0.16909815,0.04948022,0.049265712,-0.00021450594,0.0,-0.00021450594,1.0,3.0166464,0.0,0.0
0.42158136,0.000997331,2.5300267,-0.09983839,0.2235181,-0.5694382,0.09760028,0.09781995,0.00021966547,0.0,0.00021966547,1.0,2.7200112,0.0,0.0
0.5305926,0.000997331,4.645179,-0.5385955,-0.918536,0.47218382,0.53808653,0.5380024,-8.416176e-05,0.0,-8.416176e-05,1.0,0.5305926,0.0,0.0
1.277374,0.000997331,4.5573883,-1.0936795,-0.33140993,0.79738855,1.0931683,1.0933245,0.00015628338,0.0,0.00015628338,1.0,1.277374,0.0,0.0
0.639433,0.000997331,4.181655,-0.81692195,-1.0977671,0.21360451,0.8182028,0.8182365,3.3676624e-05,0.0,3.3676624e-05,1.0,0.639433,0.0,0.0
1.5377686,0.000997331,0.7316673,1.4114404,0.046701007,0.0758156,-1.4114201,-1.4115944,-0.00017428398,0.0,-0.00017428398,1.0,1.5377686,0.0,0.0
0.26218456,0.000997331,0.44012237,0.34492272,1.285375,0.123928055,-0.34360194,-0.3442305,-0.0006285608,0.0,-0.0006285608,1.0,0.26218456,0.0,0.0
1.0187082,0.000997331,5.6679983,0.20415395,0.12620547,1.1871107,-0.20631126,-0.2061344,0.00017686188,0.0,0.00017686188,1.0,1.0187082,0.0,0.0
1.4414895,0.000997331,3.5493357,-1.3035351,0.16961834,-0.5164361,1.3016341,1.3017836,0.00014948845,0.0,0.00014948845,1.0,1.7001032,0.0,0.0
0.39274195,0.000997331,2.2986577,0.03123351,-0.074511535,-0.5396288,-0.031419646,-0.030918479,0.00050116703,0.0,0.00050116703,1.0,2.7488506,0.0,0.0
0.016423032,0.000997331,5.1592474,-0.007678153,-0.4673475,0.020932605,0.007251313,0.0071576973,-9.3615614e-05,0.0,-9.3615614e-05,1.0,0.016423032,0.0,0.0
1.026223,0.000997331,4.162271,-1.1763408,-0.71191955,0.2826091,1.1753848,1.1757029,0.0003181696,0.0,0.0003181696,1.0,1.026223,0.0,0.0
0.01561302,0.000997331,3.517773,-0.020325588,-1.2973576,-0.008352341,0.019092444,0.019217553,0.00012510829,0.0,0.00012510829,1.0,0.01561302,0.0,0.0
0.34659106,0.000997331,6.231729,0.3219235,0.88880116,0.35945645,-0.3277341,-0.32751846,0.0002156496,0.0,0.0002156496,1.0,0.34659106,0.0,0.0
0.1471595,0.000997331,4.071662,-0.20549569,1.3853307,0.030839225,0.20614186,0.20582804,-0.00031381845,0.0,-0.00031381845,1.0,2.9944332,0.0,0.0
1.2942601,0.000997331,3.068193,-0.8891628,0.25281653,-1.0291421,0.88969976,0.88985425,0.00015449524,0.0,0.00015449524,1.0,1.8473326,0.0,0.0
0.24979131,0.000997331,5.646368,0.05167812,-0.2007893,0.34725934,-0.0426412,-0.04257433,6.686896e-05,0.0,6.686896e-05,1.0,2.8918014,0.0,0.0
1.560222,0.000997331,5.9970655,0.67779315,-0.00783219,1.2420847,-0.6819459,-0.6826098,-0.00066387653,0.0,-0.00066387653,1.0,1.5813706,0.0,0.0
1.3863479,0.000997331,4.239903,-1.322878,0.24611427,0.42687985,1.3221945,1.3219626,-0.00023186207,0.0,-0.00023186207,1.0,1.7552447,0.0,0.0
0.44208533,0.000997331,3.4498272,-0.5379263,1.135074,-0.27900815,0.5395285,0.540157,0.000628531,0.0,0.000628531,1.0,2.6995072,0.0,0.0
0.59507877,0.000997331,2.2692175,0.068608515,0.10142672,-0.78944993,-0.0675138,-0.06779061,-0.00027681142,0.0,-0.00027681142,1.0,0.59507877,0.0,0.0
1.3008697,0.000997331,4.682093,-0.9927585,-0.27570015,0.93354774,0.9930245,0.9931673,0.00014275312,0.0,0.00014275312,1.0,1.3008697,0.0,0.0
0.7239322,0.000997331,2.0696476,0.2643957,0.2992055,-0.89834213,-0.26254097,-0.2628369,-0.00029593706,0.0,-0.00029593706,1.0,0.7239322,0.0,0.0
0.5272582,0.000997331,2.0788808,0.19454692,0.33406675,-0.68427765,-0.19448635,-0.19446495,2.1398067e-05,0.0,2.1398067e-05,1.0,0.5272582,0.0,0.0
1.0723802,0.000997331,5.6372147,0.17284241,-0.09470762,1.2299161,-0.17550783,-0.17529732,0.0002105087,0.0,0.0002105087,1.0,2.0692124,0.0,0.0
1.1880877,0.000997331,4.8870783,-0.75269914,0.30372068,1.075502,0.7552204,0.7551886,-3.182888e-05,0.0,-3.182888e-05,1.0,1.9535049,0.0,0.0
0.040984407,0.000997331,0.028736154,0.042100847,-1.026838,0.039840806,-0.04389107,-0.043389067,0.0005020015,0.0,0.0005020015,1.0,3.1006083,0.0,0.0
1.396601,0.000997331,6.229131,0.93071306,-0.16515547,1.0360091,-0.93290395,-0.93290985,-5.90086e-06,0.0,-5.90086e-06,1.0,1.7449918,0.0,0.0
0.35456446,0.000997331,1.8053881,0.2568783,-0.6939201,-0.41829595,-0.25488853,-0.25508615,-0.0001976192,0.0,-0.0001976192,1.0,2.787028,0.0,0.0
1.3035711,0.000997331,2.569999,-0.28960523,-0.07980857,-1.333254,0.28861028,0.28860354,-6.735325e-06,0.0,-6.735325e-06,1.0,1.3035711,0.0,0.0
0.4719685,0.000997331,3.8059416,-0.6386149,-1.2509668,-0.077911876,0.6404579,0.6406981,0.00024014711,0.0,0.00024014711,1.0,0.4719685,0.0,0.0
0.99539584,0.000997331,5.261025,-0.27818504,0.18093225,1.1539825,0.2766295,0.27620623,-0.00042328238,0.0,-0.00042328238,1.0,2.1461968,0.0,0.0
1.5105965,0.000997331,5.885568,0.5343908,-0.03277356,1.3077908,-0.536894,-0.5372075,-0.00031346083,0.0,-0.00031346083,1.0,1.6309961,0.0,0.0
0.9387743,0.000997331,1.3896452,0.93889654,0.6879454,-0.64872503,-0.9397739,-0.94015545,-0.00038152933,0.0,-0.00038152933,1.0,0.9387743,0.0,0.0
0.11155881,0.000997331,0.27776867,0.13765812,1.2280831,0.07622951,-0.14045091,-0.13989034,0.0005605668,0.0,0.0005605668,1.0,0.11155881,0.0,0.0
0.5913447,0.000997331,4.14477,-0.77031505,1.1466118,0.17114122,0.7728138,0.7725025,-0.00031131506,0.0,-0.00031131506,1.0,2.550248,0.0,0.0
0.6772156,0.000997331,0.1983423,0.7378413,0.91775095,0.49103096,-0.73755705,-0.73729455,0.00026249886,0.0,0.00026249886,1.0,0.6772156,0.0,0.0
0.9395246,0.000997331,2.4181855,-0.070848644,0.05219872,-1.1395959,0.07140158,0.07145035,4.87715e-05,0.0,4.87715e-05,1.0,2.202068,0.0,0.0
1.3968024,0.000997331,3.2862625,-1.116756,0.19673473,-0.8317263,1.1162174,1.1162639,4.6491623e-05,0.0,4.6491623e-05,1.0,1.7447902,0.0,0.0
0.3482171,0.000997331,1.5070039,0.36224553,-0.998505,-0.31922793,-0.36116943,-0.36087346,0.00029596686,0.0,0.00029596686,1.0,2.7933755,0.0,0.0
0.74495625,0.000997331,2.663291,-0.2898556,-0.31410348,-0.9133405,0.28836745,0.28842646,5.90086e-05,0.0,5.90086e-05,1.0,0.74495625,0.0,0.0
0.7605552,0.000997331,3.3216946,-0.80179435,-0.8428306,-0.55551696,0.80120325,0.80092454,-0.00027871132,0.0,-0.00027871132,1.0,0.7605552,0.0,0.0
0.4789973,0.000997331,0.69864035,0.64941186,1.2505412,0.056283776,-0.65170753,-0.6519074,-0.00019985437,0.0,-0.00019985437,1.0,0.4789973,0.0,0.0
0.52891916,0.000997331,3.5006263,-0.65021217,1.1110959,-0.29615414,0.6517608,0.6522378,0.00047695637,0.0,0.00047695637,1.0,2.6126735,0.0,0.0
0.9993758,0.000997331,2.013024,0.39991373,0.2577787,-1.1200964,-0.39781874,-0.39770266,0.000116080046,0.0,0.000116080046,1.0,0.9993758,0.0,0.0
0.05651447,0.000997331,4.5712023,-0.06382125,1.128426,0.047967616,0.061498724,0.061485272,-1.3452023e-05,0.0,-1.3452023e-05,1.0,3.0850782,0.0,0.0
0.38205785,0.000997331,1.2286394,0.47644797,-1.1861396,-0.22659,-0.4776581,-0.47795,-0.00029191375,0.0,-0.00029191375,1.0,2.7595348,0.0,0.0
0.55824786,0.000997331,0.3212601,0.66984725,-1.0725563,0.3354492,-0.66953087,-0.6689298,0.00060105324,0.0,0.00060105324,1.0,2.5833447,0.0,0.0
0.5329613,0.000997331,6.2464113,0.48995182,-0.82569873,0.53020525,-0.48851305,-0.48831004,0.00020301342,0.0,0.00020301342,1.0,2.6086314,0.0,0.0
0.6275112,0.000997331,2.417466,-0.05078525,0.07072973,-0.828034,0.05085507,0.050688967,-0.00016610324,0.0,-0.00016610324,1.0,2.5140815,0.0,0.0
0.51136047,0.000997331,2.697271,-0.23158082,-0.41215563,-0.6517757,0.23126504,0.23136243,9.739399e-05,0.0,9.739399e-05,1.0,0.51136047,0.0,0.0
0.6996793,0.000997331,3.080188,-0.60320497,0.716959,-0.6830363,0.60139513,0.6013937,-1.4305115e-06,0.0,-1.4305115e-06,1.0,2.4419134,0.0,0.0
0.677079,0.000997331,4.286356,-0.8298726,1.0321316,0.31259283,0.83183545,0.8315484,-0.00028705597,0.0,-0.00028705597,1.0,2.4645135,0.0,0.0
0.15190819,0.000997331,2.081478,0.058199838,-0.37846816,-0.20546812,-0.058449756,-0.05886822,-0.00041846186,0.0,-0.00041846186,1.0,2.9896846,0.0,0.0
1.40681,0.000997331,5.8000593,0.41587067,0.0689026,1.3335583,-0.41784042,-0.41804716,-0.00020673871,0.0,-0.00020673871,1.0,1.40681,0.0,0.0
1.058525,0.000997331,1.7539988,0.6984324,-0.39309725,-1.0161152,-0.6997755,-0.6995417,0.00023382902,0.0,0.00023382902,1.0,2.0830677,0.0,0.0
0.5202231,0.000997331,0.6642728,0.69789726,1.2182589,0.08481488,-0.7001367,-0.70030147,-0.00016474724,0.0,-0.00016474724,1.0,0.5202231,0.0,0.0
0.34305722,0.000997331,0.8782108,0.47382382,-1.3262701,-0.04404424,-0.4755133,-0.47432145,0.0011918545,0.0,0.0011918545,1.0,2.7985353,0.0,0.0
0.035232004,0.000997331,3.9067006,-0.049819395,-1.4140894,-0.001044875,0.049755853,0.049592003,-0.00016384944,0.0,-0.00016384944,1.0,0.035232004,0.0,0.0
0.22208288,0.000997331,0.7531491,0.31149754,-1.3789315,0.009915397,-0.31381246,-0.3127849,0.0010275543,0.0,0.0010275543,1.0,2.91951,0.0,0.0
0.95171046,0.000997331,5.787434,0.32907858,0.23594484,1.1034263,-0.33160385,-0.3313865,0.00021734834,0.0,0.00021734834,1.0,0.95171046,0.0,0.0
1.0048051,0.000997331,1.6086211,0.8117295,-0.5158119,-0.87556535,-0.8127926,-0.8128823,-8.970499e-05,0.0,-8.970499e-05,1.0,2.1367877,0.0,0.0
1.2123775,0.000997331,4.3060646,-1.2302845,-0.4611266,0.4898879,1.2286663,1.2289176,0.00025129318,0.0,0.00025129318,1.0,1.2123775,0.0,0.0
0.5166307,0.000997331,5.823882,0.22317603,0.3945776,0.66041684,-0.2154345,-0.21523944,0.0001950711,0.0,0.0001950711,1.0,0.5166307,0.0,0.0
1.1829935,0.000997331,5.7615113,0.34156212,-0.14031526,1.2638476,-0.34366065,-0.34331536,0.0003452897,0.0,0.0003452897,1.0,1.9585992,0.0,0.0
0.93756497,0.000997331,5.4851537,-0.0142511,0.009969182,1.1396976,0.011801865,0.011660774,-0.00014109071,0.0,-0.00014109071,1.0,2.2040277,0.0,0.0
0.53213406,0.000997331,2.9533634,-0.40346083,-0.68482417,-0.59319526,0.4014505,0.4014842,3.3676624e-05,0.0,3.3676624e-05,1.0,0.53213406,0.0,0.0
0.0760372,0.000997331,0.46980813,0.10221556,-1.3407272,0.03381138,-0.10387908,-0.10399705,-0.00011797249,0.0,-0.00011797249,1.0,3.0655556,0.0,0.0
0.9770238,0.000997331,0.13409726,0.9322747,0.6294232,0.71061575,-0.9325503,-0.9335867,-0.0010364056,0.0,-0.0010364056,1.0,0.9770238,0.0,0.0
0.9465156,0.000997331,4.7214437,-0.8042371,0.5803607,0.8193648,0.8046422,0.80471754,7.534027e-05,0.0,7.534027e-05,1.0,2.195077,0.0,0.0
0.68198913,0.000997331,1.1486748,0.8335166,-1.0261916,-0.31669816,-0.8354852,-0.8358047,-0.0003194809,0.0,-0.0003194809,1.0,2.4596035,0.0,0.0
0.57995695,0.000997331,3.8651042,-0.7741438,1.1804558,-0.047949333,0.77680284,0.7765913,-0.00021153688,0.0,-0.00021153688,1.0,2.5616357,0.0,0.0
0.5182288,0.000997331,5.143724,-0.24268767,0.4255615,0.6561924,0.23968859,0.23936345,-0.00032514334,0.0,-0.00032514334,1.0,2.6233637,0.0,0.0
0.41797912,0.000997331,3.2321403,-0.44100693,-0.99256986,-0.3678002,0.43941927,0.43912226,-0.00029700994,0.0,-0.00029700994,1.0,0.41797912,0.0,0.0
1.5230334,0.000997331,4.497802,-1.1889464,-0.057605185,0.7623184,1.1901098,1.190387,0.0002771616,0.0,0.0002771616,1.0,1.5230334,0.0,0.0
0.35833168,0.000997331,5.9467034,0.21470404,0.5729172,0.44793594,-0.20388316,-0.20334995,0.00053320825,0.0,0.00053320825,1.0,0.35833168,0.0,0.0
1.1323228,0.000997331,5.1415257,-0.44677228,-0.2105043,1.2001666,0.44975758,0.4498071,4.953146e-05,0.0,4.953146e-05,1.0,1.1323228,0.0,0.0
0.37133083,0.000997331,5.584251,0.044078507,0.11443726,0.50896394,-0.041202843,-0.04104059,0.00016225502,0.0,0.00016225502,1.0,0.37133083,0.0,0.0
0.53224367,0.000997331,4.191223,-0.69323885,1.1768034,0.18843985,0.69521594,0.69504905,-0.000166893,0.0,-0.000166893,1.0,2.609349,0.0,0.0
0.5055288,0.000997331,1.4384723,0.5436297,0.9829917,-0.41628283,-0.54223824,-0.5423713,-0.00013303757,0.0,-0.00013303757,1.0,0.5055288,0.0,0.0
0.21794714,0.000997331,4.976859,-0.15164119,-0.68597555,0.26524562,0.14540115,0.14588453,0.00048337877,0.0,0.00048337877,1.0,0.21794714,0.0,0.0
1.3529117,0.000997331,0.10132982,1.0701566,-0.23705807,0.8727615,-1.0697751,-1.0702643,-0.0004892349,0.0,-0.0004892349,1.0,1.7886809,0.0,0.0
1.4913789,0.000997331,6.250465,0.96430224,-0.077740565,1.0280068,-0.9686418,-0.9684007,0.00024110079,0.0,0.00024110079,1.0,1.6502137,0.0,0.0
0.48933208,0.000997331,5.3473525,-0.09968071,0.18638003,0.6559557,0.10032296,0.100067005,-0.00025595725,0.0,-0.00025595725,1.0,2.6522605,0.0,0.0
1.09007,0.000997331,2.4194689,-0.079430416,-0.04128245,-1.2509999,0.07822848,0.078325644,9.716302e-05,0.0,9.716302e-05,1.0,1.09007,0.0,0.0
1.3404021,0.000997331,6.187297,0.8765745,0.20650178,1.0613959,-0.88348544,-0.8835986,-0.00011318922,0.0,-0.00011318922,1.0,1.3404021,0.0,0.0
0.13613899,0.000997331,1.9052477,0.08348973,0.61039144,-0.1724126,-0.08373605,-0.0837684,-3.235042e-05,0.0,-3.235042e-05,1.0,0.13613899,0.0,0.0
0.10921131,0.000997331,1.7590358,0.08666316,-0.7898777,-0.12688775,-0.08522931,-0.08579351,-0.00056420267,0.0,-0.00056420267,1.0,3.0323813,0.0,0.0
1.1734334,0.000997331,3.9714558,-1.3028829,0.5455697,0.05741074,1.301897,1.3021586,0.00026154518,0.0,0.00026154518,1.0,1.9681592,0.0,0.0
0.7846592,0.000997331,2.1886475,0.16653603,-0.16696925,-0.9851466,-0.16458508,-0.16467726,-9.217858e-05,0.0,-9.217858e-05,1.0,2.3569334,0.0,0.0
0.09778132,0.000997331,2.658359,-0.041272588,-0.41879916,-0.13215268,0.041647978,0.04157745,-7.0527196e-05,0.0,-7.0527196e-05,1.0,0.09778132,0.0,0.0
0.26979443,0.000997331,1.9743031,0.14030398,0.5076731,-0.34947783,-0.14133362,-0.14135244,-1.8820167e-05,0.0,-1.8820167e-05,1.0,0.26979443,0.0,0.0
0.53514457,0.000997331,0.73006564,0.72021174,-1.2143697,0.040325914,-0.71964586,-0.7195846,6.1273575e-05,0.0,6.1273575e-05,1.0,2.6064482,0.0,0.0
1.3612981,0.000997331,3.1022496,-0.93926346,-0.19996937,-1.0156807,0.9413085,0.94134104,3.2544136e-05,0.0,3.2544136e-05,1.0,1.3612981,0.0,0.0
1.2579695,0.000997331,5.147453,-0.46212107,-0.1500328,1.2641366,0.46536124,0.465273,-8.824468e-05,0.0,-8.824468e-05,1.0,1.2579695,0.0,0.0
0.8680205,0.000997331,6.0729823,0.5867837,0.49963102,0.90492696,-0.5829691,-0.5829741,-4.9471855e-06,0.0,-4.9471855e-06,1.0,0.8680205,0.0,0.0
0.4408232,0.000997331,0.33429393,0.5430598,-1.150969,0.26344535,-0.5431622,-0.54266185,0.000500381,0.0,0.000500381,1.0,2.7007694,0.0,0.0
1.4866978,0.000997331,0.030485652,1.0264326,-0.086735874,0.9657177,-1.0262847,-1.0257082,0.0005764961,0.0,0.0005764961,1.0,1.654895,0.0,0.0
0.9985647,0.000997331,1.8993552,0.52453744,-0.33848137,-1.0674713,-0.5251272,-0.5248497,0.00027745962,0.0,0.00027745962,1.0,2.143028,0.0,0.0
1.5666033,0.000997331,0.80468446,1.4139683,-0.005936524,-0.027412798,-1.4137571,-1.413877,-0.000119924545,0.0,-0.000119924545,1.0,1.5749893,0.0,0.0
0.040262952,0.000997331,1.1642301,0.052801423,-1.3134835,-0.021398,-0.05133973,-0.051781088,-0.0004413575,0.0,-0.0004413575,1.0,3.1013298,0.0,0.0
0.69222075,0.000997331,1.5052375,0.6788363,-0.81900996,-0.5956793,-0.6799231,-0.6796516,0.00027149916,0.0,0.00027149916,1.0,2.4493718,0.0,0.0
0.23093416,0.000997331,2.804881,-0.14059556,-0.59674704,-0.29163638,0.14153002,0.14141616,-0.00011385977,0.0,-0.00011385977,1.0,0.23093416,0.0,0.0
0.06932123,0.000997331,0.5463524,0.0951097,1.3709053,0.022632763,-0.09453224,-0.09441964,0.000112593174,0.0,0.000112593174,1.0,0.06932123,0.0,0.0
0.98987836,0.000997331,1.7442037,0.6793355,-0.44638062,-0.9680387,-0.6801764,-0.6801055,7.086992e-05,0.0,7.086992e-05,1.0,2.1517143,0.0,0.0
0.5134789,0.000997331,3.3273728,-0.5735794,-1.01706,-0.39266002,0.57231534,0.5719844,-0.000330925,0.0,-0.000330925,1.0,0.5134789,0.0,0.0
1.2210736,0.000997331,0.9630283,1.3077435,0.4769956,-0.23467967,-1.3087127,-1.3084042,0.00030851364,0.0,0.00030851364,1.0,1.2210736,0.0,0.0
0.18363898,0.000997331,3.2877998,-0.2076018,1.1158276,-0.15513265,0.20935431,0.20867935,-0.000674963,0.0,-0.000674963,1.0,2.9579537,0.0,0.0
0.46212792,0.000997331,4.553588,-0.510729,1.02594,0.370978,0.50908697,0.5092966,0.00020962954,0.0,0.00020962954,1.0,2.6794648,0.0,0.0
0.59841037,0.000997331,1.1161903,0.7533355,1.105421,-0.25932392,-0.7527206,-0.752631,8.958578e-05,0.0,8.958578e-05,1.0,0.59841037,0.0,0.0
1.4934254,0.000997331,6.025886,0.71115196,-0.056115385,1.2181981,-0.7148638,-0.7155725,-0.0007086992,0.0,-0.0007086992,1.0,1.6481673,0.0,0.0
0.7197302,0.000997331,4.9074736,-0.51872915,0.5928873,0.77497864,0.5158318,0.51589227,6.043911e-05,0.0,6.043911e-05,1.0,2.4218624,0.0,0.0
0.629251,0.000997331,3.9444568,-0.8325916,-1.1430969,0.014928376,0.83523375,0.8354958,0.00026208162,0.0,0.00026208162,1.0,0.629251,0.0,0.0
0.05882186,0.000997331,5.553089,0.0048245843,-0.07518721,0.08530826,0.0019414239,0.002330766,0.0003893422,0.0,0.0003893422,1.0,3.0827708,0.0,0.0
0.039638154,0.000997331,3.7172606,-0.055213794,1.3834796,-0.011345289,0.056351505,0.057001658,0.00065015256,0.0,0.00065015256,1.0,3.1019545,0.0,0.0
0.46853465,0.000997331,5.768052,0.17025672,-0.33593976,0.6164831,-0.16159758,-0.16154778,4.979968e-05,0.0,4.979968e-05,1.0,2.673058,0.0,0.0
0.038011838,0.000997331,0.6169827,0.052874602,1.393507,0.0084639285,-0.051361963,-0.051533863,-0.0001718998,0.0,-0.0001718998,1.0,0.038011838,0.0,0.0
0.77439916,0.000997331,3.1938481,-0.7349081,-0.7515819,-0.6624589,0.7331159,0.7330815,-3.439188e-05,0.0,-3.439188e-05,1.0,0.77439916,0.0,0.0
0.8742748,0.000997331,2.840595,-0.50520855,0.4236862,-0.9599409,0.50473064,0.50463426,-9.638071e-05,0.0,-9.638071e-05,1.0,2.2673178,0.0,0.0
0.7622091,0.000997331,2.392153,-0.035316564,-0.036676023,-0.97523427,0.036117326,0.03570748,-0.00040984526,0.0,-0.00040984526,1.0,0.7622091,0.0,0.0
0.75889796,0.000997331,4.013485,-0.9698307,-1.0217896,0.08483592,0.97177184,0.97206986,0.00029802322,0.0,0.00029802322,1.0,0.75889796,0.0,0.0
0.40696856,0.000997331,4.99498,-0.26950762,0.6253127,0.4900278,0.2657324,0.26532996,-0.00040245056,0.0,-0.00040245056,1.0,2.7346241,0.0,0.0
0.29695556,0.000997331,0.6152565,0.4078418,1.333277,0.070007786,-0.40816706,-0.40871286,-0.00054579973,0.0,-0.00054579973,1.0,0.29695556,0.0,0.0
0.50472516,0.000997331,4.092113,-0.6748935,-1.2210293,0.11300338,0.67734736,0.6773437,-3.6358833e-06,0.0,-3.6358833e-06,1.0,0.50472516,0.0,0.0
0.28292617,0.000997331,4.731113,-0.27369827,0.9416911,0.28467393,0.27029374,0.2704844,0.00019064546,0.0,0.00019064546,1.0,2.8586664,0.0,0.0
1.3241926,0.000997331,1.0095702,1.3371224,-0.33641234,-0.30488414,-1.3355511,-1.3354996,5.1498413e-05,0.0,5.1498413e-05,1.0,1.8174,0.0,0.0
0.22925572,0.000997331,4.6422625,-0.24247858,1.0393803,0.21120116,0.23940714,0.23979396,0.00038681924,0.0,0.00038681924,1.0,2.9123368,0.0,0.0
0.6881491,0.000997331,3.981426,-0.89721715,-1.0904462,0.049471214,0.8996246,0.8999032,0.0002785921,0.0,0.0002785921,1.0,0.6881491,0.0,0.0
1.025017,0.000997331,4.377225,-1.0887127,0.6608787,0.5260529,1.0896107,1.0894873,-0.00012338161,0.0,-0.00012338161,1.0,2.1165757,0.0,0.0
0.43932822,0.000997331,3.6551816,-0.5797012,-1.2335715,-0.16204163,0.58037925,0.58056086,0.00018161535,0.0,0.00018161535,1.0,0.43932822,0.0,0.0
1.0142192,0.000997331,1.9035552,0.525239,-0.32740098,-1.0803097,-0.52600276,-0.52569044,0.00031232834,0.0,0.00031232834,1.0,2.1273735,0.0,0.0
0.9921327,0.000997331,4.492089,-1.0002923,0.65362906,0.6343111,1.0011771,1.001104,-7.3075294e-05,0.0,-7.3075294e-05,1.0,2.1494598,0.0,0.0
0.98625576,0.000997331,3.213198,-0.8916638,-0.59045136,-0.7726221,0.8913626,0.8916253,0.00026267767,0.0,0.00026267767,1.0,0.98625576,0.0,0.0
0.99736106,0.000997331,2.7488556,-0.4546232,-0.294056,-1.0975556,0.4524998,0.45251912,1.9311905e-05,0.0,1.9311905e-05,1.0,0.99736106,0.0,0.0
1.125326,0.000997331,1.0264269,1.2393787,-0.59131676,-0.3044932,-1.238636,-1.2381524,0.0004836321,0.0,0.0004836321,1.0,2.0162666,0.0,0.0
1.3700038,0.000997331,5.296265,-0.27745727,0.057148762,1.3590022,0.27746183,0.2772671,-0.00019472837,0.0,-0.00019472837,1.0,1.7715888,0.0,0.0
1.4907109,0.000997331,3.1945188,-1.0484614,-0.08396444,-0.9420117,1.0502849,1.0502934,8.583069e-06,0.0,8.583069e-06,1.0,1.4907109,0.0,0.0
0.071850084,0.000997331,2.852762,-0.04834351,0.67104673,-0.09004679,0.047976665,0.04749939,-0.00047727674,0.0,-0.00047727674,1.0,3.0697427,0.0,0.0
1.4185729,0.000997331,5.490338,-0.010279568,0.002118852,1.399039,0.009814341,0.009890566,7.622503e-05,0.0,7.622503e-05,1.0,1.7230197,0.0,0.0
0.9552446,0.000997331,0.641968,1.1428003,0.80801964,0.1649611,-1.1418928,-1.1424398,-0.00054705143,0.0,-0.00054705143,1.0,0.9552446,0.0,0.0
0.89355916,0.000997331,1.9073344,0.47788572,0.38469905,-0.99312794,-0.47569412,-0.47592854,-0.00023442507,0.0,-0.00023442507,1.0,0.89355916,0.0,0.0
0.28085563,0.000997331,0.042513743,0.28878012,1.0005977,0.26513076,-0.29035452,-0.29081562,-0.00046110153,0.0,-0.00046110153,1.0,0.28085563,0.0,0.0
1.1247963,0.000997331,2.512642,-0.19890851,-0.095248416,-1.2600807,0.19722685,0.1972106,-1.6257167e-05,0.0,-1.6257167e-05,1.0,1.1247963,0.0,0.0
0.3728217,0.000997331,5.9926047,0.24510862,-0.6221808,0.4568379,-0.23985742,-0.23995134,-9.392202e-05,0.0,-9.392202e-05,1.0,2.768771,0.0,0.0
1.4858208,0.000997331,0.11927445,1.1079603,0.09427145,0.8706521,-1.1082509,-1.1088805,-0.00062966347,0.0,-0.00062966347,1.0,1.4858208,0.0,0.0
1.3410879,0.000997331,6.1030626,0.7842672,0.18415143,1.1321678,-0.79105407,-0.79138166,-0.00032758713,0.0,-0.00032758713,1.0,1.3410879,0.0,0.0
1.4100598,0.000997331,3.125928,-0.97183037,0.1579838,-1.0016088,0.9725326,0.9725926,6.0021877e-05,0.0,6.0021877e-05,1.0,1.7315329,0.0,0.0
0.20044339,0.000997331,1.2019882,0.25750396,-1.2681448,-0.11437839,-0.25691795,-0.25769705,-0.0007790923,0.0,-0.0007790923,1.0,2.9411492,0.0,0.0
0.46570066,0.000997331,4.3715773,-0.5733963,-1.1405181,0.27433276,0.57540774,0.5751785,-0.00022923946,0.0,-0.00022923946,1.0,0.46570066,0.0,0.0
1.484746,0.000997331,5.3074093,-0.26684424,-0.022691589,1.3846252,0.2693193,0.2691854,-0.00013390183,0.0,-0.00013390183,1.0,1.484746,0.0,0.0
1.1339945,0.000997331,2.4594834,-0.1323556,0.06212356,-1.2753131,0.13355371,0.13377348,0.00021976233,0.0,0.00021976233,1.0,2.0075982,0.0,0.0
1.3407687,0.000997331,4.325977,-1.2690898,0.29658926,0.5339088,1.2693563,1.269198,-0.00015830994,0.0,-0.00015830994,1.0,1.8008239,0.0,0.0
0.8509652,0.000997331,1.7949952,0.5659721,-0.49679977,-0.9008362,-0.56548125,-0.5656017,-0.00012046099,0.0,-0.00012046099,1.0,2.2906275,0.0,0.0
1.3461579,0.000997331,2.3051162,0.070256025,0.016218226,-1.3771019,-0.07118995,-0.07096964,0.00022030622,0.0,0.00022030622,1.0,1.3461579,0.0,0.0
1.0228515,0.000997331,4.143722,-1.1793143,0.71861625,0.25934523,1.1801331,1.1801671,3.3974648e-05,0.0,3.3974648e-05,1.0,2.1187413,0.0,0.0
1.3089797,0.000997331,0.7290237,1.3639114,-0.36537582,0.07670285,-1.3639029,-1.3641151,-0.00021219254,0.0,-0.00021219254,1.0,1.8326129,0.0,0.0
1.0813,0.000997331,5.8992743,0.4878699,-0.2612788,1.1483674,-0.48746526,-0.48748022,-1.4960766e-05,0.0,-1.4960766e-05,1.0,2.0602927,0.0,0.0
0.705392,0.000997331,5.714826,0.19720912,-0.23276511,0.8948195,-0.19364986,-0.19371298,-6.312132e-05,0.0,-6.312132e-05,1.0,2.4362006,0.0,0.0
0.9425419,0.000997331,4.981426,-0.56494033,0.41156816,0.9957466,0.5646789,0.5645962,-8.273125e-05,0.0,-8.273125e-05,1.0,2.1990507,0.0,0.0
0.048781447,0.000997331,2.0230806,0.022441795,0.46173546,-0.064924724,-0.023008535,-0.023066,-5.7464465e-05,0.0,-5.7464465e-05,1.0,0.048781447,0.0,0.0
0.6270174,0.000997331,4.9905496,-0.40281424,0.55673313,0.7253175,0.3990073,0.3989414,-6.5892935e-05,0.0,-6.5892935e-05,1.0,2.5145752,0.0,0.0
1.3619554,0.000997331,6.0978355,0.7817254,-0.16718099,1.141585,-0.7835563,-0.78423643,-0.0006801486,0.0,-0.0006801486,1.0,1.7796373,0.0,0.0
0.5076043,0.000997331,2.7904944,-0.28897294,0.5203115,-0.62384284,0.28516158,0.28514534,-1.6242266e-05,0.0,-1.6242266e-05,1.0,2.6339884,0.0,0.0
1.0343473,0.000997331,5.0277147,-0.5506942,0.32848364,1.0846182,0.55125695,0.5510096,-0.00024735928,0.0,-0.00024735928,1.0,2.1072454,0.0,0.0
1.0402483,0.000997331,4.1557374,-1.1880462,-0.69642127,0.27718458,1.1870666,1.1873972,0.00033068657,0.0,0.00033068657,1.0,1.0402483,0.0,0.0
0.54274595,0.000997331,1.2357748,0.65736556,1.0905769,-0.31843525,-0.6561328,-0.6560338,9.9003315e-05,0.0,9.9003315e-05,1.0,0.54274595,0.0,0.0
0.6133265,0.000997331,1.8729703,0.37790298,0.53700536,-0.7208482,-0.3775905,-0.37767482,-8.431077e-05,0.0,-8.431077e-05,1.0,0.6133265,0.0,0.0
0.10701427,0.000997331,0.014524098,0.10827639,-1.0080059,0.10521221,-0.107138254,-0.10666541,0.00047284365,0.0,0.00047284365,1.0,3.0345783,0.0,0.0
1.3223805,0.000997331,4.416377,-1.210274,0.30656707,0.6434944,1.2114308,1.2113774,-5.340576e-05,0.0,-5.340576e-05,1.0,1.8192122,0.0,0.0
0.6193521,0.000997331,3.8562078,-0.8193251,-1.1487477,-0.057988092,0.82211924,0.8223891,0.00026988983,0.0,0.00026988983,1.0,0.6193521,0.0,0.0
1.0242099,0.000997331,4.3900113,-1.0813669,0.657664,0.5396785,1.0822713,1.0821513,-0.000120043755,0.0,-0.000120043755,1.0,2.1173828,0.0,0.0
1.3738552,0.000997331,2.0248523,0.4511008,0.090841234,-1.3115916,-0.4516121,-0.4515949,1.719594e-05,0.0,1.719594e-05,1.0,1.3738552,0.0,0.0
0.11618228,0.000997331,3.611386,-0.15634531,1.3362805,-0.050955564,0.15939489,0.15887317,-0.00052171946,0.0,-0.00052171946,1.0,3.0254104,0.0,0.0
1.1886458,0.000997331,1.9713726,0.4923724,0.19876999,-1.2162586,-0.4913281,-0.49105853,0.000269562,0.0,0.000269562,1.0,1.1886458,0.0,0.0
1.4060055,0.000997331,1.0749497,1.3370144,0.22219072,-0.39834875,-1.3375443,-1.3372558,0.00028848648,0.0,0.00028848648,1.0,1.4060055,0.0,0.0
0.42480242,0.000997331,4.054462,-0.57867146,1.2786487,0.07492824,0.5804563,0.5805025,4.61936e-05,0.0,4.61936e-05,1.0,2.7167902,0.0,0.0
1.0557668,0.000997331,0.6062287,1.2110605,0.6853361,0.21929593,-1.2100198,-1.2102138,-0.00019395351,0.0,-0.00019395351,1.0,1.0557668,0.0,0.0
0.08298872,0.000997331,6.1380105,0.07041137,0.8423601,0.09252847,-0.10251799,-0.10244912,6.887317e-05,0.0,6.887317e-05,1.0,0.08298872,0.0,0.0
0.9784178,0.000997331,3.8021631,-1.1643956,-0.78254545,-0.14573963,1.1660235,1.1662421,0.00021862984,0.0,0.00021862984,1.0,0.9784178,0.0,0.0
0.7127754,0.000997331,4.049718,-0.91844356,1.0615553,0.11348714,0.9212483,0.92088956,-0.00035876036,0.0,-0.00035876036,1.0,2.4288173,0.0,0.0
0.837103,0.000997331,5.0851083,-0.42112592,0.38061267,0.96251726,0.419216,0.41913062,-8.5383654e-05,0.0,-8.5383654e-05,1.0,2.3044896,0.0,0.0
0.58119005,0.000997331,1.3595923,0.65165824,0.9928851,-0.42201048,-0.6507178,-0.65063906,7.8737736e-05,0.0,7.8737736e-05,1.0,0.58119005,0.0,0.0
0.53827906,0.000997331,2.0013125,0.25164682,0.42142612,-0.6797404,-0.2516904,-0.25164568,4.4703484e-05,0.0,4.4703484e-05,1.0,0.53827906,0.0,0.0
0.48800516,0.000997331,3.7241073,-0.6498159,-1.2241045,-0.13405685,0.6513785,0.6515931,0.00021457672,0.0,0.00021457672,1.0,0.48800516,0.0,0.0
0.88729763,0.000997331,2.5676851,-0.23025581,-0.18742713,-1.0715272,0.2289092,0.22871569,-0.00019350648,0.0,-0.00019350648,1.0,0.88729763,0.0,0.0
0.70360583,0.000997331,1.3707367,0.762438,0.8993469,-0.5058179,-0.7624597,-0.76242006,3.963709e-05,0.0,3.963709e-05,1.0,0.70360583,0.0,0.0
0.25366205,0.000997331,2.6205602,-0.09290128,-0.35760897,-0.3426701,0.09361676,0.09341629,-0.00020047277,0.0,-0.00020047277,1.0,0.25366205,0.0,0.0
0.22985445,0.000997331,4.6150327,-0.24877676,1.0635328,0.2051181,0.24578425,0.24621433,0.0004300773,0.0,0.0004300773,1.0,2.9117382,0.0,0.0
0.21983813,0.000997331,4.60675,-0.23962834,-1.0732934,0.19520523,0.23939197,0.23970115,0.0003091842,0.0,0.0003091842,1.0,0.21983813,0.0,0.0
0.42339343,0.000997331,2.333226,0.01346028,-0.029012304,-0.58012456,-0.01372337,-0.013291334,0.0004320359,0.0,0.0004320359,1.0,2.7181993,0.0,0.0
0.38749322,0.000997331,3.2771404,-0.42553392,-1.0423086,-0.32359737,0.42409343,0.42385092,-0.0002425015,0.0,-0.0002425015,1.0,0.38749322,0.0,0.0
0.99494153,0.000997331,5.8242154,0.3803868,-0.24826986,1.1228614,-0.3801573,-0.38009483,6.246567e-05,0.0,6.246567e-05,1.0,2.146651,0.0,0.0
1.3610517,0.000997331,1.1443276,1.2951077,0.27558243,-0.4859508,-1.2958137,-1.2955867,0.00022697449,0.0,0.00022697449,1.0,1.3610517,0.0,0.0
1.3983144,0.000997331,2.6994548,-0.46920872,-0.08243587,-1.3123837,0.4696119,0.46952143,-9.047985e-05,0.0,-9.047985e-05,1.0,1.3983144,0.0,0.0
0.6634873,0.000997331,2.5296361,-0.15019679,0.19307083,-0.8572998,0.1491394,0.14888422,-0.00025518239,0.0,-0.00025518239,1.0,2.4781053,0.0,0.0
0.9048778,0.000997331,1.8047179,0.58233404,0.45793957,-0.9476085,-0.5805935,-0.5809626,-0.00036907196,0.0,-0.00036907196,1.0,0.9048778,0.0,0.0
0.77214044,0.000997331,2.9852598,-0.58049834,-0.5963815,-0.7979631,0.5776385,0.5779902,0.0003516674,0.0,0.0003516674,1.0,0.77214044,0.0,0.0
0.36158437,0.000997331,5.207774,-0.14252235,-0.37760746,0.4781307,0.13617155,0.13632292,0.000151366,0.0,0.000151366,1.0,0.36158437,0.0,0.0
1.2109406,0.000997331,0.009502311,0.94490063,0.35557848,0.9269757,-0.9458074,-0.94415593,0.0016514659,0.0,0.0016514659,1.0,1.2109406,0.0,0.0
1.3580203,0.000997331,4.404502,-1.2280473,0.2648341,0.63429,1.2290995,1.2290442,-5.531311e-05,0.0,-5.531311e-05,1.0,1.7835724,0.0,0.0
0.34463987,0.000997331,4.812469,-0.30189195,-0.8423049,0.37106675,0.2983678,0.29868257,0.00031477213,0.0,0.00031477213,1.0,0.34463987,0.0,0.0
1.5249314,0.000997331,5.0147595,-0.656601,0.030204834,1.2517501,0.65857446,0.6587144,0.0001399517,0.0,0.0001399517,1.0,1.6166613,0.0,0.0
0.7927435,0.000997331,3.4866006,-0.9114883,-0.8980274,-0.43014884,0.9128027,0.91250753,-0.0002951622,0.0,-0.0002951622,1.0,0.7927435,0.0,0.0
1.0467734,0.000997331,2.7666082,-0.48878834,0.2834374,-1.1226413,0.49034837,0.4906087,0.0002603233,0.0,0.0002603233,1.0,2.0948193,0.0,0.0
0.61854696,0.000997331,0.32146007,0.7333387,-1.0303689,0.36694813,-0.7328004,-0.73214746,0.0006529689,0.0,0.0006529689,1.0,2.5230458,0.0,0.0
0.81104445,0.000997331,3.5516303,-0.95423377,0.90523213,-0.3766793,0.95433027,0.954019,-0.00031125546,0.0,-0.00031125546,1.0,2.3305483,0.0,0.0
1.1323608,0.000997331,3.368723,-1.0862992,-0.50924975,-0.6781803,1.0871527,1.0874425,0.00028979778,0.0,0.00028979778,1.0,1.1323608,0.0,0.0
0.28274438,0.000997331,6.1517725,0.24012107,0.8235893,0.31563598,-0.2440046,-0.24393314,7.146597e-05,0.0,7.146597e-05,1.0,0.28274438,0.0,0.0
0.9577812,0.000997331,5.166322,-0.37634978,0.26549965,1.0943726,0.37525,0.37491292,-0.00033709407,0.0,-0.00033709407,1.0,2.1838114,0.0,0.0
1.4699827,0.000997331,3.1220202,-0.9756322,-0.09868328,-1.0137559,0.9777323,0.9776987,-3.361702e-05,0.0,-3.361702e-05,1.0,1.4699827,0.0,0.0
0.9244946,0.000997331,0.44851056,1.0655458,-0.8040892,0.37333053,-1.0649078,-1.0646886,0.00021922588,0.0,0.00021922588,1.0,2.217098,0.0,0.0
0.26226762,0.000997331,5.6380153,0.05088395,0.19066328,0.36172086,-0.044189207,-0.043743655,0.00044555217,0.0,0.00044555217,1.0,0.26226762,0.0,0.0
1.2796588,0.000997331,0.8508924,1.3518314,-0.4049153,-0.088871665,-1.3510594,-1.3508807,0.00017869473,0.0,0.00017869473,1.0,1.8619338,0.0,0.0
1.2534927,0.000997331,5.052565,-0.5789511,-0.19082439,1.2126129,0.58166075,0.5816058,-5.4955482e-05,0.0,-5.4955482e-05,1.0,1.2534927,0.0,0.0
1.0276994,0.000997331,3.554772,-1.1280869,-0.6803282,-0.44033432,1.1292486,1.1292828,3.4213066e-05,0.0,3.4213066e-05,1.0,1.0276994,0.0,0.0
1.1392492,0.000997331,2.333539,0.028931096,0.013623731,-1.2838686,-0.02977055,-0.0294443,0.00032624975,0.0,0.00032624975,1.0,1.1392492,0.0,0.0
0.417174,0.000997331,0.02984002,0.41697964,-0.9414998,0.39313394,-0.4151619,-0.4144358,0.0007261038,0.0,0.0007261038,1.0,2.7244186,0.0,0.0
0.85733163,0.000997331,0.5081403,1.028461,-0.8904049,0.29288247,-1.0272839,-1.0274472,-0.00016331673,0.0,-0.00016331673,1.0,2.284261,0.0,0.0
0.78566885,0.000997331,3.176094,-0.7313194,-0.73127806,-0.68309927,0.7294324,0.72945523,2.2828579e-05,0.0,2.2828579e-05,1.0,0.78566885,0.0,0.0
0.5618939,0.000997331,5.2686434,-0.1706622,-0.27225423,0.7327039,0.16590051,0.16571324,-0.0001872778,0.0,-0.0001872778,1.0,0.5618939,0.0,0.0
0.2621977,0.000997331,4.011716,-0.36550304,-1.3617691,0.030978087,0.36744565,0.36744726,1.6093254e-06,0.0,1.6093254e-06,1.0,0.2621977,0.0,0.0
0.7227761,0.000997331,4.175559,-0.9072435,1.0279496,0.23075801,0.9097918,0.9094516,-0.0003402233,0.0,-0.0003402233,1.0,2.4188166,0.0,0.0
0.7701841,0.000997331,0.7869996,0.9847734,-1.0149939,-0.0010826513,-0.9842488,-0.98422456,2.425909e-05,0.0,2.425909e-05,1.0,2.3714085,0.0,0.0
1.0723138,0.000997331,2.921146,-0.6652299,0.36291814,-1.0486836,0.66631293,0.6664388,0.00012588501,0.0,0.00012588501,1.0,2.069279,0.0,0.0
0.44863176,0.000997331,3.8653364,-0.6128856,1.2720203,-0.03754098,0.61536324,0.6154462,8.2969666e-05,0.0,8.2969666e-05,1.0,2.692961,0.0,0.0
0.3319149,0.000997331,2.0728507,0.12883832,-0.37308353,-0.441916,-0.12785953,-0.12773272,0.00012680888,0.0,0.00012680888,1.0,2.8096778,0.0,0.0
0.95960915,0.000997331,0.75414574,1.1577107,-0.81111085,0.03638374,-1.1578088,-1.1573273,0.00048148632,0.0,0.00048148632,1.0,2.1819835,0.0,0.0
0.8589596,0.000997331,3.3866553,-0.91839063,0.7915757,-0.55142826,0.91749096,0.91704464,-0.00044631958,0.0,-0.00044631958,1.0,2.282633,0.0,0.0
1.329252,0.000997331,1.2183245,1.2465051,0.30702826,-0.5762031,-1.2472234,-1.2471147,0.00010871887,0.0,0.00010871887,1.0,1.329252,0.0,0.0
0.68081564,0.000997331,5.033627,-0.39826208,0.49248576,0.7959694,0.39486367,0.3948369,-2.6762486e-05,0.0,-2.6762486e-05,1.0,2.460777,0.0,0.0
0.22362478,0.000997331,5.1775823,-0.09876813,0.43326274,0.2968418,0.099651575,0.099173896,-0.00047767907,0.0,-0.00047767907,1.0,2.9179678,0.0,0.0
1.5528829,0.000997331,3.6832154,-1.3720561,0.024707973,-0.34069592,1.3694149,1.3694593,4.4345856e-05,0.0,4.4345856e-05,1.0,1.5887097,0.0,0.0
0.039417695,0.000997331,0.41521293,0.052013673,-1.3175721,0.02062071,-0.052880052,-0.052369338,0.00051071495,0.0,0.00051071495,1.0,3.102175,0.0,0.0
1.1403502,0.000997331,0.49478108,1.231399,-0.56556857,0.36836112,-1.2323905,-1.2324331,-4.2557716e-05,0.0,-4.2557716e-05,1.0,2.0012424,0.0,0.0
0.9809852,0.000997331,2.256348,0.117065534,-0.07852209,-1.1698105,-0.116750866,-0.11658635,0.00016451627,0.0,0.00016451627,1.0,2.1606073,0.0,0.0
1.0376538,0.000997331,1.7889178,0.65416604,0.386674,-1.0275877,-0.6524457,-0.6527136,-0.00026792288,0.0,-0.00026792288,1.0,1.0376538,0.0,0.0
0.3013359,0.000997331,0.5060963,0.40347573,1.29846,0.11570465,-0.40278563,-0.40336466,-0.0005790293,0.0,-0.0005790293,1.0,0.3013359,0.0,0.0
0.9323665,0.000997331,3.227406,-0.8690512,-0.64534754,-0.7318074,0.8684573,0.86862075,0.00016343594,0.0,0.00016343594,1.0,0.9323665,0.0,0.0
0.73697263,0.000997331,4.2980537,-0.88578475,-0.9754602,0.34570253,0.88534874,0.8853667,1.7940998e-05,0.0,1.7940998e-05,1.0,0.73697263,0.0,0.0
0.89197713,0.000997331,5.0529165,-0.4736121,0.38312218,0.9941416,0.47242945,0.47231466,-0.000114798546,0.0,-0.000114798546,1.0,2.2496154,0.0,0.0
1.5695819,0.000997331,5.2984924,-0.28018132,0.00015687197,1.3873752,0.28190607,0.28180292,-0.00010314584,0.0,-0.00010314584,1.0,1.5695819,0.0,0.0
0.4847563,0.000997331,5.0876765,-0.26211384,-0.49931753,0.6041569,0.2567154,0.25669762,-1.7762184e-05,0.0,-1.7762184e-05,1.0,0.4847563,0.0,0.0
1.1445397,0.000997331,4.1762905,-1.2478257,-0.5663122,0.31792855,1.2463253,1.2466679,0.0003426075,0.0,0.0003426075,1.0,1.1445397,0.0,0.0
0.89721876,0.000997331,0.3053757,0.9804265,-0.7826328,0.5103906,-0.97985053,-0.9790206,0.0008299351,0.0,0.0008299351,1.0,2.2443738,0.0,0.0
1.0510552,0.000997331,4.8430715,-0.74772215,0.42888373,0.9743464,0.7492084,0.74922055,1.21593475e-05,0.0,1.21593475e-05,1.0,2.0905373,0.0,0.0
0.4150335,0.000997331,1.0829029,0.5450306,1.2374399,-0.16786656,-0.54453945,-0.5446607,-0.00012123585,0.0,-0.00012123585,1.0,0.4150335,0.0,0.0
1.0178738,0.000997331,5.4368196,-0.07326629,-0.04597412,1.2018471,0.07374053,0.07389158,0.00015105307,0.0,0.00015105307,1.0,1.0178738,0.0,0.0
0.16163208,0.000997331,5.695049,0.04429443,0.27192333,0.22330877,-0.035717256,-0.03529253,0.0004247278,0.0,0.0004247278,1.0,0.16163208,0.0,0.0
1.0383637,0.000997331,5.9906263,0.57648885,-0.3410501,1.0730326,-0.5736442,-0.5739967,-0.00035250187,0.0,-0.00035250187,1.0,2.103229,0.0,0.0
0.2878323,0.000997331,5.589375,0.036516234,-0.122733854,0.40048727,-0.028011288,-0.028037706,-2.6417896e-05,0.0,-2.6417896e-05,1.0,2.8537605,0.0,0.0
0.55776954,0.000997331,4.6404214,-0.56569916,-0.90730935,0.49106643,0.5651127,0.56504256,-7.015467e-05,0.0,-7.015467e-05,1.0,0.55776954,0.0,0.0
0.87047136,0.000997331,3.0924642,-0.72619903,0.61251545,-0.8014137,0.72534823,0.7249929,-0.0003553629,0.0,-0.0003553629,1.0,2.2711213,0.0,0.0
0.98813045,0.000997331,4.856739,-0.7061479,-0.4666342,0.946067,0.706292,0.706439,0.00014704466,0.0,0.00014704466,1.0,0.98813045,0.0,0.0
1.2375438,0.000997331,1.9316709,0.550272,0.19139993,-1.2178708,-0.54949284,-0.5493145,0.0001783371,0.0,0.0001783371,1.0,1.2375438,0.0,0.0
0.8809394,0.000997331,2.0301638,0.34901065,0.28839213,-1.03326,-0.34667057,-0.3468087,-0.00013813376,0.0,-0.00013813376,1.0,0.8809394,0.0,0.0
0.101410955,0.000997331,1.6356102,0.09439841,-0.9280143,-0.10715541,-0.09264681,-0.09265059,-3.784895e-06,0.0,-3.784895e-06,1.0,3.0401816,0.0,0.0
0.29237193,0.000997331,5.7186775,0.08883642,0.2960282,0.3967955,-0.08034067,-0.079861924,0.0004787445,0.0,0.0004787445,1.0,0.29237193,0.0,0.0
0.81509775,0.000997331,5.0279374,-0.46573028,-0.44064122,0.9176961,0.46524897,0.4657049,0.00045591593,0.0,0.00045591593,1.0,0.81509775,0.0,0.0
0.9263041,0.000997331,6.0517693,0.5946505,0.44955173,0.9607626,-0.59335,-0.5932889,6.109476e-05,0.0,6.109476e-05,1.0,0.9263041,0.0,0.0
0.26395842,0.000997331,2.0503426,0.11114334,-0.41032988,-0.35130113,-0.11047956,-0.11060579,-0.00012622774,0.0,-0.00012622774,1.0,2.8776343,0.0,0.0
0.38496342,0.000997331,1.905822,0.23094767,0.5702101,-0.4778499,-0.23179817,-0.23168737,0.000110805035,0.0,0.000110805035,1.0,0.38496342,0.0,0.0
0.37798968,0.000997331,4.284672,-0.4891537,1.2319734,0.18394683,0.48922557,0.48954964,0.00032407045,0.0,0.00032407045,1.0,2.763603,0.0,0.0
1.4989736,0.000997331,2.9084752,-0.7404812,0.05321866,-1.2005997,0.74269164,0.74283665,0.0001450181,0.0,0.0001450181,1.0,1.642619,0.0,0.0
0.59338075,0.000997331,0.42737725,0.7406367,-1.0979248,0.27728367,-0.7393519,-0.7393639,-1.1980534e-05,0.0,-1.1980534e-05,1.0,2.5482118,0.0,0.0
0.3964353,0.000997331,1.5835142,0.38087615,0.9106257,-0.3908592,-0.3794416,-0.37988108,-0.00043949485,0.0,-0.00043949485,1.0,0.3964353,0.0,0.0
1.0192225,0.000997331,4.2650914,-1.1367058,0.6986559,0.39944103,1.1376028,1.1375034,-9.942055e-05,0.0,-9.942055e-05,1.0,2.1223702,0.0,0.0
0.95669925,0.000997331,3.888776,-1.1553513,0.8131223,-0.04465875,1.1560645,1.1563399,0.00027537346,0.0,0.00027537346,1.0,2.1848934,0.0,0.0
0.13371828,0.000997331,5.70175,0.03793224,0.28194883,0.18512851,-0.02954454,-0.029158097,0.000386443,0.0,0.000386443,1.0,0.13371828,0.0,0.0
0.13207571,0.000997331,3.079802,-0.1235148,-0.9276215,-0.13934389,0.12447953,0.12438555,-9.3981624e-05,0.0,-9.3981624e-05,1.0,0.13207571,0.0,0.0
0.5335172,0.000997331,5.053594,-0.30881304,0.52315414,0.6489445,0.3049705,0.304708,-0.00026249886,0.0,-0.00026249886,1.0,2.6080754,0.0,0.0
0.16218811,0.000997331,0.22128719,0.19293076,-1.1792408,0.122614115,-0.19090179,-0.19079684,0.00010494888,0.0,0.00010494888,1.0,2.9794044,0.0,0.0
0.9389519,0.000997331,5.0502234,-0.49379835,-0.363022,1.0286651,0.49485418,0.49523163,0.0003774464,0.0,0.0003774464,1.0,0.9389519,0.0,0.0
0.92215866,0.000997331,2.3613741,-0.0060421135,-0.004208477,-1.1262975,0.0062676817,0.0060806684,-0.0001870133,0.0,-0.0001870133,1.0,0.92215866,0.0,0.0
0.65356207,0.000997331,0.2935808,0.75799525,0.9898412,0.4062639,-0.7583343,-0.7576271,0.0007071495,0.0,0.0007071495,1.0,0.65356207,0.0,0.0
0.7522635,0.000997331,0.20354424,0.80731535,-0.862754,0.53086066,-0.8077109,-0.8073882,0.00032269955,0.0,0.00032269955,1.0,2.3893292,0.0,0.0
0.6304682,0.000997331,1.0123773,0.8125619,-1.1129766,-0.18726498,-0.8140141,-0.81444025,-0.0004261732,0.0,-0.0004261732,1.0,2.5111244,0.0,0.0
0.3644727,0.000997331,2.2496712,0.05368974,-0.13982427,-0.50056225,-0.053696003,-0.053186007,0.00050999597,0.0,0.00050999597,1.0,2.7771199,0.0,0.0
1.066872,0.000997331,1.6482754,0.8054898,-0.44426474,-0.9409615,-0.80677223,-0.8067014,7.081032e-05,0.0,7.081032e-05,1.0,2.0747206,0.0,0.0
0.33229086,0.000997331,1.8127421,0.23830809,0.69103867,-0.39451945,-0.23847198,-0.23860335,-0.00013136864,0.0,-0.00013136864,1.0,0.33229086,0.0,0.0
0.05555855,0.000997331,0.8666782,0.07809234,1.4078872,-0.0064829513,-0.077223,-0.07698835,0.00023465604,0.0,0.00023465604,1.0,0.05555855,0.0,0.0
0.81327707,0.000997331,1.2720181,0.9084599,-0.85876995,-0.48054546,-0.9100889,-0.91007924,9.655952e-06,0.0,9.655952e-06,1.0,2.3283155,0.0,0.0
1.2126621,0.000997331,6.1500077,0.8041261,-0.30255282,1.0523624,-0.8022228,-0.80266845,-0.00044566393,0.0,-0.00044566393,1.0,1.9289305,0.0,0.0
0.43984708,0.000997331,4.777187,-0.3970951,0.84440434,0.45304984,0.39333412,0.39332765,-6.467104e-06,0.0,-6.467104e-06,1.0,2.7017455,0.0,0.0
0.9949342,0.000997331,0.30735877,1.0532207,0.6837334,0.5455003,-1.0533278,-1.0535669,-0.00023913383,0.0,-0.00023913383,1.0,0.9949342,0.0,0.0
0.5647051,0.000997331,2.1410172,0.16151036,-0.25471744,-0.7389461,-0.1591693,-0.15912023,4.9069524e-05,0.0,4.9069524e-05,1.0,2.5768876,0.0,0.0
0.47225928,0.000997331,4.6987643,-0.46088,0.9029428,0.4495773,0.45779687,0.457887,9.012222e-05,0.0,9.012222e-05,1.0,2.6693335,0.0,0.0
1.1738136,0.000997331,0.573712,1.27521,-0.534686,0.27399957,-1.2762134,-1.2764442,-0.00023078918,0.0,-0.00023078918,1.0,1.967779,0.0,0.0
0.30337074,0.000997331,2.4705064,-0.04834421,-0.15409392,-0.41979975,0.04858677,0.04838807,-0.00019869953,0.0,-0.00019869953,1.0,0.30337074,0.0,0.0
1.4918594,0.000997331,2.3337622,0.03148131,0.002462536,-1.4101417,-0.03188249,-0.032041825,-0.00015933439,0.0,-0.00015933439,1.0,1.4918594,0.0,0.0
0.9247249,0.000997331,0.52964276,1.0924897,0.8235133,0.28554088,-1.092064,-1.0923647,-0.00030064583,0.0,-0.00030064583,1.0,0.9247249,0.0,0.0
0.91188216,0.000997331,2.7290473,-0.40732476,-0.31565902,-1.0411031,0.40503383,0.40511197,7.814169e-05,0.0,7.814169e-05,1.0,0.91188216,0.0,0.0
1.4268639,0.000997331,0.3621397,1.2761667,-0.18486759,0.5749481,-1.2769613,-1.2765381,0.00042319298,0.0,0.00042319298,1.0,1.7147287,0.0,0.0
1.2078358,0.000997331,0.43753025,1.2429748,-0.47217152,0.4508193,-1.2441297,-1.2439762,0.00015342236,0.0,0.00015342236,1.0,1.9337568,0.0,0.0
0.6248228,0.000997331,0.48348102,0.7899104,1.0951746,0.24614039,-0.79142356,-0.7910532,0.00037038326,0.0,0.00037038326,1.0,0.6248228,0.0,0.0
1.4303969,0.000997331,3.267521,-1.1068671,0.15688968,-0.85704285,1.1067448,1.1067734,2.861023e-05,0.0,2.861023e-05,1.0,1.7111958,0.0,0.0
0.6091231,0.000997331,4.2584834,-0.7655336,1.0971341,0.26439166,0.7675303,0.7672736,-0.0002567172,0.0,-0.0002567172,1.0,2.5324695,0.0,0.0
1.061031,0.000997331,3.7176385,-1.2076768,-0.67409897,-0.25624323,1.2085143,1.2086926,0.00017821789,0.0,0.00017821789,1.0,1.061031,0.0,0.0
1.411084,0.000997331,1.4502729,1.0988231,0.17725763,-0.86147565,-1.0986964,-1.0987165,-2.014637e-05,0.0,-2.014637e-05,1.0,1.411084,0.0,0.0
1.4053191,0.000997331,1.3691727,1.1638991,0.19448239,-0.76891494,-1.1638666,-1.1638925,-2.5868416e-05,0.0,-2.5868416e-05,1.0,1.4053191,0.0,0.0
0.041481074,0.000997331,4.7486167,-0.03994351,0.96118695,0.04253481,0.038756467,0.038517296,-0.00023917109,0.0,-0.00023917109,1.0,3.1001115,0.0,0.0
0.2317345,0.000997331,5.3052573,-0.061907947,-0.26193464,0.31694978,0.058606975,0.058926597,0.00031962246,0.0,0.00031962246,1.0,0.2317345,0.0,0.0
0.09549395,0.000997331,1.1136551,0.1274599,1.3325753,-0.043570593,-0.12806058,-0.1278018,0.00025877357,0.0,0.00025877357,1.0,0.09549395,0.0,0.0
0.4849004,0.000997331,1.1311243,0.62041485,-1.1775517,-0.22352317,-0.6224805,-0.62287873,-0.00039821863,0.0,-0.00039821863,1.0,2.6566923,0.0,0.0
1.1154318,0.000997331,1.5209476,0.94193774,-0.4610551,-0.8520778,-0.94285405,-0.942916,-6.1929226e-05,0.0,-6.1929226e-05,1.0,2.026161,0.0,0.0
0.97455645,0.000997331,0.26533028,1.0155393,0.6891339,0.58139706,-1.0158141,-1.0162458,-0.00043177605,0.0,-0.00043177605,1.0,0.97455645,0.0,0.0
1.5067463,0.000997331,3.975127,-1.4095387,0.08998732,0.06744121,1.4064026,1.4061804,-0.00022220612,0.0,-0.00022220612,1.0,1.6348463,0.0,0.0
0.5977051,0.000997331,0.013148977,0.5700719,-0.83787847,0.5554254,-0.57124007,-0.569193,0.002047062,0.0,0.002047062,1.0,2.5438876,0.0,0.0
0.39271355,0.000997331,5.7972555,0.15956463,-0.38358843,0.5190002,-0.15037112,-0.15025763,0.000113487244,0.0,0.000113487244,1.0,2.7488792,0.0,0.0
0.89498264,0.000997331,5.319208,-0.19583926,0.15711674,1.0858591,0.19367358,0.19339095,-0.00028263032,0.0,-0.00028263032,1.0,2.24661,0.0,0.0
0.051480345,0.000997331,3.558604,-0.0679491,-1.3177928,-0.025907872,0.06686745,0.06658356,-0.00028388947,0.0,-0.00028388947,1.0,0.051480345,0.0,0.0
1.3900151,0.000997331,1.974776,0.51779807,0.09551967,-1.2913405,-0.51833,-0.5183662,-3.6239624e-05,0.0,-3.6239624e-05,1.0,1.3900151,0.0,0.0
0.62208235,0.000997331,3.1884964,-0.6094228,-0.8499449,-0.5553019,0.60724807,0.60701054,-0.00023752451,0.0,-0.00023752451,1.0,0.62208235,0.0,0.0
0.32294223,0.000997331,0.8089584,0.4486677,1.3412008,-0.010933192,-0.45024872,-0.45055318,-0.00030446053,0.0,-0.00030446053,1.0,0.32294223,0.0,0.0
0.9057986,0.000997331,3.876523,-1.1117587,-0.87073207,-0.05567282,1.1138101,1.114095,0.0002849102,0.0,0.0002849102,1.0,0.9057986,0.0,0.0
0.8671998,0.000997331,0.5630608,1.0518484,-0.8926209,0.23803201,-1.0508412,-1.0510976,-0.00025641918,0.0,-0.00025641918,1.0,2.2743928,0.0,0.0
1.3223786,0.000997331,5.0457783,-0.5990722,0.15248293,1.2341945,0.6008829,0.60073924,-0.0001436472,0.0,-0.0001436472,1.0,1.819214,0.0,0.0
0.75481427,0.000997331,5.5453815,0.046053283,-0.05006991,0.96698534,-0.046123266,-0.046131477,-8.21054e-06,0.0,-8.21054e-06,1.0,2.3867784,0.0,0.0
1.5048126,0.000997331,0.7517762,1.4103794,-0.09313872,0.047237538,-1.4101493,-1.4104683,-0.00031900406,0.0,-0.00031900406,1.0,1.63678,0.0,0.0
1.3130431,0.000997331,2.7787418,-0.56105953,-0.1486462,-1.2476003,0.56123173,0.561046,-0.00018572807,0.0,-0.00018572807,1.0,1.3130431,0.0,0.0
1.314618,0.000997331,6.0801682,0.7528744,-0.19877513,1.142318,-0.7538555,-0.7544788,-0.00062328577,0.0,-0.00062328577,1.0,1.8269746,0.0,0.0
0.281293,0.000997331,0.7959975,0.39252442,1.3590899,-0.004462702,-0.39375126,-0.39407435,-0.00032308698,0.0,-0.00032308698,1.0,0.281293,0.0,0.0
0.03822804,0.000997331,2.6646369,-0.016598942,-0.42898548,-0.05190821,0.01686187,0.016764108,-9.776279e-05,0.0,-9.776279e-05,1.0,0.03822804,0.0,0.0
0.5344303,0.000997331,4.9547896,-0.37160903,-0.62955195,0.61721164,0.36799043,0.36804834,5.7905912e-05,0.0,5.7905912e-05,1.0,0.5344303,0.0,0.0
0.6844336,0.000997331,5.652972,0.1379859,-0.17032072,0.8826523,-0.13508697,-0.13508148,5.4836273e-06,0.0,5.4836273e-06,1.0,2.457159,0.0,0.0
0.553562,0.000997331,5.8631835,0.26544186,-0.4289537,0.6956299,-0.25692618,-0.25718778,-0.0002616048,0.0,-0.0002616048,1.0,2.5880306,0.0,0.0
0.08923847,0.000997331,4.543907,-0.10274102,1.1485827,0.073094904,0.10018632,0.10034174,0.00015541911,0.0,0.00015541911,1.0,3.052354,0.0,0.0
0.82018423,0.000997331,2.2322142,0.12779103,-0.11931535,-1.0261347,-0.12624922,-0.12631714,-6.791949e-05,0.0,-6.791949e-05,1.0,2.3214085,0.0,0.0
1.5459964,0.000997331,3.6142583,-1.3451401,-0.033054862,-0.4341519,1.3431315,1.3432252,9.36985e-05,0.0,9.36985e-05,1.0,1.5459964,0.0,0.0
0.4049028,0.000997331,2.2669885,0.049447045,0.1153755,-0.55481875,-0.04975436,-0.04975129,3.0696392e-06,0.0,3.0696392e-06,1.0,0.4049028,0.0,0.0
0.6504536,0.000997331,5.320228,-0.1508736,-0.19940345,0.8419403,0.14713876,0.14700717,-0.00013159215,0.0,-0.00013159215,1.0,0.6504536,0.0,0.0
0.9390903,0.000997331,6.075091,0.62280524,0.4583582,0.9556835,-0.6214609,-0.6214473,1.3589859e-05,0.0,1.3589859e-05,1.0,0.9390903,0.0,0.0
1.3944762,0.000997331,5.542059,0.061824135,-0.010596074,1.3920472,-0.06275858,-0.062597334,0.00016124547,0.0,0.00016124547,1.0,1.7471164,0.0,0.0
1.0921899,0.000997331,0.5558057,1.2224466,-0.63441545,0.2857459,-1.2232139,-1.2233175,-0.00010359287,0.0,-0.00010359287,1.0,2.0494027,0.0,0.0
1.2477788,0.000997331,5.5993924,0.13619086,0.04554887,1.3356931,-0.13550286,-0.13555187,-4.900992e-05,0.0,-4.900992e-05,1.0,1.2477788,0.0,0.0
1.3197465,0.000997331,4.5958953,-1.0751753,0.27564344,0.8490466,1.0777812,1.0779557,0.0001745224,0.0,0.0001745224,1.0,1.8218461,0.0,0.0
0.06958405,0.000997331,2.7614248,-0.038986847,-0.55601764,-0.09066235,0.039926447,0.039903678,-2.2768974e-05,0.0,-2.2768974e-05,1.0,0.06958405,0.0,0.0
1.5142138,0.000997331,2.499338,-0.20168772,-0.011845736,-1.3982208,0.202235,0.20222858,-6.4224005e-06,0.0,-6.4224005e-06,1.0,1.5142138,0.0,0.0
0.51850057,0.000997331,2.9062939,-0.3663912,-0.6416538,-0.5972109,0.36471218,0.36478126,6.908178e-05,0.0,6.908178e-05,1.0,0.51850057,0.0,0.0
1.0444108,0.000997331,5.319293,-0.21713068,-0.12723203,1.2038661,0.2190326,0.21920085,0.00016824901,0.0,0.00016824901,1.0,1.0444108,0.0,0.0
0.6956217,0.000997331,2.1758745,0.16222544,0.1944502,-0.89129937,-0.16049442,-0.16085151,-0.00035709143,0.0,-0.00035709143,1.0,0.6956217,0.0,0.0
0.606395,0.000997331,2.9715145,-0.46507058,0.6711325,-0.6588999,0.46200982,0.46215934,0.00014951825,0.0,0.00014951825,1.0,2.5351977,0.0,0.0
0.101230696,0.000997331,2.600054,-0.03430231,0.33908582,-0.13909337,0.03290943,0.03279137,-0.0001180619,0.0,-0.0001180619,1.0,3.040362,0.0,0.0
0.37116796,0.000997331,2.01325,0.17243388,-0.44256657,-0.48265663,-0.17086732,-0.17082548,4.184246e-05,0.0,4.184246e-05,1.0,2.7704246,0.0,0.0
0.041864652,0.000997331,2.1379116,0.012734106,0.30588847,-0.057639614,-0.0137687735,-0.013973247,-0.00020447373,0.0,-0.00020447373,1.0,0.041864652,0.0,0.0
0.45685312,0.000997331,2.1415124,0.13286395,-0.2697928,-0.6089658,-0.13126513,-0.13100426,0.00026087463,0.0,0.00026087463,1.0,2.6847396,0.0,0.0
1.2176452,0.000997331,4.666636,-0.98033583,-0.3624008,0.893811,0.97995454,0.9799756,2.104044e-05,0.0,2.104044e-05,1.0,1.2176452,0.0,0.0
0.9997213,0.000997331,1.6282091,0.79144925,0.5089751,-0.888811,-0.79078215,-0.7913139,-0.00053173304,0.0,-0.00053173304,1.0,0.9997213,0.0,0.0
0.48467502,0.000997331,4.167072,-0.64049023,1.2160361,0.1576876,0.6422335,0.6421752,-5.8293343e-05,0.0,-5.8293343e-05,1.0,2.6569176,0.0,0.0
0.7601265,0.000997331,2.7733953,-0.39481473,-0.41526496,-0.89048326,0.39247203,0.3927475,0.00027546287,0.0,0.00027546287,1.0,0.7601265,0.0,0.0
0.17967255,0.000997331,0.16130179,0.20517263,1.1289799,0.1475738,-0.207822,-0.20745282,0.00036917627,0.0,0.00036917627,1.0,0.17967255,0.0,0.0
0.17391345,0.000997331,2.5112414,-0.037533,0.21485817,-0.2418107,0.035586905,0.03580832,0.00022141635,0.0,0.00022141635,1.0,2.9676793,0.0,0.0
0.4129891,0.000997331,3.4899158,-0.51439977,-1.1739421,-0.24082348,0.51380897,0.5137963,-1.2636185e-05,0.0,-1.2636185e-05,1.0,0.4129891,0.0,0.0
0.9593482,0.000997331,0.6524798,1.1477822,0.8045098,0.15338878,-1.1468492,-1.1474051,-0.0005559921,0.0,-0.0005559921,1.0,0.9593482,0.0,0.0
0.6939629,0.000997331,0.99510926,0.8849186,-1.0631502,-0.18788464,-0.88607407,-0.88640904,-0.0003349781,0.0,-0.0003349781,1.0,2.4476297,0.0,0.0
1.0589676,0.000997331,2.6125631,-0.31290027,0.17656074,-1.1929119,0.31447688,0.3147698,0.00029292703,0.0,0.00029292703,1.0,2.0826252,0.0,0.0
1.0930865,0.000997331,4.292592,-1.1732693,0.6067475,0.44867718,1.1738598,1.1737493,-0.00011050701,0.0,-0.00011050701,1.0,2.0485063,0.0,0.0
0.5918868,0.000997331,2.5753765,-0.17167754,-0.254969,-0.76961696,0.17169555,0.17165375,-4.1797757e-05,0.0,-4.1797757e-05,1.0,0.5918868,0.0,0.0
0.71320343,0.000997331,3.618961,-0.88216865,1.0182722,-0.2813198,0.88342476,0.88318515,-0.00023961067,0.0,-0.00023961067,1.0,2.4283893,0.0,0.0
1.0816106,0.000997331,2.3929644,-0.046059154,0.024731927,-1.2481481,0.046634004,0.046817295,0.00018329173,0.0,0.00018329173,1.0,2.059982,0.0,0.0
0.08719379,0.000997331,5.5575166,0.0075117853,-0.08140865,0.1250235,-0.000229761,5.008001e-05,0.000279841,0.0,0.000279841,1.0,3.0543988,0.0,0.0
1.423338,0.000997331,0.28891617,1.2300277,0.18276489,0.6661142,-1.229668,-1.2294885,0.00017952919,0.0,0.00017952919,1.0,1.423338,0.0,0.0
0.19336928,0.000997331,0.52628964,0.26282766,-1.3415459,0.07005373,-0.26536503,-0.26559508,-0.00023004413,0.0,-0.00023004413,1.0,2.9482234,0.0,0.0
1.2241331,0.000997331,2.6379209,-0.37016907,0.13413034,-1.2780437,0.37289333,0.37332278,0.00042945147,0.0,0.00042945147,1.0,1.9174595,0.0,0.0
1.2663711,0.000997331,4.025533,-1.3425643,-0.42123985,0.13278925,1.3404968,1.3407791,0.0002822876,0.0,0.0002822876,1.0,1.2663711,0.0,0.0
0.43618476,0.000997331,2.352259,0.0021636467,0.004740968,-0.59735805,-0.0019181445,-0.0019865977,-6.845314e-05,0.0,-6.845314e-05,1.0,0.43618476,0.0,0.0
0.30535397,0.000997331,3.1810973,-0.3123575,-0.9901774,-0.28846043,0.31141168,0.31122804,-0.00018364191,0.0,-0.00018364191,1.0,0.30535397,0.0,0.0
0.6465379,0.000997331,5.751428,0.21349573,-0.28373894,0.8245353,-0.208033,-0.20813501,-0.00010201335,0.0,-0.00010201335,1.0,2.4950547,0.0,0.0
1.2610766,0.000997331,4.6930885,-0.9708017,-0.31171715,0.9332628,0.9708646,0.9709387,7.408857e-05,0.0,7.408857e-05,1.0,1.2610766,0.0,0.0
1.436056,0.000997331,3.4337578,-1.2344,0.1676535,-0.66268384,1.2332151,1.2333232,0.000108122826,0.0,0.000108122826,1.0,1.7055366,0.0,0.0
0.7114662,0.000997331,2.7193844,-0.3280556,-0.38033682,-0.8626804,0.3262837,0.32647437,0.00019067526,0.0,0.00019067526,1.0,0.7114662,0.0,0.0
0.15171291,0.000997331,3.2181952,-0.16252312,1.0610063,-0.14017835,0.1637517,0.16303386,-0.00071784854,0.0,-0.00071784854,1.0,2.9898798,0.0,0.0
0.87836105,0.000997331,3.8744376,-1.0874571,0.90052736,-0.05764373,1.0888183,1.0888814,6.3061714e-05,0.0,6.3061714e-05,1.0,2.2632315,0.0,0.0
0.33555764,0.000997331,4.9956317,-0.22350194,-0.6422909,0.40836817,0.21723154,0.21757972,0.00034818053,0.0,0.00034818053,1.0,0.33555764,0.0,0.0
0.7664914,0.000997331,3.0893958,-0.65647244,0.6821599,-0.7293977,0.6551066,0.6549144,-0.00019222498,0.0,-0.00019222498,1.0,2.3751013,0.0,0.0
1.4724193,0.000997331,3.2431931,-1.0911984,0.10814359,-0.8881876,1.0916,1.0916085,8.583069e-06,0.0,8.583069e-06,1.0,1.6691734,0.0,0.0
0.6122303,0.000997331,3.7229998,-0.79628503,-1.1336414,-0.1650249,0.7987813,0.79894567,0.00016438961,0.0,0.00016438961,1.0,0.6122303,0.0,0.0
0.19487287,0.000997331,1.9527179,0.10756055,-0.5439894,-0.25130764,-0.10660404,-0.107283875,-0.0006798357,0.0,-0.0006798357,1.0,2.94672,0.0,0.0
0.5266403,0.000997331,4.7720933,-0.47152877,0.81179965,0.53247774,0.4680012,0.4680026,1.4007092e-06,0.0,1.4007092e-06,1.0,2.6149523,0.0,0.0
0.7107934,0.000997331,0.19843277,0.7682518,-0.89248264,0.51083606,-0.76881135,-0.7685245,0.00028681755,0.0,0.00028681755,1.0,2.4307992,0.0,0.0
1.2166389,0.000997331,4.9315248,-0.7119926,0.26392913,1.1202507,0.71443915,0.7143553,-8.3863735e-05,0.0,-8.3863735e-05,1.0,1.9249537,0.0,0.0
1.226801,0.000997331,1.025886,1.2930807,-0.46289268,-0.31703505,-1.2917604,-1.2914968,0.00026369095,0.0,0.00026369095,1.0,1.9147916,0.0,0.0
0.48115602,0.000997331,2.9974823,-0.39154944,-0.74946606,-0.5243621,0.3897847,0.38968158,-0.000103116035,0.0,-0.000103116035,1.0,0.48115602,0.0,0.0
0.03253017,0.000997331,2.5520554,-0.009095533,-0.27513543,-0.045517836,0.008571342,0.00838281,-0.00018853135,0.0,-0.00018853135,1.0,0.03253017,0.0,0.0
1.5037524,0.000997331,4.5241632,-1.1672251,0.07777563,0.7925505,1.1691599,1.1694005,0.00024056435,0.0,0.00024056435,1.0,1.6378404,0.0,0.0
0.48340473,0.000997331,3.741845,-0.6464331,-1.2313646,-0.12142034,0.6480528,0.6482793,0.00022649765,0.0,0.00022649765,1.0,0.48340473,0.0,0.0
0.97659504,0.000997331,5.551002,0.062464565,0.042010896,1.17049,-0.063750535,-0.06361434,0.00013619661,0.0,0.00013619661,1.0,0.97659504,0.0,0.0
0.21323296,0.000997331,3.4736552,-0.26914802,-1.242731,-0.13109705,0.26780194,0.2678617,5.9753656e-05,0.0,5.9753656e-05,1.0,0.21323296,0.0,0.0
0.71234286,0.000997331,2.893461,-0.47293982,0.548623,-0.7944073,0.47053796,0.47045255,-8.5413456e-05,0.0,-8.5413456e-05,1.0,2.4292498,0.0,0.0
1.4855834,0.000997331,4.47401,-1.2038287,0.10224806,0.73193026,1.2054253,1.2055726,0.00014734268,0.0,0.00014734268,1.0,1.6560092,0.0,0.0
0.76930326,0.000997331,4.7998457,-0.63217497,0.65403897,0.7545511,0.63028467,0.6303776,9.292364e-05,0.0,9.292364e-05,1.0,2.3722894,0.0,0.0
1.0840902,0.000997331,3.0797079,-0.82768285,0.43850088,-0.93629307,0.82746315,0.8273555,-0.00010764599,0.0,-0.00010764599,1.0,2.0575025,0.0,0.0
1.203651,0.000997331,5.2654138,-0.3039704,0.11755905,1.285629,0.3032958,0.30287784,-0.00041794777,0.0,-0.00041794777,1.0,1.9379417,0.0,0.0
1.3061497,0.000997331,6.011948,0.67172045,-0.18349178,1.1883935,-0.6729124,-0.67338085,-0.0004684329,0.0,-0.0004684329,1.0,1.8354429,0.0,0.0
0.7327785,0.000997331,5.6552076,0.14826062,0.16589609,0.93279856,-0.14949186,-0.14965028,-0.00015841424,0.0,-0.00015841424,1.0,0.7327785,0.0,0.0
1.1957543,0.000997331,2.8168912,-0.58520573,-0.23114046,-1.1790612,0.5846661,0.584538,-0.00012809038,0.0,-0.00012809038,1.0,1.1957543,0.0,0.0
0.526953,0.000997331,0.3290766,0.6384297,-1.0972092,0.31357378,-0.6381888,-0.63763237,0.00055640936,0.0,0.00055640936,1.0,2.6146398,0.0,0.0
1.0044581,0.000997331,1.0922513,1.1378113,-0.7228515,-0.36023086,-1.1379051,-1.1375484,0.0003566742,0.0,0.0003566742,1.0,2.1371346,0.0,0.0
1.077658,0.000997331,0.21748264,1.0502353,0.5644103,0.66984624,-1.0504346,-1.0512698,-0.0008351803,0.0,-0.0008351803,1.0,1.077658,0.0,0.0
1.3243823,0.000997331,4.641358,-1.0363914,-0.261692,0.89788437,1.0366336,1.0368297,0.00019609928,0.0,0.00019609928,1.0,1.3243823,0.0,0.0
0.11297915,0.000997331,5.592307,0.015210597,-0.12983051,0.1608617,-0.0075978935,-0.007406098,0.00019179564,0.0,0.00019179564,1.0,3.0286136,0.0,0.0
1.156071,0.000997331,0.79572093,1.2942724,0.5698959,-0.013229174,-1.2941449,-1.2941085,3.6358833e-05,0.0,3.6358833e-05,1.0,1.156071,0.0,0.0
1.5417315,0.000997331,3.9773889,-1.4116569,-0.04115967,0.07084661,1.4083765,1.4081972,-0.00017929077,0.0,-0.00017929077,1.0,1.5417315,0.0,0.0
0.4447018,0.000997331,1.2338578,0.5483955,-1.151026,-0.2642104,-0.55005574,-0.5502304,-0.00017464161,0.0,-0.00017464161,1.0,2.6968908,0.0,0.0
0.6434348,0.000997331,0.24231263,0.7263652,-0.96872437,0.43836355,-0.7265676,-0.7259927,0.0005749464,0.0,0.0005749464,1.0,2.498158,0.0,0.0
1.2788736,0.000997331,1.4990692,1.0238248,0.30801576,-0.8869114,-1.0237614,-1.0239611,-0.00019967556,0.0,-0.00019967556,1.0,1.2788736,0.0,0.0
1.0923216,0.000997331,4.7902894,-0.8159678,-0.42435896,0.9535779,0.8159636,0.81592906,-3.4570694e-05,0.0,-3.4570694e-05,1.0,1.0923216,0.0,0.0
0.057214685,0.000997331,3.0599997,-0.052581303,-0.91322845,-0.06146506,0.054226633,0.05407236,-0.00015427172,0.0,-0.00015427172,1.0,0.057214685,0.0,0.0
1.3037903,0.000997331,4.4383087,-1.1896968,-0.3261852,0.6668705,1.1889161,1.1891413,0.00022518635,0.0,0.00022518635,1.0,1.3037903,0.0,0.0
0.7864298,0.000997331,1.2489289,0.8952849,0.89406514,-0.44789228,-0.89561296,-0.89564073,-2.7775764e-05,0.0,-2.7775764e-05,1.0,0.7864298,0.0,0.0
0.039488032,0.000997331,3.728893,-0.054759048,-1.3861098,-0.010890617,0.053690776,0.053488486,-0.00020229071,0.0,-0.00020229071,1.0,0.039488032,0.0,0.0
1.3472576,0.000997331,1.488656,1.0519763,-0.23880517,-0.8914028,-1.0522163,-1.0521393,7.70092e-05,0.0,7.70092e-05,1.0,1.794335,0.0,0.0
1.4991812,0.000997331,4.000782,-1.4065917,-0.10092155,0.10360813,1.4034305,1.4032984,-0.0001320839,0.0,-0.0001320839,1.0,1.4991812,0.0,0.0
0.24720298,0.000997331,5.092714,-0.13632935,0.5393892,0.3171941,0.13536961,0.1348812,-0.00048841536,0.0,-0.00048841536,1.0,2.8943896,0.0,0.0
0.9655766,0.000997331,3.695179,-1.1322129,-0.7823529,-0.2671131,1.134071,1.134134,6.3061714e-05,0.0,6.3061714e-05,1.0,0.9655766,0.0,0.0
1.5145795,0.000997331,4.8010445,-0.9066182,0.050667264,1.082916,0.9091852,0.90957093,0.00038576126,0.0,0.00038576126,1.0,1.6270131,0.0,0.0
0.5458167,0.000997331,1.0034628,0.71698606,-1.1801919,-0.1585466,-0.71860534,-0.7189122,-0.0003068447,0.0,-0.0003068447,1.0,2.5957758,0.0,0.0
1.2344183,0.000997331,2.8433537,-0.62531424,0.21915682,-1.1793183,0.6276994,0.6281401,0.00044071674,0.0,0.00044071674,1.0,1.9071745,0.0,0.0
0.7643564,0.000997331,1.1133902,0.9268067,-0.9661641,-0.31508213,-0.92835164,-0.9285601,-0.00020843744,0.0,-0.00020843744,1.0,2.3772364,0.0,0.0
0.45951656,0.000997331,3.2942035,-0.50604373,1.0216725,-0.37236682,0.5060427,0.50668496,0.00064224005,0.0,0.00064224005,1.0,2.682076,0.0,0.0
0.034429025,0.000997331,1.6431295,0.03180471,-0.9241456,-0.036217384,-0.03147018,-0.030388063,0.0010821167,0.0,0.0010821167,1.0,3.1071637,0.0,0.0
0.49873918,0.000997331,6.131309,0.39997777,0.73370343,0.54750943,-0.38972473,-0.38924462,0.0004801154,0.0,0.0004801154,1.0,0.49873918,0.0,0.0
0.9948941,0.000997331,0.5785635,1.1608354,0.75358105,0.24349053,-1.1599312,-1.1602373,-0.00030612946,0.0,-0.00030612946,1.0,0.9948941,0.0,0.0
0.055589993,0.000997331,4.1994805,-0.07577868,1.3606867,0.021879114,0.07466134,0.074659914,-1.4230609e-06,0.0,-1.4230609e-06,1.0,3.0860026,0.0,0.0
0.14961395,0.000997331,2.9591732,-0.11975868,-0.792504,-0.1735347,0.12091902,0.1208684,-5.0619245e-05,0.0,-5.0619245e-05,1.0,0.14961395,0.0,0.0
1.5639217,0.000997331,2.560955,-0.28788802,0.0015381202,-1.3853548,0.2893036,0.28935713,5.352497e-05,0.0,5.352497e-05,1.0,1.5776709,0.0,0.0
1.567995,0.000997331,1.2517748,1.2631924,-0.0035393797,-0.63577604,-1.2623659,-1.2624707,-0.000104784966,0.0,-0.000104784966,1.0,1.5735977,0.0,0.0
0.032154452,0.000997331,3.9214244,-0.045476124,-1.4145331,-0.00028391182,0.045443565,0.045345854,-9.771064e-05,0.0,-9.771064e-05,1.0,0.032154452,0.0,0.0
1.5248071,0.000997331,1.6160883,0.9527563,0.044407226,-1.0429938,-0.9531522,-0.9529855,0.00016665459,0.0,0.00016665459,1.0,1.5248071,0.0,0.0
1.2028798,0.000997331,5.7669845,0.35133964,0.13592224,1.2732335,-0.35385036,-0.35377675,7.3611736e-05,0.0,7.3611736e-05,1.0,1.2028798,0.0,0.0
0.7583729,0.000997331,4.1135426,-0.9562968,1.0085138,0.18075404,0.9589172,0.95861065,-0.0003065467,0.0,-0.0003065467,1.0,2.3832197,0.0,0.0
0.7885944,0.000997331,0.04516608,0.74069023,0.7361068,0.6767473,-0.73991644,-0.73983216,8.428097e-05,0.0,8.428097e-05,1.0,0.7885944,0.0,0.0
1.4856747,0.000997331,3.3344133,-1.1690702,-0.09939434,-0.78608257,1.170027,1.1701416,0.00011456013,0.0,0.00011456013,1.0,1.4856747,0.0,0.0
0.59274876,0.000997331,1.8397341,0.39002767,-0.5794308,-0.68737924,-0.38801026,-0.38806877,-5.850196e-05,0.0,-5.850196e-05,1.0,2.5488439,0.0,0.0
0.7816738,0.000997331,2.4179904,-0.061562143,0.06257184,-0.99395883,0.062026724,0.06181766,-0.00020906329,0.0,-0.00020906329,1.0,2.3599188,0.0,0.0
0.39642066,0.000997331,3.0899277,-0.3656557,0.873164,-0.40690246,0.36364597,0.3638497,0.00020372868,0.0,0.00020372868,1.0,2.745172,0.0,0.0
1.0670383,0.000997331,1.025038,1.2032373,-0.6627071,-0.29378563,-1.2028788,-1.202334,0.00054478645,0.0,0.00054478645,1.0,2.0745544,0.0,0.0
0.028428573,0.000997331,5.343325,-0.006250562,0.21857163,0.040830057,0.012312379,0.01280556,0.00049318094,0.0,0.00049318094,1.0,3.1131642,0.0,0.0
0.2184755,0.000997331,3.1322377,-0.21484588,0.96651274,-0.22000556,0.21496381,0.21428774,-0.0006760657,0.0,-0.0006760657,1.0,2.9231172,0.0,0.0
1.3203388,0.000997331,1.1622816,1.2739687,0.32584238,-0.5043154,-1.2748649,-1.274663,0.00020194054,0.0,0.00020194054,1.0,1.3203388,0.0,0.0
0.33915055,0.000997331,4.5500712,-0.3820077,1.0833498,0.27554852,0.37969747,0.38013446,0.00043699145,0.0,0.00043699145,1.0,2.802442,0.0,0.0
1.2639872,0.000997331,4.644621,-1.0158209,-0.32285792,0.885952,1.0156252,1.0157237,9.846687e-05,0.0,9.846687e-05,1.0,1.2639872,0.0,0.0
0.63783973,0.000997331,5.264833,-0.19396044,-0.26307845,0.8185816,0.19008496,0.19000804,-7.6919794e-05,0.0,-7.6919794e-05,1.0,0.63783973,0.0,0.0
0.04366665,0.000997331,4.4286766,-0.0540431,-1.2394291,0.03027751,0.05513965,0.055150867,1.1216849e-05,0.0,1.1216849e-05,1.0,0.04366665,0.0,0.0
0.19254719,0.000997331,0.4175305,0.25252512,1.2951748,0.09699561,-0.2517241,-0.2521111,-0.00038701296,0.0,-0.00038701296,1.0,0.19254719,0.0,0.0
0.15031087,0.000997331,5.6117387,0.024180954,-0.15633366,0.21238984,-0.016026333,-0.015911685,0.00011464767,0.0,0.00011464767,1.0,2.9912817,0.0,0.0
1.4633573,0.000997331,3.6404858,-1.3486414,0.14543286,-0.3968088,1.3462296,1.3463471,0.00011754036,0.0,0.00011754036,1.0,1.6782353,0.0,0.0
1.1152719,0.000997331,1.2514856,1.134671,-0.5553383,-0.5704273,-1.1343303,-1.1343648,-3.4570694e-05,0.0,-3.4570694e-05,1.0,2.0263207,0.0,0.0
1.2023641,0.000997331,2.456352,-0.13205539,-0.051095612,-1.3126085,0.13055432,0.13070628,0.00015196204,0.0,0.00015196204,1.0,1.2023641,0.0,0.0
1.2198862,0.000997331,3.0009203,-0.79838765,-0.29294,-1.0617156,0.7992302,0.79930717,7.69496e-05,0.0,7.69496e-05,1.0,1.2198862,0.0,0.0
1.0764481,0.000997331,1.938548,0.50464803,0.2727575,-1.137985,-0.5027888,-0.502666,0.00012278557,0.0,0.00012278557,1.0,1.0764481,0.0,0.0
0.32316038,0.000997331,6.1287665,0.26609743,-0.7879807,0.36604816,-0.27164465,-0.27158195,6.2704086e-05,0.0,6.2704086e-05,1.0,2.8184323,0.0,0.0
1.5597023,0.000997331,3.8995407,-1.4134126,-0.01575719,-0.038913384,1.4099627,1.4098163,-0.00014638901,0.0,-0.00014638901,1.0,1.5597023,0.0,0.0
0.64824086,0.000997331,4.323317,-0.7880832,1.0403807,0.33074498,0.78971636,0.7894787,-0.00023764372,0.0,-0.00023764372,1.0,2.4933517,0.0,0.0
0.42953554,0.000997331,5.689698,0.11205236,-0.24449164,0.5787451,-0.10370709,-0.10359623,0.00011085719,0.0,0.00011085719,1.0,2.712057,0.0,0.0
1.34151,0.000997331,3.7747977,-1.3611901,0.31704757,-0.20886037,1.3585734,1.3587902,0.00021672249,0.0,0.00021672249,1.0,1.8000827,0.0,0.0
0.08036478,0.000997331,3.632791,-0.108705685,-1.3495114,-0.032799736,0.1076438,0.10725245,-0.0003913492,0.0,-0.0003913492,1.0,0.08036478,0.0,0.0
1.2051673,0.000997331,3.0382326,-0.83282495,-0.3194914,-1.0255091,0.8337213,0.8338734,0.00015211105,0.0,0.00015211105,1.0,1.2051673,0.0,0.0
1.3835286,0.000997331,5.708615,0.29115054,-0.055306952,1.3595879,-0.29273364,-0.29246876,0.00026488304,0.0,0.00026488304,1.0,1.758064,0.0,0.0
0.053698484,0.000997331,5.2398186,-0.019514726,0.36032167,0.07367549,0.024142623,0.024361458,0.00021883473,0.0,0.00021883473,1.0,3.0878942,0.0,0.0
0.37824667,0.000997331,2.0662997,0.14925924,-0.37503362,-0.4999729,-0.14789368,-0.14772448,0.00016920269,0.0,0.00016920269,1.0,2.763346,0.0,0.0
0.36286902,0.000997331,3.128303,-0.3502694,0.9219045,-0.3610587,0.34893513,0.34904736,0.000112235546,0.0,0.000112235546,1.0,2.7787237,0.0,0.0
0.006194818,0.000997331,0.49348733,0.008468701,-1.354763,0.0028209165,-0.010047749,-0.0100267865,2.0962209e-05,0.0,2.0962209e-05,1.0,3.135398,0.0,0.0
0.9431633,0.000997331,2.88016,-0.57272595,-0.4160655,-0.99126893,0.5704627,0.57077146,0.00030875206,0.0,0.00030875206,1.0,0.9431633,0.0,0.0
1.3811331,0.000997331,3.7782423,-1.3734181,-0.26302338,-0.20533754,1.3707337,1.3708619,0.00012814999,0.0,0.00012814999,1.0,1.3811331,0.0,0.0
0.6177674,0.000997331,4.262103,-0.77371716,-1.0882323,0.2704869,0.77468777,0.7746129,-7.4863434e-05,0.0,-7.4863434e-05,1.0,0.6177674,0.0,0.0
0.9110041,0.000997331,1.7709486,0.61694324,0.47905296,-0.9318955,-0.6153971,-0.6158091,-0.0004119873,0.0,-0.0004119873,1.0,0.9110041,0.0,0.0
0.69292045,0.000997331,6.0619345,0.48296276,-0.5805261,0.76515573,-0.47384238,-0.47471192,-0.00086954236,0.0,-0.00086954236,1.0,2.4486723,0.0,0.0
0.66056067,0.000997331,1.077315,0.8312468,-1.0694255,-0.2494922,-0.8330031,-0.8334495,-0.00044637918,0.0,-0.00044637918,1.0,2.481032,0.0,0.0
0.51820606,0.000997331,1.0040942,0.6840346,-1.1994145,-0.15174004,-0.68572354,-0.6859581,-0.00023454428,0.0,-0.00023454428,1.0,2.6233866,0.0,0.0
0.4897755,0.000997331,2.4224186,-0.043878987,0.08315871,-0.66304415,0.04312744,0.043305203,0.0001777634,0.0,0.0001777634,1.0,2.651817,0.0,0.0
0.28181416,0.000997331,5.15507,-0.13163218,-0.45536745,0.3693729,0.12505113,0.12543342,0.0003822893,0.0,0.0003822893,1.0,0.28181416,0.0,0.0
0.4683941,0.000997331,4.9275827,-0.34402844,-0.68157935,0.53809667,0.33995217,0.34001377,6.16014e-05,0.0,6.16014e-05,1.0,0.4683941,0.0,0.0
0.30321443,0.000997331,2.3540678,0.0007522125,0.0025578663,-0.42233413,-0.0011297129,-0.0012931833,-0.0001634704,0.0,-0.0001634704,1.0,0.30321443,0.0,0.0
0.16537622,0.000997331,3.1901498,-0.17257842,-1.0325525,-0.15616116,0.17268841,0.17259052,-9.788573e-05,0.0,-9.788573e-05,1.0,0.16537622,0.0,0.0
1.1298856,0.000997331,2.067983,0.363274,0.17220907,-1.2260436,-0.36221272,-0.3618043,0.00040841103,0.0,0.00040841103,1.0,1.1298856,0.0,0.0
1.2366188,0.000997331,3.399234,-1.1542289,0.40079224,-0.67231643,1.1520162,1.152163,0.00014686584,0.0,0.00014686584,1.0,1.9049739,0.0,0.0
0.6930986,0.000997331,2.5403345,-0.16556433,-0.19901456,-0.88765115,0.165409,0.16522785,-0.00018115342,0.0,-0.00018115342,1.0,0.6930986,0.0,0.0
1.3991787,0.000997331,0.6025655,1.3702357,0.23765725,0.253372,-1.3698634,-1.3697655,9.787083e-05,0.0,9.787083e-05,1.0,1.3991787,0.0,0.0
0.67845666,0.000997331,2.053865,0.26392516,0.32746363,-0.84718645,-0.262443,-0.26269498,-0.00025197864,0.0,-0.00025197864,1.0,0.67845666,0.0,0.0
1.3652395,0.000997331,5.8227577,0.4425715,0.092472285,1.3134515,-0.44518423,-0.4453727,-0.00018846989,0.0,-0.00018846989,1.0,1.3652395,0.0,0.0
0.3303716,0.000997331,2.2994,0.025888303,0.07556078,-0.45803845,-0.026446711,-0.026527714,-8.100271e-05,0.0,-8.100271e-05,1.0,0.3303716,0.0,0.0
0.44255275,0.000997331,1.3573383,0.5089489,1.0747652,-0.3280794,-0.50688016,-0.50717616,-0.00029599667,0.0,-0.00029599667,1.0,0.44255275,0.0,0.0
0.84884775,0.000997331,5.9928756,0.50409317,-0.44451958,0.93411976,-0.49774253,-0.49838126,-0.0006387234,0.0,-0.0006387234,1.0,2.2927449,0.0,0.0
0.8985774,0.000997331,0.47157946,1.0525134,-0.83790857,0.34174025,-1.0516671,-1.0516005,6.663799e-05,0.0,6.663799e-05,1.0,2.2430153,0.0,0.0
0.6431373,0.000997331,3.8701847,-0.8473821,1.1294056,-0.048282474,0.8500279,0.8497143,-0.00031363964,0.0,-0.00031363964,1.0,2.4984555,0.0,0.0
1.3636937,0.000997331,1.2192825,1.2557815,-0.26363397,-0.5815494,-1.2543097,-1.2545383,-0.00022864342,0.0,-0.00022864342,1.0,1.7778989,0.0,0.0
1.4370444,0.000997331,5.9005556,0.54992723,-0.07479419,1.2900774,-0.552256,-0.55251485,-0.00025886297,0.0,-0.00025886297,1.0,1.7045484,0.0,0.0
0.24677365,0.000997331,2.66319,-0.104568906,-0.4142484,-0.32939172,0.10538396,0.105205365,-0.00017859787,0.0,-0.00017859787,1.0,0.24677365,0.0,0.0
0.22565119,0.000997331,5.879866,0.117656276,0.51119065,0.29494053,-0.109053046,-0.10857257,0.00048047304,0.0,0.00048047304,1.0,0.22565119,0.0,0.0
0.9860665,0.000997331,1.3387818,1.0034587,-0.66379666,-0.61966014,-1.004219,-1.0043076,-8.85725e-05,0.0,-8.85725e-05,1.0,2.1555262,0.0,0.0
0.5045849,0.000997331,2.0306745,0.21838696,0.3953888,-0.6476728,-0.21868077,-0.21858439,9.638071e-05,0.0,9.638071e-05,1.0,0.5045849,0.0,0.0
1.0118529,0.000997331,2.2354963,0.14429218,-0.090486296,-1.1907657,-0.14424574,-0.14404282,0.00020292401,0.0,0.00020292401,1.0,2.1297398,0.0,0.0
0.7324263,0.000997331,0.8380021,0.94435555,1.0499992,-0.05008292,-0.9442805,-0.944996,-0.00071549416,0.0,-0.00071549416,1.0,0.7324263,0.0,0.0
0.97599196,0.000997331,5.615924,0.13821036,0.09371616,1.1633983,-0.14012024,-0.13997513,0.00014510751,0.0,0.00014510751,1.0,0.97599196,0.0,0.0
1.4916068,0.000997331,1.29788,1.2286978,-0.097376764,-0.6910216,-1.2276742,-1.2278383,-0.00016403198,0.0,-0.00016403198,1.0,1.6499858,0.0,0.0
0.61670977,0.000997331,0.14321445,0.6549925,0.9239458,0.4899748,-0.6539814,-0.6540528,-7.1406364e-05,0.0,-7.1406364e-05,1.0,0.61670977,0.0,0.0
0.5802363,0.000997331,5.3644743,-0.103067055,0.15648046,0.76723635,0.10283415,0.102732934,-0.00010121614,0.0,-0.00010121614,1.0,2.5613563,0.0,0.0
0.57469326,0.000997331,3.7123716,-0.7517175,1.1592906,-0.16419637,0.7540391,0.7540449,5.7816505e-06,0.0,5.7816505e-06,1.0,2.5668993,0.0,0.0
0.038621426,0.000997331,0.2825719,0.04784832,-1.2380347,0.026653234,-0.047099184,-0.04595587,0.001143314,0.0,0.001143314,1.0,3.1029713,0.0,0.0
1.2007594,0.000997331,2.5539064,-0.25912055,-0.10088001,-1.2928445,0.25753453,0.25750917,-2.5361776e-05,0.0,-2.5361776e-05,1.0,1.2007594,0.0,0.0
0.14552367,0.000997331,0.9595326,0.201824,1.3784761,-0.035745498,-0.20236748,-0.20213363,0.00023385882,0.0,0.00023385882,1.0,0.14552367,0.0,0.0
1.35595,0.000997331,4.991486,-0.67046386,0.14668608,1.2092558,0.67268515,0.6726745,-1.0669231e-05,0.0,-1.0669231e-05,1.0,1.7856427,0.0,0.0
0.22450289,0.000997331,3.183436,-0.23186845,-1.0143056,-0.21291755,0.23150665,0.23140937,-9.727478e-05,0.0,-9.727478e-05,1.0,0.22450289,0.0,0.0
0.033874433,0.000997331,4.873451,-0.028070563,0.82494646,0.038345493,0.028258268,0.027968336,-0.0002899319,0.0,-0.0002899319,1.0,3.1077182,0.0,0.0
0.7922282,0.000997331,4.895302,-0.5702532,-0.56405973,0.82962817,0.569345,0.5697449,0.00039988756,0.0,0.00039988756,1.0,0.7922282,0.0,0.0
0.73903257,0.000997331,2.0478415,0.28898114,-0.31749904,-0.90775263,-0.28649855,-0.2866159,-0.000117361546,0.0,-0.000117361546,1.0,2.40256,0.0,0.0
0.39758494,0.000997331,4.7677956,-0.36492065,0.86945426,0.40855122,0.36120135,0.36122757,2.6226044e-05,0.0,2.6226044e-05,1.0,2.7440076,0.0,0.0
0.9851662,0.000997331,0.5848234,1.1549842,-0.7662271,0.23495519,-1.1550627,-1.1551216,-5.888939e-05,0.0,-5.888939e-05,1.0,2.1564264,0.0,0.0
0.49207506,0.000997331,6.027858,0.3380662,-0.6274679,0.5795215,-0.33051783,-0.3310174,-0.00049957633,0.0,-0.00049957633,1.0,2.6495175,0.0,0.0
0.6990982,0.000997331,1.1427774,0.85284257,-1.0139931,-0.31827167,-0.85474026,-0.85504687,-0.0003066063,0.0,-0.0003066063,1.0,2.4424944,0.0,0.0
0.37587976,0.000997331,2.707809,-0.17849934,0.45294183,-0.48747468,0.17510855,0.17509663,-1.1920929e-05,0.0,-1.1920929e-05,1.0,2.765713,0.0,0.0
0.86929023,0.000997331,6.034254,0.55196583,-0.46689004,0.9288351,-0.545093,-0.5457866,-0.00069361925,0.0,-0.00069361925,1.0,2.2723024,0.0,0.0
1.1228609,0.000997331,4.8764296,-0.7421718,-0.3577582,1.0359561,0.7431456,0.7431339,-1.168251e-05,0.0,-1.168251e-05,1.0,1.1228609,0.0,0.0
0.20017706,0.000997331,4.4911423,-0.23758164,1.1713417,0.15106228,0.23502907,0.23553975,0.0005106777,0.0,0.0005106777,1.0,2.9414155,0.0,0.0
0.42917815,0.000997331,1.8309004,0.2950027,-0.6447531,-0.50920403,-0.2930114,-0.29304603,-3.46303e-05,0.0,-3.46303e-05,1.0,2.7124145,0.0,0.0
1.4057771,0.000997331,4.5042806,-1.1691344,-0.19558059,0.7605221,1.1694609,1.1697464,0.00028550625,0.0,0.00028550625,1.0,1.4057771,0.0,0.0
0.13009349,0.000997331,2.3197436,0.006929321,-0.050850835,-0.18317136,-0.008474018,-0.00828637,0.00018764846,0.0,0.00018764846,1.0,3.0114992,0.0,0.0
0.2044878,0.000997331,1.8111551,0.14885128,-0.7173996,-0.24512577,-0.14697243,-0.1477353,-0.00076286495,0.0,-0.00076286495,1.0,2.937105,0.0,0.0
0.9807213,0.000997331,2.6247723,-0.3118704,-0.20900962,-1.132619,0.3099363,0.30980292,-0.0001333952,0.0,-0.0001333952,1.0,0.9807213,0.0,0.0
0.19442844,0.000997331,4.1551356,-0.2663337,-1.3524406,0.062054597,0.26927805,0.26901668,-0.00026136637,0.0,-0.00026136637,1.0,0.19442844,0.0,0.0
